playlist_name,playlist_tvg_id,output_tvg_id,group,region,source,source_id,method,confidence,accuracy_status,accuracy_reason,evidence_url,quarantine
Дизель Шоу,X6147,X6147,Украинские,UA,iptv-online-primary,X6147,id,99,probable,strong exact match; no country conflict detected,,False
.sci-fi,Xsony-scifi,Xsony-scifi,Кино,,iptv-online-primary,XSCI.FI.HD.pl,name,90,unverified,mapping has not yet been cross-checked against an independent schedule,,False
Epic Drama HD,Xepik-drama,Xepik-drama,Кино,,iptv-online-primary,XEpic.Drama.HD.pl,name,90,unverified,mapping has not yet been cross-checked against an independent schedule,,False
KBC-В.О.В. HD,X39821,X39821,Кинозалы,,iptv-online-primary,X39821,id,99,probable,strong exact match; no country conflict detected,,False
KBC-Comics HD,X39800,X39800,Кинозалы,,iptv-online-primary,X39800,id,99,probable,strong exact match; no country conflict detected,,False
KBC-Elite comedy's HD,X35448,X35448,Кинозалы,,iptv-online-primary,X35448,id,99,probable,strong exact match; no country conflict detected,,False
KBC-Fantastic HD,X39795,X39795,Кинозалы,,iptv-online-primary,X39795,id,99,probable,strong exact match; no country conflict detected,,False
KBC-History HD,X39796,X39796,Кинозалы,,iptv-online-primary,X39796,id,99,probable,strong exact match; no country conflict detected,,False
KBC-Newfilm HD,X39048,X39048,Кинозалы,,iptv-online-primary,X39048,id,99,probable,strong exact match; no country conflict detected,,False
KBC-WAR HD,X42051,X42051,Кинозалы,,iptv-online-primary,X42051,id,99,probable,strong exact match; no country conflict detected,,False
KBC-Russian Комедия HD,X36168,X36168,Кинозалы,,iptv-online-primary,X36168,id,99,probable,strong exact match; no country conflict detected,,False
KBC-Видак HD,X36251,X36251,Кинозалы,,iptv-online-primary,X36251,id,99,probable,strong exact match; no country conflict detected,,False
KBC-ГАЙ Ritchie & Tarantino,X39819,X39819,Кинозалы,,iptv-online-primary,X39819,id,99,probable,strong exact match; no country conflict detected,,False
KBC-ДрамаTic HD,X36732,X36732,Кинозалы,,iptv-online-primary,X36732,id,99,probable,strong exact match; no country conflict detected,,False
KBC-Вестерн HD,X39825,X39825,Кинозалы,,iptv-online-primary,X39825,id,99,probable,strong exact match; no country conflict detected,,False
KBC-Кошмарное HD,X36277,X36277,Кинозалы,,iptv-online-primary,X36277,id,99,probable,strong exact match; no country conflict detected,,False
KBC-Страна СССР,X36506,X36506,Кинозалы,,iptv-online-primary,X36506,id,99,probable,strong exact match; no country conflict detected,,False
KBC-Animals HD,X39823,X39823,Кинозалы,,iptv-online-primary,X39823,id,99,probable,strong exact match; no country conflict detected,,False
KBC-MusKino HD,X39822,X39822,Кинозалы,,iptv-online-primary,X39822,id,99,probable,strong exact match; no country conflict detected,,False
KBC-СпортМикс HD,X35525,X35525,Кинозалы,,iptv-online-primary,X35525,id,99,probable,strong exact match; no country conflict detected,,False
KBC-ГОБЛИН HD,X42054,X42054,Кинозалы,,iptv-online-primary,X42054,id,99,probable,strong exact match; no country conflict detected,,False
KBC-Шпионское HD,X39820,X39820,Кинозалы,,iptv-online-primary,X39820,id,99,probable,strong exact match; no country conflict detected,,False
KBC-АНИМЕ HD,X42053,X42053,Кинозалы,,iptv-online-primary,X42053,id,99,probable,strong exact match; no country conflict detected,,False
KBC-Легендарное HD,X39826,X39826,Кинозалы,,iptv-online-primary,X39826,id,99,probable,strong exact match; no country conflict detected,,False
MM USSR Приключения HD,Xminimax-ussr-prikluchenija,Xminimax-ussr-prikluchenija,Кинозалы,,iptv-online-primary,Xminimax-ussr-prikluchenija,id,99,probable,strong exact match; no country conflict detected,,False
Setanta Sports 2 HD,Xsetanta-sports-plus,Xsetanta-sports-plus,Спорт,,iptv-online-primary,XSetanta Sports 2,name,90,unverified,mapping has not yet been cross-checked against an independent schedule,,False
Viju+ Sport,Xviasat-sport,Xviasat-sport,Спорт,,iptv-online-primary,Xviasat-sport,id,99,probable,strong exact match; no country conflict detected,,False
Viju+ Sport HD,Xviasat-sport,Xviasat-sport,Спорт,,iptv-online-primary,Xviasat-sport,id,99,probable,strong exact match; no country conflict detected,,False
Окко Чемпионат,Xokko-chemp,Xokko-chemp,Спорт,,iptv-online-primary,Xokko-chemp,id,99,probable,strong exact match; no country conflict detected,,False
BOX_SPORT_LIVE_1_HD,Xbox-sportcast-live1,Xbox-sportcast-live1,Спорт,,iptv-online-primary,Xbox-sportcast-live1,id,99,probable,strong exact match; no country conflict detected,,False
Sky Sport Bundesliga HD,Xsky-sport-bl1,Xsky-sport-bl1,Спорт,,iptv-online-primary,Xsky-sport-bl1,id,99,probable,strong exact match; no country conflict detected,,False
BOX SportCast Live 1 HD,Xbox-sportcast-live1,Xbox-sportcast-live1,Спорт,,iptv-online-primary,Xbox-sportcast-live1,id,99,probable,strong exact match; no country conflict detected,,False
Diema Sport HD,Xdiema-sport-1,Xdiema-sport-1,Спорт,,iptv-online-primary,Xdiema-sport-1,id,99,probable,strong exact match; no country conflict detected,,False
Диалоги о рыбалке,Xdialogi-o-rybalke,Xdialogi-o-rybalke,Познавательные,,iptv-online-primary,Xdialogi-o-rybalke,id,99,probable,strong exact match; no country conflict detected,,False
Пёс и Ко,Xpes-i-ko,Xpes-i-ko,Познавательные,,iptv-online-primary,Xpes-i-ko,id,99,probable,strong exact match; no country conflict detected,,False
Duck TV,Xducktv,Xducktv,Детские,,iptv-online-primary,XDuck.TV.HD.ro,name,90,unverified,mapping has not yet been cross-checked against an independent schedule,,False
KBC-Союзмультзал,X39798,X39798,Детские,,iptv-online-primary,X39798,id,99,probable,strong exact match; no country conflict detected,,False
KBC-Family Animation HD,X38589,X38589,Детские,,iptv-online-primary,X38589,id,99,probable,strong exact match; no country conflict detected,,False
Bridge TV hits,Xbridge-tv-dance,Xbridge-tv-dance,Музыкальные,,iptv-online-primary,Xbridge-tv-dance,id,99,probable,strong exact match; no country conflict detected,,False
Bridge TV Rock,Xbridge-tv-rock,Xbridge-tv-rock,Музыкальные,,iptv-online-primary,Xbridge-tv-rock,id,99,probable,strong exact match; no country conflict detected,,False
M1 HD,Xm1-ua,Xm1-ua,Музыкальные,,iptv-online-primary,Xm1.HD.hu,name,90,unverified,mapping has not yet been cross-checked against an independent schedule,,False
M2 HD,Xm2-ua,Xm2-ua,Музыкальные,,iptv-online-primary,Xm2.HD.hu,name,90,unverified,mapping has not yet been cross-checked against an independent schedule,,False
Bridge TV русский хит,Xbridge-tv-ruxit,Xbridge-tv-ruxit,Музыкальные,,iptv-online-primary,Xbridge-tv-ruxit,id,99,probable,strong exact match; no country conflict detected,,False
Stars.TV,Xstars-tv,Xstars-tv,Музыкальные,,iptv-online-primary,Xstars-tv,id,99,probable,strong exact match; no country conflict detected,,False
KBC-НАШ ROCK,X39824,X39824,Музыкальные,,iptv-online-primary,X39824,id,99,probable,strong exact match; no country conflict detected,,False
Vantage Dance,Xvantage-dance,Xvantage-dance,Музыкальные,,iptv-online-primary,Xvantage-dance,id,99,probable,strong exact match; no country conflict detected,,False
Vantage Rock,Xvantage-rock,Xvantage-rock,Музыкальные,,iptv-online-primary,Xvantage-rock,id,99,probable,strong exact match; no country conflict detected,,False
BTV HD,Xbtv,Xbtv,Литва,LT,iptv-online-primary,XbTV.bg,name,90,wrong,explicit XMLTV country BG conflicts with provider region LT,,True
Epic Drama,Xepik-drama,Xepik-drama,Литва,LT,iptv-online-primary,XEpic.Drama.HD.pl,name,90,wrong,explicit XMLTV country PL conflicts with provider region LT,,True
BTV,Xbtv,Xbtv,Латвия,LV,iptv-online-primary,XbTV.bg,name,90,wrong,explicit XMLTV country BG conflicts with provider region LV,,True
RTL UP HD,X76722,X76722,Германия,DE,iptv-online-primary,X76722,id,99,probable,strong exact match; no country conflict detected,,False
RTL Live HD DE,X76673,X76673,Германия,DE,iptv-online-primary,X76673,id,99,probable,strong exact match; no country conflict detected,,False
RTL Crime HD DE,X76700,X76700,Германия,DE,iptv-online-primary,X76700,id,99,probable,strong exact match; no country conflict detected,,False
RTL Passion HD,X76804,X76804,Германия,DE,iptv-online-primary,X76804,id,99,probable,strong exact match; no country conflict detected,,False
Sky Sport Bundesliga HD,Xsky-sport-bl1,Xsky-sport-bl1,Германия,DE,iptv-online-primary,Xsky-sport-bl1,id,99,probable,strong exact match; no country conflict detected,,False
SAT.1 Gold HD,X76716,X76716,Германия,DE,iptv-online-primary,X76716,id,99,probable,strong exact match; no country conflict detected,,False
Sky Sport Top Event HD,X10675,X10675,Германия,DE,iptv-online-primary,X10675,id,99,probable,strong exact match; no country conflict detected,,False
Sky Sport Mix,X10785,X10785,Германия,DE,iptv-online-primary,X10785,id,99,probable,strong exact match; no country conflict detected,,False
Sky Sport Tennis HD,X10634,X10634,Германия,DE,iptv-online-primary,X10634,id,99,probable,strong exact match; no country conflict detected,,False
ORF SPORT+,X76756,X76756,Германия,DE,iptv-online-primary,X76756,id,99,probable,strong exact match; no country conflict detected,,False
Sport 1 HD,X401577,X401577,Германия,DE,iptv-online-primary,X401577,id,99,probable,strong exact match; no country conflict detected,,False
ESports 1,XeSports1.de,XeSports1.de,Германия,DE,iptv-online-primary,XeSports1.de,id,99,probable,strong exact match; no country conflict detected,,False
Sport 1+,XSPORT1+.de,XSPORT1+.de,Германия,DE,iptv-online-primary,XSPORT1+.de,id,99,probable,strong exact match; no country conflict detected,,False
Eurosport 1 HD,X76619,X76619,Германия,DE,iptv-online-primary,X76619,id,99,probable,strong exact match; no country conflict detected,,False
Sky Crime,X10908,X10908,Германия,DE,iptv-online-primary,X10908,id,99,probable,strong exact match; no country conflict detected,,False
Sky One HD,X401732,X401732,Германия,DE,iptv-online-primary,X401732,id,99,probable,strong exact match; no country conflict detected,,False
Sky Showcase HD,X10918,X10918,Германия,DE,iptv-online-primary,X10918,id,99,probable,strong exact match; no country conflict detected,,False
Sky Nature,X10640,X10640,Германия,DE,iptv-online-primary,X10640,id,99,probable,strong exact match; no country conflict detected,,False
Sky Documentaries,X10620,X10620,Германия,DE,iptv-online-primary,X10620,id,99,probable,strong exact match; no country conflict detected,,False
Sky Krimi HD,X76663,X76663,Германия,DE,iptv-online-primary,X76663,id,99,probable,strong exact match; no country conflict detected,,False
Sky Cinema Highlights,X321554,X321554,Германия,DE,iptv-online-primary,X321554,id,99,probable,strong exact match; no country conflict detected,,False
Comedy Central HD DE,X76742,X76742,Германия,DE,iptv-online-primary,X76742,id,99,probable,strong exact match; no country conflict detected,,False
Universal TV HD DE,X76662,X76662,Германия,DE,iptv-online-primary,X76662,id,99,probable,strong exact match; no country conflict detected,,False
NOW HD,X76694,X76694,Германия,DE,iptv-online-primary,X76694,id,99,probable,strong exact match; no country conflict detected,,False
Warner TV Serie HD,X76806,X76806,Германия,DE,iptv-online-primary,X76806,id,99,probable,strong exact match; no country conflict detected,,False
Warner TV Comedy HD,X76679,X76679,Германия,DE,iptv-online-primary,X76679,id,99,probable,strong exact match; no country conflict detected,,False
Warner TV Film HD,X76645,X76645,Германия,DE,iptv-online-primary,X76645,id,99,probable,strong exact match; no country conflict detected,,False
One HD,X76738,X76738,Германия,DE,iptv-online-primary,X76738,id,99,probable,strong exact match; no country conflict detected,,False
Phoenix HD,X76649,X76649,Германия,DE,iptv-online-primary,X76649,id,99,probable,strong exact match; no country conflict detected,,False
Geo Television HD,X76800,X76800,Германия,DE,iptv-online-primary,X76800,id,99,probable,strong exact match; no country conflict detected,,False
Discovery HD DE,X76686,X76686,Германия,DE,iptv-online-primary,X76686,id,99,probable,strong exact match; no country conflict detected,,False
Kabel Eins Doku HD,X76715,X76715,Германия,DE,iptv-online-primary,X76715,id,99,probable,strong exact match; no country conflict detected,,False
TLC HD,X76699,X76699,Германия,DE,iptv-online-primary,X76699,id,99,probable,strong exact match; no country conflict detected,,False
Toggo HD,X76767,X76767,Германия,DE,iptv-online-primary,X76767,id,99,probable,strong exact match; no country conflict detected,,False
Toggo Plus HD,X76789,X76789,Германия,DE,iptv-online-primary,X76789,id,99,probable,strong exact match; no country conflict detected,,False
Cartoonito,X197540,X197540,Германия,DE,iptv-online-primary,XCartoonito.ro,name,90,wrong,explicit XMLTV country RO conflicts with provider region DE,,True
Cartoon Network DE,X76763,X76763,Германия,DE,iptv-online-primary,X76763,id,99,probable,strong exact match; no country conflict detected,,False
Disney HD DE,X76786,X76786,Германия,DE,iptv-online-primary,X76786,id,99,probable,strong exact match; no country conflict detected,,False
Jukebox,X76615,X76615,Германия,DE,iptv-online-primary,X76615,id,99,probable,strong exact match; no country conflict detected,,False
Das Erste HD,X76674,X76674,Германия,DE,iptv-online-primary,X76674,id,99,probable,strong exact match; no country conflict detected,,False
ZDFinfo HD,X76718,X76718,Германия,DE,iptv-online-primary,X76718,id,99,probable,strong exact match; no country conflict detected,,False
ZDFneo HD,X76739,X76739,Германия,DE,iptv-online-primary,X76739,id,99,probable,strong exact match; no country conflict detected,,False
SIXX HD DE,X76614,X76614,Германия,DE,iptv-online-primary,X76614,id,99,probable,strong exact match; no country conflict detected,,False
Kabel Eins classic HD,X76725,X76725,Германия,DE,iptv-online-primary,X76725,id,99,probable,strong exact match; no country conflict detected,,False
NITRO HD,X76787,X76787,Германия,DE,iptv-online-primary,X76787,id,99,probable,strong exact match; no country conflict detected,,False
Romance TV DE,X76624,X76624,Германия,DE,iptv-online-primary,X76624,id,99,probable,strong exact match; no country conflict detected,,False
3 Sat HD DE,X76682,X76682,Германия,DE,iptv-online-primary,X76682,id,99,probable,strong exact match; no country conflict detected,,False
NDR HD DE,X76748,X76748,Германия,DE,iptv-online-primary,X76748,id,99,probable,strong exact match; no country conflict detected,,False
SWR Fernsehen RP HD,X76693,X76693,Германия,DE,iptv-online-primary,X76693,id,99,probable,strong exact match; no country conflict detected,,False
HR HD DE,X76648,X76648,Германия,DE,iptv-online-primary,X76648,id,99,probable,strong exact match; no country conflict detected,,False
Bibel TV HD,X76794,X76794,Германия,DE,iptv-online-primary,X76794,id,99,probable,strong exact match; no country conflict detected,,False
Anixe HD DE,X76745,X76745,Германия,DE,iptv-online-primary,X76745,id,99,probable,strong exact match; no country conflict detected,,False
Motorvision TV DE,X76630,X76630,Германия,DE,iptv-online-primary,X76630,id,99,probable,strong exact match; no country conflict detected,,False
ORF 2 HD,X76616,X76616,Германия,DE,iptv-online-primary,X76616,id,99,probable,strong exact match; no country conflict detected,,False
ORF 3 HD,X76734,X76734,Германия,DE,iptv-online-primary,X76734,id,99,probable,strong exact match; no country conflict detected,,False
ATV DE,X76810,X76810,Германия,DE,iptv-online-primary,X76810,id,99,probable,strong exact match; no country conflict detected,,False
ATV 2 DE,X76638,X76638,Германия,DE,iptv-online-primary,X76638,id,99,probable,strong exact match; no country conflict detected,,False
KIKA HD DE,X76680,X76680,Германия,DE,iptv-online-primary,X76680,id,99,probable,strong exact match; no country conflict detected,,False
Crime + Investigation,X76667,X76667,Германия,DE,iptv-online-primary,X76667,id,99,probable,strong exact match; no country conflict detected,,False
QVC HD,X76697,X76697,Германия,DE,iptv-online-primary,X76697,id,99,probable,strong exact match; no country conflict detected,,False
QVC ZWEI HD,X76618,X76618,Германия,DE,iptv-online-primary,X76618,id,99,probable,strong exact match; no country conflict detected,,False
DF1 HD,X182674,X182674,Германия,DE,iptv-online-primary,X182674,id,99,probable,strong exact match; no country conflict detected,,False
RiC NEU,X76731,X76731,Германия,DE,iptv-online-primary,X76731,id,99,probable,strong exact match; no country conflict detected,,False
oe24.TV HD,X100304,X100304,Германия,DE,iptv-online-primary,X100304,id,99,probable,strong exact match; no country conflict detected,,False
Heimatkanal,X76675,X76675,Германия,DE,iptv-online-primary,X76675,id,99,probable,strong exact match; no country conflict detected,,False
1-2-3.tv HD,X123.tv.de,X123.tv.de,Германия,DE,iptv-online-primary,X123.tv.de,id,99,probable,strong exact match; no country conflict detected,,False
HSE Extra HD,X76737,X76737,Германия,DE,iptv-online-primary,X76737,id,99,probable,strong exact match; no country conflict detected,,False
Channel 9 HD,Xערוץ.9.שידור.חי.il,Xערוץ.9.שידור.חי.il,Израиль,IL,iptv-online-primary,Xערוץ.9.שידור.חי.il,id,99,probable,strong exact match; no country conflict detected,,False
Keshet 12 HD,X991603,X991603,Израиль,IL,iptv-online-primary,X991603,id,99,probable,strong exact match; no country conflict detected,,False
Reshet 13 HD,X991604,X991604,Израиль,IL,iptv-online-primary,X991604,id,99,probable,strong exact match; no country conflict detected,,False
now 14 HD,X991622,X991622,Израиль,IL,iptv-online-primary,X991622,id,99,probable,strong exact match; no country conflict detected,,False
Channel 24,X991612,X991612,Израиль,IL,iptv-online-primary,X991612,id,99,probable,strong exact match; no country conflict detected,,False
Kan 11 HD,X991576,X991576,Израиль,IL,iptv-online-primary,X991576,id,99,probable,strong exact match; no country conflict detected,,False
Hot Cinema 1 HD,X991584,X991584,Израиль,IL,iptv-online-primary,X991584,id,99,probable,strong exact match; no country conflict detected,,False
Hot Cinema 2 HD,X991585,X991585,Израиль,IL,iptv-online-primary,X991585,id,99,probable,strong exact match; no country conflict detected,,False
Hot Cinema 3 HD,X991586,X991586,Израиль,IL,iptv-online-primary,X991586,id,99,probable,strong exact match; no country conflict detected,,False
Hot Cinema 4 HD,X991587,X991587,Израиль,IL,iptv-online-primary,X991587,id,99,probable,strong exact match; no country conflict detected,,False
Hot 3 HD,X991599,X991599,Израиль,IL,iptv-online-primary,X991599,id,99,probable,strong exact match; no country conflict detected,,False
Hot 8 HD,Xערוץ.8.שידור.חי.il,Xערוץ.8.שידור.חי.il,Израиль,IL,iptv-online-primary,Xערוץ.8.שידור.חי.il,id,99,probable,strong exact match; no country conflict detected,,False
HOT Zone HD,X991583,X991583,Израиль,IL,iptv-online-primary,X991583,id,99,probable,strong exact match; no country conflict detected,,False
Yam Tiсhoni HD,X991600,X991600,Израиль,IL,iptv-online-primary,X991600,id,99,probable,strong exact match; no country conflict detected,,False
Hop!,X991589,X991589,Израиль,IL,iptv-online-primary,X991589,id,99,probable,strong exact match; no country conflict detected,,False
One HD,X991623,X991623,Израиль,IL,iptv-online-primary,X991623,id,99,probable,strong exact match; no country conflict detected,,False
One 2 HD,X991784,X991784,Израиль,IL,iptv-online-primary,X991784,id,99,probable,strong exact match; no country conflict detected,,False
Sport 1 HD,X991787,X991787,Израиль,IL,iptv-online-primary,X991787,id,99,probable,strong exact match; no country conflict detected,,False
Sport 2 HD,X991796,X991796,Израиль,IL,iptv-online-primary,X991796,id,99,probable,strong exact match; no country conflict detected,,False
Sport 3 HD,X991788,X991788,Израиль,IL,iptv-online-primary,X991788,id,99,probable,strong exact match; no country conflict detected,,False
Sport 4 HD,X991783,X991783,Израиль,IL,iptv-online-primary,X991783,id,99,probable,strong exact match; no country conflict detected,,False
Sport 5 HD,X991606,X991606,Израиль,IL,iptv-online-primary,X991606,id,99,probable,strong exact match; no country conflict detected,,False
Sport 5 Stars HD,X991790,X991790,Израиль,IL,iptv-online-primary,X991790,id,99,probable,strong exact match; no country conflict detected,,False
Sport 5 Plus HD,X991605,X991605,Израиль,IL,iptv-online-primary,X991605,id,99,probable,strong exact match; no country conflict detected,,False
Sport 5 Live HD,X991593,X991593,Израиль,IL,iptv-online-primary,X991593,id,99,probable,strong exact match; no country conflict detected,,False
Home+,X991573,X991573,Израиль,IL,iptv-online-primary,X991573,id,99,probable,strong exact match; no country conflict detected,,False
TVN Siedem HD,XTVN.7.HD.pl,XTVN.7.HD.pl,Польша,PL,iptv-online-primary,XTVN.7.HD.pl,id,99,probable,strong exact match; no country conflict detected,,False
TVP Rozrywka,XTVP.Rozrywka.pl,XTVP.Rozrywka.pl,Польша,PL,iptv-online-primary,XTVP.Rozrywka.pl,id,99,probable,strong exact match; no country conflict detected,,False
BBC Lifestyle HD,XBBC.Lifestyle.HD.pl,XBBC.Lifestyle.HD.pl,Польша,PL,iptv-online-primary,XBBC.Lifestyle.HD.pl,id,99,probable,strong exact match; no country conflict detected,,False
BBC Brit HD,XBBC.Brit.HD.pl,XBBC.Brit.HD.pl,Польша,PL,iptv-online-primary,XBBC.Brit.HD.pl,id,99,probable,strong exact match; no country conflict detected,,False
AMC HD PL,XAMC.HD.pl,XAMC.HD.pl,Польша,PL,iptv-online-primary,XAMC.HD.pl,id,99,probable,strong exact match; no country conflict detected,,False
Epic Drama HD,XEpic.Drama.HD.pl,XEpic.Drama.HD.pl,Польша,PL,iptv-online-primary,XEpic.Drama.HD.pl,id,99,probable,strong exact match; no country conflict detected,,False
E! Entertainment,XE!.Entertainment.HD.pl,XE!.Entertainment.HD.pl,Польша,PL,iptv-online-primary,XE!.Entertainment.HD.pl,id,99,probable,strong exact match; no country conflict detected,,False
Romance TV HD,XRomance.TV.HD.pl,XRomance.TV.HD.pl,Польша,PL,iptv-online-primary,XRomance.TV.HD.pl,id,99,probable,strong exact match; no country conflict detected,,False
WP HD,XWP.pl,XWP.pl,Польша,PL,iptv-online-primary,XWP.pl,id,99,probable,strong exact match; no country conflict detected,,False
SciFi HD,XSCI.FI.HD.pl,XSCI.FI.HD.pl,Польша,PL,iptv-online-primary,XSCI.FI.HD.pl,id,99,probable,strong exact match; no country conflict detected,,False
ID Investigation Discovery PL,XID.HD.pl,XID.HD.pl,Польша,PL,iptv-online-primary,XID.HD.pl,id,99,probable,strong exact match; no country conflict detected,,False
Golf Channel,XGolf.Channel.HD.pl,XGolf.Channel.HD.pl,Польша,PL,iptv-online-primary,XGolf.Channel.HD.pl,id,99,probable,strong exact match; no country conflict detected,,False
Zoom TV,XZOOM.TV.HD.pl,XZOOM.TV.HD.pl,Польша,PL,iptv-online-primary,XZOOM.TV.HD.pl,id,99,probable,strong exact match; no country conflict detected,,False
Polo TV,XPolo.TV.HD.pl,XPolo.TV.HD.pl,Польша,PL,iptv-online-primary,XPolo.TV.HD.pl,id,99,probable,strong exact match; no country conflict detected,,False
Puls 2 HD,XPULS.2.HD.pl,XPULS.2.HD.pl,Польша,PL,iptv-online-primary,XPULS.2.HD.pl,id,99,probable,strong exact match; no country conflict detected,,False
1 TV,X1TV_GE,X1TV_GE,Грузия,GE,iptv-online-primary,X1TV_GE,id,99,probable,strong exact match; no country conflict detected,,False
GDS TV,XGDS,XGDS,Грузия,GE,iptv-online-primary,XGDS,id,99,probable,strong exact match; no country conflict detected,,False
Adjara TV,XAdjara,XAdjara,Грузия,GE,iptv-online-primary,XAdjara,id,99,probable,strong exact match; no country conflict detected,,False
Rustavi 2,XRustavi2,XRustavi2,Грузия,GE,iptv-online-primary,XRustavi2,id,99,probable,strong exact match; no country conflict detected,,False
Comedy Arkhi,XComedyArkhi,XComedyArkhi,Грузия,GE,iptv-online-primary,XComedyArkhi,id,99,probable,strong exact match; no country conflict detected,,False
Formula,XFormula,XFormula,Грузия,GE,iptv-online-primary,XFormula,id,99,probable,strong exact match; no country conflict detected,,False
Ertsulovneba,XErtsulovneba,XErtsulovneba,Грузия,GE,iptv-online-primary,XErtsulovneba,id,99,probable,strong exact match; no country conflict detected,,False
Euronews Georgia,XEURONEWS_GE,XEURONEWS_GE,Грузия,GE,iptv-online-primary,XEURONEWS_GE,id,99,probable,strong exact match; no country conflict detected,,False
Silk Universal,XSilk_Universal,XSilk_Universal,Грузия,GE,iptv-online-primary,XSilk_Universal,id,99,probable,strong exact match; no country conflict detected,,False
Setanta Sports 2,XSetanta Sports 2,XSetanta Sports 2,Грузия,GE,iptv-online-primary,XSetanta Sports 2,id,99,probable,strong exact match; no country conflict detected,,False
bTV,XbTV.bg,XbTV.bg,Болгария,BG,iptv-online-primary,XbTV.bg,id,99,probable,strong exact match; no country conflict detected,,False
Kino Nova HD,XKinoNova.bg,XKinoNova.bg,Болгария,BG,iptv-online-primary,XKinoNova.bg,id,99,probable,strong exact match; no country conflict detected,,False
bTV Action,XbTV.Action.bg,XbTV.Action.bg,Болгария,BG,iptv-online-primary,XbTV.Action.bg,id,99,probable,strong exact match; no country conflict detected,,False
bTV Comedy,XbTV.Comedy.bg,XbTV.Comedy.bg,Болгария,BG,iptv-online-primary,XbTV.Comedy.bg,id,99,probable,strong exact match; no country conflict detected,,False
bTV Cinema,XbTV.Cinema.bg,XbTV.Cinema.bg,Болгария,BG,iptv-online-primary,XbTV.Cinema.bg,id,99,probable,strong exact match; no country conflict detected,,False
Nat Geo Wild,XNat.Geo.Wild.bg,XNat.Geo.Wild.bg,Болгария,BG,iptv-online-primary,XNat.Geo.Wild.bg,id,99,probable,strong exact match; no country conflict detected,,False
Diema Sport,XDIEMA.SPORT.bg,XDIEMA.SPORT.bg,Болгария,BG,iptv-online-primary,Xdiema-sport-1,name,90,unverified,mapping has not yet been cross-checked against an independent schedule,,False
Nickelodeon,XNickelodeon.bg,XNickelodeon.bg,Болгария,BG,iptv-online-primary,XNickelodeon.bg,id,99,probable,strong exact match; no country conflict detected,,False
Acasa Gold,XAcasa.Gold.ro,XAcasa.Gold.ro,Румыния,RO,iptv-online-primary,XAcasa.Gold.ro,id,99,probable,strong exact match; no country conflict detected,,False
Acasa HD,XAcasa.ro,XAcasa.ro,Румыния,RO,iptv-online-primary,XAcasa.ro,id,99,probable,strong exact match; no country conflict detected,,False
Alfa omega HD,XAlfa.Omega.TV.ro,XAlfa.Omega.TV.ro,Румыния,RO,iptv-online-primary,XAlfa.Omega.TV.ro,id,99,probable,strong exact match; no country conflict detected,,False
AMC,XAMC.ro,XAMC.ro,Румыния,RO,iptv-online-primary,XAMC.ro,id,99,probable,strong exact match; no country conflict detected,,False
Antena 1,XAntena.1.ro,XAntena.1.ro,Румыния,RO,iptv-online-primary,XAntena.1.ro,id,99,probable,strong exact match; no country conflict detected,,False
Antena 3 HD RO,XAntena.3.CNN.ro,XAntena.3.CNN.ro,Румыния,RO,iptv-online-primary,XAntena.3.CNN.ro,id,99,probable,strong exact match; no country conflict detected,,False
Antena 3,XAntena.3.CNN.ro,XAntena.3.CNN.ro,Румыния,RO,iptv-online-primary,XAntena.3.CNN.ro,id,99,probable,strong exact match; no country conflict detected,,False
Antena stars,XAntena.Stars.ro,XAntena.Stars.ro,Румыния,RO,iptv-online-primary,XAntena.Stars.ro,id,99,probable,strong exact match; no country conflict detected,,False
Kanal D HD RO,XKanal.D.HD.ro,XKanal.D.HD.ro,Румыния,RO,iptv-online-primary,XKanal.D.HD.ro,id,99,probable,strong exact match; no country conflict detected,,False
Kanal D,XKanal.D.ro,XKanal.D.ro,Румыния,RO,iptv-online-primary,XKanal.D.ro,id,99,probable,strong exact match; no country conflict detected,,False
Credo TV,XCredo.TV.ro,XCredo.TV.ro,Румыния,RO,iptv-online-primary,XCredo.TV.ro,id,99,probable,strong exact match; no country conflict detected,,False
Digi sport 1 HD,XDigi.Sport.1.HD.ro,XDigi.Sport.1.HD.ro,Румыния,RO,iptv-online-primary,XDigi.Sport.1.HD.ro,id,99,probable,strong exact match; no country conflict detected,,False
Digi sport 2 HD,XDigi.Sport.2.HD.ro,XDigi.Sport.2.HD.ro,Румыния,RO,iptv-online-primary,XDigi.Sport.2.HD.ro,id,99,probable,strong exact match; no country conflict detected,,False
Digi24,XDigi.24.HD.ro,XDigi.24.HD.ro,Румыния,RO,iptv-online-primary,XDigi.24.HD.ro,id,99,probable,strong exact match; no country conflict detected,,False
Discovery,XDiscovery.Channel.ro,XDiscovery.Channel.ro,Румыния,RO,iptv-online-primary,XDiscovery.Channel.ro,id,99,probable,strong exact match; no country conflict detected,,False
Disney channel,XDisney.Channel.ro,XDisney.Channel.ro,Румыния,RO,iptv-online-primary,XDisney.Channel.ro,id,99,probable,strong exact match; no country conflict detected,,False
Disney Junior,XDisney.Junior.ro,XDisney.Junior.ro,Румыния,RO,iptv-online-primary,XDisney.Junior.ro,id,99,probable,strong exact match; no country conflict detected,,False
Cartoonito,XCartoonito.ro,XCartoonito.ro,Румыния,RO,iptv-online-primary,XCartoonito.ro,id,99,probable,strong exact match; no country conflict detected,,False
Cartoon Network,XCartoon.Network.ro,XCartoon.Network.ro,Румыния,RO,iptv-online-primary,XCartoon.Network.ro,id,99,probable,strong exact match; no country conflict detected,,False
Duck,XDuck.TV.HD.ro,XDuck.TV.HD.ro,Румыния,RO,iptv-online-primary,XDuck.TV.HD.ro,id,99,probable,strong exact match; no country conflict detected,,False
E! Entertainment HD RO,XE!.Entertainment.HD.ro,XE!.Entertainment.HD.ro,Румыния,RO,iptv-online-primary,XE!.Entertainment.HD.ro,id,99,probable,strong exact match; no country conflict detected,,False
Etho,XEtno.TV.HD.ro,XEtno.TV.HD.ro,Румыния,RO,iptv-online-primary,XEtno.TV.HD.ro,id,99,probable,strong exact match; no country conflict detected,,False
Epic Drama HD,XEpic.Drama.ro,XEpic.Drama.ro,Румыния,RO,iptv-online-primary,XEpic.Drama.HD.pl,name,90,wrong,explicit XMLTV country PL conflicts with provider region RO,,True
Emi HD,XEMI.TV.HD.ro,XEMI.TV.HD.ro,Румыния,RO,iptv-online-primary,XEMI.TV.HD.ro,id,99,probable,strong exact match; no country conflict detected,,False
Eurosport HD,XEurosport.1.HD.ro,XEurosport.1.HD.ro,Румыния,RO,iptv-online-primary,XEurosport.1.HD.ro,id,99,probable,strong exact match; no country conflict detected,,False
Eurosport 2,XEurosport.1.HD.ro,XEurosport.1.HD.ro,Румыния,RO,iptv-online-primary,XEurosport.1.HD.ro,id,99,probable,strong exact match; no country conflict detected,,False
Eurosport 2 HD,XEurosport.2.HD.ro,XEurosport.2.HD.ro,Румыния,RO,iptv-online-primary,XEurosport.2.HD.ro,id,99,probable,strong exact match; no country conflict detected,,False
Sport Extra HD,XSport.Extra.ro,XSport.Extra.ro,Румыния,RO,iptv-online-primary,XSport.Extra.ro,id,99,probable,strong exact match; no country conflict detected,,False
Film Cafe,XFILM.CAFE.HD.ro,XFILM.CAFE.HD.ro,Румыния,RO,iptv-online-primary,XFILM.CAFE.HD.ro,id,99,probable,strong exact match; no country conflict detected,,False
Happy Channel,XHappy.Channel.HD.ro,XHappy.Channel.HD.ro,Румыния,RO,iptv-online-primary,XHappy.Channel.HD.ro,id,99,probable,strong exact match; no country conflict detected,,False
HBO HD,XHBO.HD.ro,XHBO.HD.ro,Румыния,RO,iptv-online-primary,XHBO.HD.ro,id,99,probable,strong exact match; no country conflict detected,,False
HBO2,XHBO.2.ro,XHBO.2.ro,Румыния,RO,iptv-online-primary,XHBO.2.ro,id,99,probable,strong exact match; no country conflict detected,,False
HBO3,XHBO.3.ro,XHBO.3.ro,Румыния,RO,iptv-online-primary,XHBO.3.ro,id,99,probable,strong exact match; no country conflict detected,,False
IDXtra HD,XID.Investigation.Discovery.HD.ro,XID.Investigation.Discovery.HD.ro,Румыния,RO,iptv-online-primary,XID.Investigation.Discovery.HD.ro,id,99,probable,strong exact match; no country conflict detected,,False
CineMax 2 RO,XCinemax.2.HD.ro,XCinemax.2.HD.ro,Румыния,RO,iptv-online-primary,XCinemax.2.HD.ro,id,99,probable,strong exact match; no country conflict detected,,False
Kiss,XKiss.TV.ro,XKiss.TV.ro,Румыния,RO,iptv-online-primary,XKiss.TV.ro,id,99,probable,strong exact match; no country conflict detected,,False
Minimax,XMinimax.ro,XMinimax.ro,Румыния,RO,iptv-online-primary,XMinimax.ro,id,99,probable,strong exact match; no country conflict detected,,False
Mooz Dance HD,XMooz.Dance.ro,XMooz.Dance.ro,Румыния,RO,iptv-online-primary,XMooz.Dance.ro,id,99,probable,strong exact match; no country conflict detected,,False
HIT Music Channel,XH!T.Music.Channel.ro,XH!T.Music.Channel.ro,Румыния,RO,iptv-online-primary,XH!T.Music.Channel.ro,id,99,probable,strong exact match; no country conflict detected,,False
Music Channel,XMusic.Channel.ro,XMusic.Channel.ro,Румыния,RO,iptv-online-primary,XMusic.Channel.ro,id,99,probable,strong exact match; no country conflict detected,,False
National Geographic,XNational.Geographic.HD.ro,XNational.Geographic.HD.ro,Румыния,RO,iptv-online-primary,XNational.Geographic.HD.ro,id,99,probable,strong exact match; no country conflict detected,,False
Nat Geo Willd HD,XNational.Geographic.Wild.HD.ro,XNational.Geographic.Wild.HD.ro,Румыния,RO,iptv-online-primary,XNational.Geographic.Wild.HD.ro,id,99,probable,strong exact match; no country conflict detected,,False
National TV,XNational.TV.ro,XNational.TV.ro,Румыния,RO,iptv-online-primary,XNational.TV.ro,id,99,probable,strong exact match; no country conflict detected,,False
National 24 Plus,XNational.24.Plus.ro,XNational.24.Plus.ro,Румыния,RO,iptv-online-primary,XNational.24.Plus.ro,id,99,probable,strong exact match; no country conflict detected,,False
Nick JR,XNick.Jr.ro,XNick.Jr.ro,Румыния,RO,iptv-online-primary,XNick.Jr.ro,id,99,probable,strong exact match; no country conflict detected,,False
Nicktoons,,XNicktoons.hu,Румыния,RO,iptv-online-primary,XNicktoons.hu,name,90,wrong,explicit XMLTV country HU conflicts with provider region RO,,True
Kontra HD,XKontra.gr,XKontra.gr,Греция,GR,iptv-online-primary,XKontra.gr,id,99,probable,strong exact match; no country conflict detected,,False
Attica,XATTICA.gr,XATTICA.gr,Греция,GR,iptv-online-primary,XATTICA.gr,id,99,probable,strong exact match; no country conflict detected,,False
Alert,XALERT.gr,XALERT.gr,Греция,GR,iptv-online-primary,XALERT.gr,id,99,probable,strong exact match; no country conflict detected,,False
HBO HU,XHBO.hu,XHBO.hu,Венгрия,HU,iptv-online-primary,XHBO.hu,id,99,probable,strong exact match; no country conflict detected,,False
HBO 2 HU,XHBO.2.hu,XHBO.2.hu,Венгрия,HU,iptv-online-primary,XHBO.2.hu,id,99,probable,strong exact match; no country conflict detected,,False
HBO 3 HU,XHBO.3.hu,XHBO.3.hu,Венгрия,HU,iptv-online-primary,XHBO.3.hu,id,99,probable,strong exact match; no country conflict detected,,False
HirTV HU,XHIR.TV.hu,XHIR.TV.hu,Венгрия,HU,iptv-online-primary,XHIR.TV.hu,id,99,probable,strong exact match; no country conflict detected,,False
History HU,XHistory.Channel.hu,XHistory.Channel.hu,Венгрия,HU,iptv-online-primary,XHistory.Channel.hu,id,99,probable,strong exact match; no country conflict detected,,False
Jocky TV HU,XJocky.TV.hu,XJocky.TV.hu,Венгрия,HU,iptv-online-primary,XJocky.TV.hu,id,99,probable,strong exact match; no country conflict detected,,False
Moziverzum HU,XMoziverzum.hu,XMoziverzum.hu,Венгрия,HU,iptv-online-primary,XMoziverzum.hu,id,99,probable,strong exact match; no country conflict detected,,False
Spektrum HU,XSpektrum.hu,XSpektrum.hu,Венгрия,HU,iptv-online-primary,XSpektrum.hu,id,99,probable,strong exact match; no country conflict detected,,False
Cool HU,XCool.TV.hu,XCool.TV.hu,Венгрия,HU,iptv-online-primary,XCool.TV.hu,id,99,probable,strong exact match; no country conflict detected,,False
Film Cafe HU,XFilm.Café.hu,XFilm.Café.hu,Венгрия,HU,iptv-online-primary,XFilm.Café.hu,id,99,probable,strong exact match; no country conflict detected,,False
RTL HU,XRTL.hu,XRTL.hu,Венгрия,HU,iptv-online-primary,XRTL.hu,id,99,probable,strong exact match; no country conflict detected,,False
Spiler TV HU,XSpíler1.TV.hu,XSpíler1.TV.hu,Венгрия,HU,iptv-online-primary,XSpíler1.TV.hu,id,99,probable,strong exact match; no country conflict detected,,False
TV2 HU,XTV2.hu,XTV2.hu,Венгрия,HU,iptv-online-primary,XTV2.hu,id,99,probable,strong exact match; no country conflict detected,,False
Viasat Nature HU,XViasat.Nature.hu,XViasat.Nature.hu,Венгрия,HU,iptv-online-primary,XViasat.Nature.hu,id,99,probable,strong exact match; no country conflict detected,,False
Minimax HU,XMinimax.hu,XMinimax.hu,Венгрия,HU,iptv-online-primary,XMinimax.hu,id,99,probable,strong exact match; no country conflict detected,,False
Nicktoons HU,XNicktoons.hu,XNicktoons.hu,Венгрия,HU,iptv-online-primary,XNicktoons.hu,id,99,probable,strong exact match; no country conflict detected,,False
Nickelodeon HU,XNickelodeon.hu,XNickelodeon.hu,Венгрия,HU,iptv-online-primary,XNickelodeon.hu,id,99,probable,strong exact match; no country conflict detected,,False
SuperTV2 HU,XSuper.TV2.hu,XSuper.TV2.hu,Венгрия,HU,iptv-online-primary,XSuper.TV2.hu,id,99,probable,strong exact match; no country conflict detected,,False
Izaura TV HU,XIzaura.TV.hu,XIzaura.TV.hu,Венгрия,HU,iptv-online-primary,XIzaura.TV.hu,id,99,probable,strong exact match; no country conflict detected,,False
Muzsika TV HU,XMuzsika.TV.hu,XMuzsika.TV.hu,Венгрия,HU,iptv-online-primary,XMuzsika.TV.hu,id,99,probable,strong exact match; no country conflict detected,,False
Sorozat+ HU,XSorozat+.hu,XSorozat+.hu,Венгрия,HU,iptv-online-primary,XSorozat+.hu,id,99,probable,strong exact match; no country conflict detected,,False
RTL GOLD HU,XRTL.GOLD.hu,XRTL.GOLD.hu,Венгрия,HU,iptv-online-primary,XRTL.GOLD.hu,id,99,probable,strong exact match; no country conflict detected,,False
RTL KETTO HU,XRTL.KETTŐ.hu,XRTL.KETTŐ.hu,Венгрия,HU,iptv-online-primary,XRTL.KETTŐ.hu,id,99,probable,strong exact match; no country conflict detected,,False
RTL HAROM HU,XRTL.HÁROM.hu,XRTL.HÁROM.hu,Венгрия,HU,iptv-online-primary,XRTL.HÁROM.hu,id,99,probable,strong exact match; no country conflict detected,,False
Cinemax2 HU,XCinemax.2.hu,XCinemax.2.hu,Венгрия,HU,iptv-online-primary,XCinemax.2.hu,id,99,probable,strong exact match; no country conflict detected,,False
Auto Motor Sport HU,XAuto.Motor.Sport.TV.hu,XAuto.Motor.Sport.TV.hu,Венгрия,HU,iptv-online-primary,XAuto.Motor.Sport.TV.hu,id,99,probable,strong exact match; no country conflict detected,,False
Slager TV HU,XSláger.TV.hu,XSláger.TV.hu,Венгрия,HU,iptv-online-primary,XSláger.TV.hu,id,99,probable,strong exact match; no country conflict detected,,False
Film Mania HU,XFilm.Mánia.hu,XFilm.Mánia.hu,Венгрия,HU,iptv-online-primary,XFilm.Mánia.hu,id,99,probable,strong exact match; no country conflict detected,,False
Viasat Explore HD HU,XViasat.Explore.hu,XViasat.Explore.hu,Венгрия,HU,iptv-online-primary,XViasat.Explore.hu,id,99,probable,strong exact match; no country conflict detected,,False
Viasat History HU,XViasat.History.hu,XViasat.History.hu,Венгрия,HU,iptv-online-primary,XViasat.History.hu,id,99,probable,strong exact match; no country conflict detected,,False
Life TV HU,XLifeTv.hu,XLifeTv.hu,Венгрия,HU,iptv-online-primary,XLifeTv.hu,id,99,probable,strong exact match; no country conflict detected,,False
Animal Planet HU,XAnimal.Planet.HD.hu,XAnimal.Planet.HD.hu,Венгрия,HU,iptv-online-primary,XAnimal.Planet.HD.hu,id,99,probable,strong exact match; no country conflict detected,,False
Discovery HU,XDiscovery.Channel.hu,XDiscovery.Channel.hu,Венгрия,HU,iptv-online-primary,XDiscovery.Channel.hu,id,99,probable,strong exact match; no country conflict detected,,False
ID Investigation Discovery HU,XID:.Investigation.Discovery.hu,XID:.Investigation.Discovery.hu,Венгрия,HU,iptv-online-primary,XID:.Investigation.Discovery.hu,id,99,probable,strong exact match; no country conflict detected,,False
Nat Geo Wild HU,XNational.Geographic.Wild.HD.hu,XNational.Geographic.Wild.HD.hu,Венгрия,HU,iptv-online-primary,XNational.Geographic.Wild.HD.hu,id,99,probable,strong exact match; no country conflict detected,,False
Dikh TV HU,XDikh.TV.hu,XDikh.TV.hu,Венгрия,HU,iptv-online-primary,XDikh.TV.hu,id,99,probable,strong exact match; no country conflict detected,,False
Spektrum Home HU,XSpektrum.Home.hu,XSpektrum.Home.hu,Венгрия,HU,iptv-online-primary,XSpektrum.Home.hu,id,99,probable,strong exact match; no country conflict detected,,False
Arena4 HU,XAréna4.hu,XAréna4.hu,Венгрия,HU,iptv-online-primary,XAréna4.hu,id,99,probable,strong exact match; no country conflict detected,,False
Cartoon Network HU,XCartoon.Network.hu,XCartoon.Network.hu,Венгрия,HU,iptv-online-primary,XCartoon.Network.hu,id,99,probable,strong exact match; no country conflict detected,,False
Duna HU,XDuna.TV.hu,XDuna.TV.hu,Венгрия,HU,iptv-online-primary,XDuna.TV.hu,id,99,probable,strong exact match; no country conflict detected,,False
M4 HU,Xm4.hu,Xm4.hu,Венгрия,HU,iptv-online-primary,Xm4.hu,id,99,probable,strong exact match; no country conflict detected,,False
Love Nature HD HU,XLove.Nature.hu,XLove.Nature.hu,Венгрия,HU,iptv-online-primary,XLove.Nature.hu,id,99,probable,strong exact match; no country conflict detected,,False
Film+ HU,XFilm+.hu,XFilm+.hu,Венгрия,HU,iptv-online-primary,XFilm+.hu,id,99,probable,strong exact match; no country conflict detected,,False
Magyar Mozi TV HU,XMagyar.Mozi.TV.hu,XMagyar.Mozi.TV.hu,Венгрия,HU,iptv-online-primary,XMagyar.Mozi.TV.hu,id,99,probable,strong exact match; no country conflict detected,,False
Mozi+ HU,XMozi+.hu,XMozi+.hu,Венгрия,HU,iptv-online-primary,XMozi+.hu,id,99,probable,strong exact match; no country conflict detected,,False
Sport 1 HU,XSport1.hu,XSport1.hu,Венгрия,HU,iptv-online-primary,XSport1.hu,id,99,probable,strong exact match; no country conflict detected,,False
Sport 2 HU,XSport2.hu,XSport2.hu,Венгрия,HU,iptv-online-primary,XSport2.hu,id,99,probable,strong exact match; no country conflict detected,,False
Spiler 2 HU,XSpíler2.TV.hu,XSpíler2.TV.hu,Венгрия,HU,iptv-online-primary,XSpíler2.TV.hu,id,99,probable,strong exact match; no country conflict detected,,False
m1 HU,Xm1.HD.hu,Xm1.HD.hu,Венгрия,HU,iptv-online-primary,Xm1.HD.hu,id,99,probable,strong exact match; no country conflict detected,,False
m2 Petofi HU,Xm2.HD.hu,Xm2.HD.hu,Венгрия,HU,iptv-online-primary,Xm2.HD.hu,id,99,probable,strong exact match; no country conflict detected,,False
MATCH4 HD HU,XMatch.4.hu,XMatch.4.hu,Венгрия,HU,iptv-online-primary,XMatch.4.hu,id,99,probable,strong exact match; no country conflict detected,,False
Eurosport HU,XEurosport.HD.hu,XEurosport.HD.hu,Венгрия,HU,iptv-online-primary,XEurosport.HD.hu,id,99,probable,strong exact match; no country conflict detected,,False
Eurosport 2 HU,XEurosport.2.HD.hu,XEurosport.2.HD.hu,Венгрия,HU,iptv-online-primary,XEurosport.2.HD.hu,id,99,probable,strong exact match; no country conflict detected,,False
Nova Sport 1 HD,X07ceb1ac6be64075dded2510c27e0c6e,X07ceb1ac6be64075dded2510c27e0c6e,SkyLink,CZ/SK,iptv-online-primary,X07ceb1ac6be64075dded2510c27e0c6e,id,99,probable,strong exact match; no country conflict detected,,False
Nova Sport 2 HD,X366a88cf3a4bab603ef6408966546e71,X366a88cf3a4bab603ef6408966546e71,SkyLink,CZ/SK,iptv-online-primary,X366a88cf3a4bab603ef6408966546e71,id,99,probable,strong exact match; no country conflict detected,,False
Nova Sport 5 HD,X7845ca0015c718657d785b311edf5079,X7845ca0015c718657d785b311edf5079,SkyLink,CZ/SK,iptv-online-primary,X7845ca0015c718657d785b311edf5079,id,99,probable,strong exact match; no country conflict detected,,False
Arena Sport 2 HD,X29310a006ce41c9fb5cca14f333849fb,X29310a006ce41c9fb5cca14f333849fb,SkyLink,CZ/SK,iptv-online-primary,X29310a006ce41c9fb5cca14f333849fb,id,99,probable,strong exact match; no country conflict detected,,False
Sport 1 HD,X18e7a585715561d4bb2606977deb20f6,X18e7a585715561d4bb2606977deb20f6,SkyLink,CZ/SK,iptv-online-primary,X18e7a585715561d4bb2606977deb20f6,id,99,probable,strong exact match; no country conflict detected,,False
JOJ Sport HD,Xeacbd3c220de39cfa7c855755d1291cf,Xeacbd3c220de39cfa7c855755d1291cf,SkyLink,CZ/SK,iptv-online-primary,Xeacbd3c220de39cfa7c855755d1291cf,id,99,probable,strong exact match; no country conflict detected,,False
CANAL+ Sport (SK),Xba551cee37d621f3a459d798ae881e5e,Xba551cee37d621f3a459d798ae881e5e,SkyLink,CZ/SK,iptv-online-primary,Xba551cee37d621f3a459d798ae881e5e,id,99,probable,strong exact match; no country conflict detected,,False
Golf Channel,Xfad8ef045fa357781cfb3163d4b45a09,Xfad8ef045fa357781cfb3163d4b45a09,SkyLink,CZ/SK,iptv-online-primary,XGolf.Channel.HD.pl,name,90,wrong,explicit XMLTV country PL conflicts with provider region CZ/SK,,True
Ketnet,XKetnet.be,XKetnet.be,BE & NL,BE/NL,iptv-online-primary,XKetnet.be,id,99,probable,strong exact match; no country conflict detected,,False
VTM 2 HD,XVTM.2.be,XVTM.2.be,BE & NL,BE/NL,iptv-online-primary,XVTM.2.be,id,99,probable,strong exact match; no country conflict detected,,False
VTM 3,XVTM.3.be,XVTM.3.be,BE & NL,BE/NL,iptv-online-primary,XVTM.3.be,id,99,probable,strong exact match; no country conflict detected,,False
VTM 4,XVTM.4.be,XVTM.4.be,BE & NL,BE/NL,iptv-online-primary,XVTM.4.be,id,99,probable,strong exact match; no country conflict detected,,False
24Kitchen,X24Kitchen.nl,X24Kitchen.nl,BE & NL,BE/NL,iptv-online-primary,X24Kitchen.nl,id,99,probable,strong exact match; no country conflict detected,,False
CANAL+ Action,XCanal+.Action.nl,XCanal+.Action.nl,BE & NL,BE/NL,iptv-online-primary,XCanal+.Action.nl,id,99,probable,strong exact match; no country conflict detected,,False
Disney Channel,XDisney.Channel.nl,XDisney.Channel.nl,BE & NL,BE/NL,iptv-online-primary,XDisney.Channel.nl,id,99,probable,strong exact match; no country conflict detected,,False
Film1 Action,XFilm1.Action.nl,XFilm1.Action.nl,BE & NL,BE/NL,iptv-online-primary,XFilm1.Action.nl,id,99,probable,strong exact match; no country conflict detected,,False
Film1 Drama,XFilm1.Drama.nl,XFilm1.Drama.nl,BE & NL,BE/NL,iptv-online-primary,XFilm1.Drama.nl,id,99,probable,strong exact match; no country conflict detected,,False
Film1 Family,XFilm1.Family.nl,XFilm1.Family.nl,BE & NL,BE/NL,iptv-online-primary,XFilm1.Family.nl,id,99,probable,strong exact match; no country conflict detected,,False
History NL,XHISTORY.nl,XHISTORY.nl,BE & NL,BE/NL,iptv-online-primary,XHISTORY.nl,id,99,probable,strong exact match; no country conflict detected,,False
Love Nature HD BNL,XLove.Nature.nl,XLove.Nature.nl,BE & NL,BE/NL,iptv-online-primary,XLove.Nature.nl,id,99,probable,strong exact match; no country conflict detected,,False
NPO1 HD,XNPO.1.nl,XNPO.1.nl,BE & NL,BE/NL,iptv-online-primary,XNPO.1.nl,id,99,probable,strong exact match; no country conflict detected,,False
NPO2 HD,XNPO.2.nl,XNPO.2.nl,BE & NL,BE/NL,iptv-online-primary,XNPO.2.nl,id,99,probable,strong exact match; no country conflict detected,,False
NPO3 HD,XNPO.3.nl,XNPO.3.nl,BE & NL,BE/NL,iptv-online-primary,XNPO.3.nl,id,99,probable,strong exact match; no country conflict detected,,False
National Geographic Wild,XNational.Geographic.nl,XNational.Geographic.nl,BE & NL,BE/NL,iptv-online-primary,XNational.Geographic.nl,id,99,probable,strong exact match; no country conflict detected,,False
ONS,XONS.nl,XONS.nl,BE & NL,BE/NL,iptv-online-primary,XONS.nl,id,99,probable,strong exact match; no country conflict detected,,False
Omroep Brabant Televisie,XOmroep.Brabant.nl,XOmroep.Brabant.nl,BE & NL,BE/NL,iptv-online-primary,XOmroep.Brabant.nl,id,99,probable,strong exact match; no country conflict detected,,False
Omrop Fryslan Televisie,XOmrop.Fryslân.nl,XOmrop.Fryslân.nl,BE & NL,BE/NL,iptv-online-primary,XOmrop.Fryslân.nl,id,99,probable,strong exact match; no country conflict detected,,False
RTL Z,XRTL.Z.nl,XRTL.Z.nl,BE & NL,BE/NL,iptv-online-primary,XRTL.Z.nl,id,99,probable,strong exact match; no country conflict detected,,False
RTL4 HD,XRTL.4.nl,XRTL.4.nl,BE & NL,BE/NL,iptv-online-primary,XRTL.4.nl,id,99,probable,strong exact match; no country conflict detected,,False
RTL5 HD,XRTL.5.nl,XRTL.5.nl,BE & NL,BE/NL,iptv-online-primary,XRTL.5.nl,id,99,probable,strong exact match; no country conflict detected,,False
RTL7 HD,XRTL.7.nl,XRTL.7.nl,BE & NL,BE/NL,iptv-online-primary,XRTL.7.nl,id,99,probable,strong exact match; no country conflict detected,,False
RTL8 HD,XRTL.8.nl,XRTL.8.nl,BE & NL,BE/NL,iptv-online-primary,XRTL.8.nl,id,99,probable,strong exact match; no country conflict detected,,False
Star Channel,XSTAR.Channel.nl,XSTAR.Channel.nl,BE & NL,BE/NL,iptv-online-primary,XSTAR.Channel.nl,id,99,probable,strong exact match; no country conflict detected,,False
VRT 1,XVRT.1.nl,XVRT.1.nl,BE & NL,BE/NL,iptv-online-primary,XVRT.1.nl,id,99,probable,strong exact match; no country conflict detected,,False
Viaplay TV,XViaplay.TV.nl,XViaplay.TV.nl,BE & NL,BE/NL,iptv-online-primary,XViaplay.TV.nl,id,99,probable,strong exact match; no country conflict detected,,False
ESPN 2 HD,XESPN.2.nl,XESPN.2.nl,BE & NL,BE/NL,iptv-online-primary,XESPN.2.nl,id,99,probable,strong exact match; no country conflict detected,,False
ESPN 4 HD,XESPN.4.nl,XESPN.4.nl,BE & NL,BE/NL,iptv-online-primary,XESPN.4.nl,id,99,probable,strong exact match; no country conflict detected,,False
Ziggo Sport 2,XZiggo.Sport.2.nl,XZiggo.Sport.2.nl,BE & NL,BE/NL,iptv-online-primary,XZiggo.Sport.2.nl,id,99,probable,strong exact match; no country conflict detected,,False
Ziggo Sport 6,XZiggo.Sport.6.nl,XZiggo.Sport.6.nl,BE & NL,BE/NL,iptv-online-primary,XZiggo.Sport.6.nl,id,99,probable,strong exact match; no country conflict detected,,False
Comedy Central HD,,X76742,UK,GB,iptv-online-primary,X76742,name,90,unverified,mapping has not yet been cross-checked against an independent schedule,,False
Crime Investigation HD,,X76667,UK,GB,iptv-online-primary,X76667,name,90,unverified,mapping has not yet been cross-checked against an independent schedule,,False
KBC+100500 (18+),X42052,X42052,Для взрослых,,iptv-online-primary,X42052,id,99,probable,strong exact match; no country conflict detected,,False
Сонце,Xsonce-ua,Xsonce-ua,Украинские,UA,iptvx-noarch,sonce-ua,name,90,unverified,mapping has not yet been cross-checked against an independent schedule,,False
ТРК Київ,Xkyiv-ua,Xkyiv-ua,Украинские,UA,iptvx-noarch,kyiv-ua,name,90,unverified,mapping has not yet been cross-checked against an independent schedule,,False
Караван ТВ,Xkaravan-tv,Xkaravan-tv,Украинские,UA,iptvx-noarch,karavan-tv,name,90,unverified,mapping has not yet been cross-checked against an independent schedule,,False
Сонце+,,sonce-ua,Украинские,UA,iptvx-noarch,sonce-ua,name,90,unverified,mapping has not yet been cross-checked against an independent schedule,,False
BOX Relax 4K,Xbox-relax,Xbox-relax,Кино 4K,,iptvx-noarch,box-relax,name,90,unverified,mapping has not yet been cross-checked against an independent schedule,,False
Fon Music,Xtnt-music,Xtnt-music,Музыкальные,,iptvx-noarch,tnt-music,name,90,unverified,mapping has not yet been cross-checked against an independent schedule,,False
Now Rock,,now-rock,Музыкальные,,iptvx-noarch,now-rock,name,90,unverified,mapping has not yet been cross-checked against an independent schedule,,False
Viju+ Megahit HD,Xvip-megahit,Xvip-megahit,Кино,,runigma-iptv,vip-megahit,name,90,unverified,mapping has not yet been cross-checked against an independent schedule,,False
Viju+ Premiere HD,Xvip-premiere,Xvip-premiere,Кино,,runigma-iptv,vip-premiere,name,90,unverified,mapping has not yet been cross-checked against an independent schedule,,False
Amedia Hit,Xamedia-hit,Xamedia-hit,Кино,,runigma-iptv,amedia-Hit,name,90,unverified,mapping has not yet been cross-checked against an independent schedule,,False
BCU Comedy HD,Xbcu-comedy,Xbcu-comedy,Кинозалы,,runigma-iptv,bcu-comedy-HD,name,90,unverified,mapping has not yet been cross-checked against an independent schedule,,False
BCU Fantastic HD,Xbcu-fantastic,Xbcu-fantastic,Кинозалы,,runigma-iptv,bcu-fantastic-HD,name,90,unverified,mapping has not yet been cross-checked against an independent schedule,,False
BCU Kinorating HD,Xbcu-kinorating,Xbcu-kinorating,Кинозалы,,runigma-iptv,bcu-Kinorating-HD,name,90,unverified,mapping has not yet been cross-checked against an independent schedule,,False
BCU VHS HD,Xbcu-vhs,Xbcu-vhs,Кинозалы,,runigma-iptv,bcu-VHS-HD,name,90,unverified,mapping has not yet been cross-checked against an independent schedule,,False
BCU Fantastic HDR,,bcu-fantastic-HD,Кинозалы,,runigma-iptv,bcu-fantastic-HD,name,90,unverified,mapping has not yet been cross-checked against an independent schedule,,False
YOSSO TV Grand,Xyosso-grand,Xyosso-grand,Кинозалы,,runigma-iptv,yosso-tv-grand,name,90,unverified,mapping has not yet been cross-checked against an independent schedule,,False
YOSSO TV VHS,Xyosso-vhs,Xyosso-vhs,Кинозалы,,runigma-iptv,yosso-tv-vhs,name,90,unverified,mapping has not yet been cross-checked against an independent schedule,,False
YOSSO TV BEST,Xyosso-best,Xyosso-best,Кинозалы,,runigma-iptv,yosso-tv-best,name,90,unverified,mapping has not yet been cross-checked against an independent schedule,,False
YOSSO TV Adrenaline,Xyosso-adventure,Xyosso-adventure,Кинозалы,,runigma-iptv,yosso-tv-adrenaline,name,90,unverified,mapping has not yet been cross-checked against an independent schedule,,False
YOSSO TV Adventure,Xyosso-adventure,Xyosso-adventure,Кинозалы,,runigma-iptv,yosso-tv-adventure,name,90,unverified,mapping has not yet been cross-checked against an independent schedule,,False
YOSSO TV OBLIVION,Xyosso-oblivion,Xyosso-oblivion,Кинозалы,,runigma-iptv,yosso-tv-oblivion,name,90,unverified,mapping has not yet been cross-checked against an independent schedule,,False
BOX Franchise HD,Xbox-franchise,Xbox-franchise,Кинозалы,,runigma-iptv,box-franchise-hd,name,90,unverified,mapping has not yet been cross-checked against an independent schedule,,False
BOX Ghost HD,Xbox-ghost,Xbox-ghost,Кинозалы,,runigma-iptv,box-ghost-hd,name,90,unverified,mapping has not yet been cross-checked against an independent schedule,,False
BOX Fantasy HD,Xbox-fantasy,Xbox-fantasy,Кинозалы,,runigma-iptv,box-fantasy-hd,name,90,unverified,mapping has not yet been cross-checked against an independent schedule,,False
BOX Mayday HD,Xbox-myday,Xbox-myday,Кинозалы,,runigma-iptv,box-mayday-hd,name,90,unverified,mapping has not yet been cross-checked against an independent schedule,,False
TVPlay Латинские сериалы ретро,,tvplay-latserialretro,Кинозалы,,runigma-iptv,tvplay-latserialretro,alias,100,verified,researched exact alias,,False
CPS Drama,,cps-drama,Кинозалы,,runigma-iptv,cps-drama,alias,100,verified,researched exact alias,,False
CPS Comedy,,cps-comedy,Кинозалы,,runigma-iptv,cps-comedy,alias,100,verified,researched exact alias,,False
CPS Action,,cps-action,Кинозалы,,runigma-iptv,cps-action,alias,100,verified,researched exact alias,,False
CPS Mix,,cps-mix,Кинозалы,,runigma-iptv,cps-mix,alias,100,verified,researched exact alias,,False
CPS Fiction,,cps-fiction,Кинозалы,,runigma-iptv,cps-fiction,alias,100,verified,researched exact alias,,False
CPS Anime,,cps-anime,Кинозалы,,runigma-iptv,cps-anime,alias,100,verified,researched exact alias,,False
CPS Fresh,,cps-fresh,Кинозалы,,runigma-iptv,cps-fresh,alias,100,verified,researched exact alias,,False
CPS Detective,,cps-detective,Кинозалы,,runigma-iptv,cps-detective,alias,100,verified,researched exact alias,,False
CPS Fresh UA,,cps-fresh-ua,Кинозалы UA,,runigma-iptv,cps-fresh-ua,alias,100,verified,researched exact alias,,False
BOX Remast 4K,Xbox-remast-4k,Xbox-remast-4k,Кино 4K,,runigma-iptv,box-remast-4k,name,90,unverified,mapping has not yet been cross-checked against an independent schedule,,False
YOSSO TV Kids,Xyosso-kids,Xyosso-kids,Детские,,runigma-iptv,yosso-tv-kids,name,90,unverified,mapping has not yet been cross-checked against an independent schedule,,False
YOSSO TV Music Hits,Xyosso-musichits,Xyosso-musichits,Музыкальные,,runigma-iptv,yosso-tv-music-hits,name,90,unverified,mapping has not yet been cross-checked against an independent schedule,,False
BOX Music 4K,Xbox-music-4k,Xbox-music-4k,Музыкальные,,runigma-iptv,box-music-4k,name,90,unverified,mapping has not yet been cross-checked against an independent schedule,,False
YOSSO TV SEXY,Xyosso-sexy,Xyosso-sexy,Для взрослых,,runigma-iptv,yosso-tv-sexy,name,90,unverified,mapping has not yet been cross-checked against an independent schedule,,False
Первый канал +2,Xpervy-pl2,Xpervy-pl2,Россия,RU,openbox-tsd,perviy-plus-2,name,90,unverified,mapping has not yet been cross-checked against an independent schedule,,False
Первый HD +4,Xpervy-pl4,Xpervy-pl4,Россия,RU,openbox-tsd,perviy-plus-4,name,90,unverified,mapping has not yet been cross-checked against an independent schedule,,False
Первый канал +4,Xpervy-pl4,Xpervy-pl4,Россия,RU,openbox-tsd,perviy-plus-4,name,90,unverified,mapping has not yet been cross-checked against an independent schedule,,False
Первый канал +6,Xpervy-pl6,Xpervy-pl6,Россия,RU,openbox-tsd,perviy-plus-6,name,90,unverified,mapping has not yet been cross-checked against an independent schedule,,False
Россия 1 HD,Xrossia1,Xrossia1,Россия,RU,openbox-tsd,rossiya-1,name,90,unverified,mapping has not yet been cross-checked against an independent schedule,,False
Россия 1,Xrossia1,Xrossia1,Россия,RU,openbox-tsd,rossiya-1,name,90,unverified,mapping has not yet been cross-checked against an independent schedule,,False
Россия 1 +2 HD,Xrossia1-pl2,Xrossia1-pl2,Россия,RU,openbox-tsd,rossiya-1-plus-2,name,90,unverified,mapping has not yet been cross-checked against an independent schedule,,False
Россия 1 +2,Xrossia1-pl2,Xrossia1-pl2,Россия,RU,openbox-tsd,rossiya-1-plus-2,name,90,unverified,mapping has not yet been cross-checked against an independent schedule,,False
Россия 1 +4 HD,Xrossia1-pl4,Xrossia1-pl4,Россия,RU,openbox-tsd,rossiya-1-plus-4,name,90,unverified,mapping has not yet been cross-checked against an independent schedule,,False
Россия 1 +4,Xrossia1-pl4,Xrossia1-pl4,Россия,RU,openbox-tsd,rossiya-1-plus-4,name,90,unverified,mapping has not yet been cross-checked against an independent schedule,,False
Россия 1 +6 HD,Xrossia1-pl6,Xrossia1-pl6,Россия,RU,openbox-tsd,rossiya-1-plus-6,name,90,unverified,mapping has not yet been cross-checked against an independent schedule,,False
Россия 1 +6,Xrossia1-pl6,Xrossia1-pl6,Россия,RU,openbox-tsd,rossiya-1-plus-6,name,90,unverified,mapping has not yet been cross-checked against an independent schedule,,False
Россия 1 +9 HD,Xrossia1-pl9,Xrossia1-pl9,Россия,RU,openbox-tsd,rossiya-1-plus-9,name,90,unverified,mapping has not yet been cross-checked against an independent schedule,,False
ТНТ,Xtnt,Xtnt,Россия,RU,openbox-tsd,tnt,name,90,unverified,mapping has not yet been cross-checked against an independent schedule,,False
ТНТ HD,Xtnt,Xtnt,Россия,RU,openbox-tsd,tnt,name,90,unverified,mapping has not yet been cross-checked against an independent schedule,,False
ТНТ +2,Xtnt-pl2,Xtnt-pl2,Россия,RU,openbox-tsd,tnt-plus-2,name,90,unverified,mapping has not yet been cross-checked against an independent schedule,,False
ТНТ +4,Xtnt-pl4,Xtnt-pl4,Россия,RU,openbox-tsd,tnt-plus-4,name,90,unverified,mapping has not yet been cross-checked against an independent schedule,,False
ТНТ +7,Xtnt-pl7,Xtnt-pl7,Россия,RU,openbox-tsd,tnt-plus-7,name,90,unverified,mapping has not yet been cross-checked against an independent schedule,,False
ТНТ4,Xtnt4,Xtnt4,Россия,RU,openbox-tsd,tnt4,name,90,unverified,mapping has not yet been cross-checked against an independent schedule,,False
ТНТ4 HD,Xtnt4,Xtnt4,Россия,RU,openbox-tsd,tnt4,name,90,unverified,mapping has not yet been cross-checked against an independent schedule,,False
ТНТ4 +2,Xtnt4-pl2,Xtnt4-pl2,Россия,RU,openbox-tsd,tnt4-plus-2,name,90,unverified,mapping has not yet been cross-checked against an independent schedule,,False
ТНТ4 +7,Xtnt4-pl7,Xtnt4-pl7,Россия,RU,openbox-tsd,tnt4-plus-7,name,90,unverified,mapping has not yet been cross-checked against an independent schedule,,False
ТНТ4 +4,Xtnt4-pl4,Xtnt4-pl4,Россия,RU,openbox-tsd,tnt4-plus-4,name,90,unverified,mapping has not yet been cross-checked against an independent schedule,,False
НТВ,Xntv,Xntv,Россия,RU,openbox-tsd,ntv,name,90,unverified,mapping has not yet been cross-checked against an independent schedule,,False
НТВ HD,Xntv,Xntv,Россия,RU,openbox-tsd,ntv,name,90,unverified,mapping has not yet been cross-checked against an independent schedule,,False
НТВ +2,Xntv-pl2,Xntv-pl2,Россия,RU,openbox-tsd,ntv-plus-2,name,90,unverified,mapping has not yet been cross-checked against an independent schedule,,False
НТВ +4,Xntv-pl4,Xntv-pl4,Россия,RU,openbox-tsd,ntv-plus-4,name,90,unverified,mapping has not yet been cross-checked against an independent schedule,,False
НТВ +7,Xntv-pl7,Xntv-pl7,Россия,RU,openbox-tsd,ntv-plus-7,name,90,unverified,mapping has not yet been cross-checked against an independent schedule,,False
НТВ Стиль,Xntv-style,Xntv-style,Россия,RU,openbox-tsd,ntv-stil,name,90,unverified,mapping has not yet been cross-checked against an independent schedule,,False
Время,Xvremia,Xvremia,Россия,RU,openbox-tsd,vremya,name,90,unverified,mapping has not yet been cross-checked against an independent schedule,,False
Москва 24,Xmoskva-24,Xmoskva-24,Россия,RU,openbox-tsd,moskva-24,name,90,unverified,mapping has not yet been cross-checked against an independent schedule,,False
Санкт-Петербург,Xsankt-peterburg,Xsankt-peterburg,Россия,RU,openbox-tsd,sankt-peterburg,name,90,unverified,mapping has not yet been cross-checked against an independent schedule,,False
Рен ТВ,Xrentv,Xrentv,Россия,RU,openbox-tsd,ren-tv,name,90,unverified,mapping has not yet been cross-checked against an independent schedule,,False
Рен ТВ HD,Xrentv,Xrentv,Россия,RU,openbox-tsd,ren-tv,name,90,unverified,mapping has not yet been cross-checked against an independent schedule,,False
Рен ТВ +2,Xrentv-pl2,Xrentv-pl2,Россия,RU,openbox-tsd,ren-tv-plus-2,name,90,unverified,mapping has not yet been cross-checked against an independent schedule,,False
Рен ТВ +7,Xrentv-pl7,Xrentv-pl7,Россия,RU,openbox-tsd,ren-tv-plus-7,name,90,unverified,mapping has not yet been cross-checked against an independent schedule,,False
СТС International,sts-int,sts-int,Россия,RU,openbox-tsd,sts-int,id,99,probable,strong exact match; no country conflict detected,,False
СТС,Xsts,Xsts,Россия,RU,openbox-tsd,sts,name,90,unverified,mapping has not yet been cross-checked against an independent schedule,,False
СТС HD,Xsts,Xsts,Россия,RU,openbox-tsd,sts,name,90,unverified,mapping has not yet been cross-checked against an independent schedule,,False
СТС +2,Xsts-pl2,Xsts-pl2,Россия,RU,openbox-tsd,sts-plus-2,name,90,unverified,mapping has not yet been cross-checked against an independent schedule,,False
СТС +4,Xsts-pl4,Xsts-pl4,Россия,RU,openbox-tsd,sts-plus-4,name,90,unverified,mapping has not yet been cross-checked against an independent schedule,,False
СТС Love,Xsts-love,Xsts-love,Россия,RU,openbox-tsd,sts-love,name,90,unverified,mapping has not yet been cross-checked against an independent schedule,,False
СТС Love +4,Xsts-love-pl4,Xsts-love-pl4,Россия,RU,openbox-tsd,sts-love-plus-4,name,90,unverified,mapping has not yet been cross-checked against an independent schedule,,False
Пятый Канал,X5kanal-ru,X5kanal-ru,Россия,RU,openbox-tsd,5-kanal-rossiya,name,90,unverified,mapping has not yet been cross-checked against an independent schedule,,False
Пятый Канал +2,X5kanal-ru-pl2,X5kanal-ru-pl2,Россия,RU,openbox-tsd,5-kanal-rossiya-plus-2,name,90,unverified,mapping has not yet been cross-checked against an independent schedule,,False
Пятый канал +7,X5kanal-ru-pl7,X5kanal-ru-pl7,Россия,RU,openbox-tsd,5-kanal-rossiya-plus-7,name,90,unverified,mapping has not yet been cross-checked against an independent schedule,,False
Россия К,Xkultura,Xkultura,Россия,RU,openbox-tsd,rossiya-k,name,90,unverified,mapping has not yet been cross-checked against an independent schedule,,False
Россия К +2,Xkultura-pl2,Xkultura-pl2,Россия,RU,openbox-tsd,rossiya-k-plus-2,name,90,unverified,mapping has not yet been cross-checked against an independent schedule,,False
Россия К +4,Xkultura-pl4,Xkultura-pl4,Россия,RU,openbox-tsd,rossiya-k-plus-4,name,90,unverified,mapping has not yet been cross-checked against an independent schedule,,False
Россия К +7,Xkultura-pl7,Xkultura-pl7,Россия,RU,openbox-tsd,rossiya-k-plus-7,name,90,unverified,mapping has not yet been cross-checked against an independent schedule,,False
ТВЦ,Xtvcentr,Xtvcentr,Россия,RU,openbox-tsd,tvc,name,90,unverified,mapping has not yet been cross-checked against an independent schedule,,False
ТВ Центр HD,Xtvcentr,Xtvcentr,Россия,RU,openbox-tsd,tvc,name,90,unverified,mapping has not yet been cross-checked against an independent schedule,,False
ТВЦ +2,Xtvcentr-pl2,Xtvcentr-pl2,Россия,RU,openbox-tsd,tvc-plus-2,name,90,unverified,mapping has not yet been cross-checked against an independent schedule,,False
ТВЦ +7,Xtvcentr-pl7,Xtvcentr-pl7,Россия,RU,openbox-tsd,tvc-plus-7,name,90,unverified,mapping has not yet been cross-checked against an independent schedule,,False
ОТР,Xotr,Xotr,Россия,RU,openbox-tsd,otr,name,90,unverified,mapping has not yet been cross-checked against an independent schedule,,False
RTVi,Xrtvi,Xrtvi,Россия,RU,openbox-tsd,rtvi,name,90,unverified,mapping has not yet been cross-checked against an independent schedule,,False
Суббота,Xsuper,Xsuper,Россия,RU,openbox-tsd,subbota,name,90,unverified,mapping has not yet been cross-checked against an independent schedule,,False
Настоящее время HD,Xnastoyaschee-vremia,Xnastoyaschee-vremia,Россия,RU,openbox-tsd,nastoyashchee-vremya,name,90,unverified,mapping has not yet been cross-checked against an independent schedule,,False
Ю+ 2,yu-pl2,yu-pl2,Россия,RU,openbox-tsd,u-tv-plus-2,name,90,unverified,mapping has not yet been cross-checked against an independent schedule,,False
Ю+ 4,yu-pl4,yu-pl4,Россия,RU,openbox-tsd,u-tv-plus-4,name,90,unverified,mapping has not yet been cross-checked against an independent schedule,,False
Ю+ 7,yu-pl7,yu-pl7,Россия,RU,openbox-tsd,u-tv-plus-7,name,90,unverified,mapping has not yet been cross-checked against an independent schedule,,False
Мир,Xmir,Xmir,Россия,RU,openbox-tsd,mir,name,90,unverified,mapping has not yet been cross-checked against an independent schedule,,False
Мир +4,Xmir-pl4,Xmir-pl4,Россия,RU,openbox-tsd,mir-plus-4,name,90,unverified,mapping has not yet been cross-checked against an independent schedule,,False
Мир +7,Xmir-pl7,Xmir-pl7,Россия,RU,openbox-tsd,mir-plus-7,name,90,unverified,mapping has not yet been cross-checked against an independent schedule,,False
Звезда HD,Xzvezda,Xzvezda,Россия,RU,openbox-tsd,zvezda,name,90,unverified,mapping has not yet been cross-checked against an independent schedule,,False
Звезда,Xzvezda,Xzvezda,Россия,RU,openbox-tsd,zvezda,name,90,unverified,mapping has not yet been cross-checked against an independent schedule,,False
Звезда +2,Xzvezda-pl2,Xzvezda-pl2,Россия,RU,openbox-tsd,zvezda-plus-2,name,90,unverified,mapping has not yet been cross-checked against an independent schedule,,False
Звезда Плюс,Xzvezda-plus,Xzvezda-plus,Россия,RU,openbox-tsd,zvezda-plyus,name,90,unverified,mapping has not yet been cross-checked against an independent schedule,,False
Домашний,Xdomashny,Xdomashny,Россия,RU,openbox-tsd,domashniy,name,90,unverified,mapping has not yet been cross-checked against an independent schedule,,False
Звезда +7,Xzvezda-pl7,Xzvezda-pl7,Россия,RU,openbox-tsd,zvezda-plus-7,name,90,unverified,mapping has not yet been cross-checked against an independent schedule,,False
Домашний HD,Xdomashny,Xdomashny,Россия,RU,openbox-tsd,domashniy,name,90,unverified,mapping has not yet been cross-checked against an independent schedule,,False
Домашний +4,Xdomashny-pl4,Xdomashny-pl4,Россия,RU,openbox-tsd,domashniy-plus-4,name,90,unverified,mapping has not yet been cross-checked against an independent schedule,,False
Домашний +2,Xdomashny-pl2,Xdomashny-pl2,Россия,RU,openbox-tsd,domashniy-plus-2,name,90,unverified,mapping has not yet been cross-checked against an independent schedule,,False
Первый Крымский,Xpervy-krymsky,Xpervy-krymsky,Россия,RU,openbox-tsd,1-krim,name,90,unverified,mapping has not yet been cross-checked against an independent schedule,,False
Миллет,Xmillet,Xmillet,Россия,RU,openbox-tsd,millet,name,90,unverified,mapping has not yet been cross-checked against an independent schedule,,False
Че!,Xche,Xche,Россия,RU,openbox-tsd,che,name,90,unverified,mapping has not yet been cross-checked against an independent schedule,,False
Москва Доверие,Xdoverie,Xdoverie,Россия,RU,openbox-tsd,moskva-doverie,name,90,unverified,mapping has not yet been cross-checked against an independent schedule,,False
Че +2,che-pl2,che-pl2,Россия,RU,openbox-tsd,che-plus-2,name,90,unverified,mapping has not yet been cross-checked against an independent schedule,,False
Че +4,che-pl4,che-pl4,Россия,RU,openbox-tsd,che-plus-4,name,90,unverified,mapping has not yet been cross-checked against an independent schedule,,False
Че +7,che-pl7,che-pl7,Россия,RU,openbox-tsd,che-plus-7,name,90,unverified,mapping has not yet been cross-checked against an independent schedule,,False
Красная линия,Xkrasnaya-linia,Xkrasnaya-linia,Россия,RU,openbox-tsd,krasnaya-liniya,name,90,unverified,mapping has not yet been cross-checked against an independent schedule,,False
Белгород 24,Xbelgorod24,Xbelgorod24,Россия,RU,openbox-tsd,belgorod-24,name,90,unverified,mapping has not yet been cross-checked against an independent schedule,,False
ЛДПР ТВ,Xldpr-tv,Xldpr-tv,Россия,RU,openbox-tsd,ldpr-tv,name,90,unverified,mapping has not yet been cross-checked against an independent schedule,,False
БелРос HD,Xbelros,Xbelros,Россия,RU,openbox-tsd,soyuzniy,name,90,unverified,mapping has not yet been cross-checked against an independent schedule,,False
Первый Ростовский,Xpervy-rostovsky,Xpervy-rostovsky,Россия,RU,openbox-tsd,1-rostovskiy,name,90,unverified,mapping has not yet been cross-checked against an independent schedule,,False
Щёлково,Xschelkovo,Xschelkovo,Россия,RU,openbox-tsd,tv-41,name,90,unverified,mapping has not yet been cross-checked against an independent schedule,,False
ТНВ-Планета,Xtnv-planeta,Xtnv-planeta,Россия,RU,openbox-tsd,tnv-planeta,name,90,unverified,mapping has not yet been cross-checked against an independent schedule,,False
ТНВ-Татарстан,Xtnv,Xtnv,Россия,RU,openbox-tsd,tnv,name,90,unverified,mapping has not yet been cross-checked against an independent schedule,,False
Тео-ТВ,Xteotv,Xteotv,Россия,RU,openbox-tsd,teo-tv,name,90,unverified,mapping has not yet been cross-checked against an independent schedule,,False
Север,Xsever,Xsever,Россия,RU,openbox-tsd,sever,name,90,unverified,mapping has not yet been cross-checked against an independent schedule,,False
1+1,X1plus1,X1plus1,Украинские,UA,openbox-tsd,1plus1,name,90,unverified,mapping has not yet been cross-checked against an independent schedule,,False
1+1 HD,X1plus1,X1plus1,Украинские,UA,openbox-tsd,1plus1,name,90,unverified,mapping has not yet been cross-checked against an independent schedule,,False
1+1 Україна,X1plus1-ukraina,X1plus1-ukraina,Украинские,UA,openbox-tsd,1plus1-ukraina,name,90,unverified,mapping has not yet been cross-checked against an independent schedule,,False
1+1 Україна HD,X1plus1-ukraina,X1plus1-ukraina,Украинские,UA,openbox-tsd,1plus1-ukraina,name,90,unverified,mapping has not yet been cross-checked against an independent schedule,,False
2+2,X2plus2,X2plus2,Украинские,UA,openbox-tsd,2plus2,name,90,unverified,mapping has not yet been cross-checked against an independent schedule,,False
2+2 HD,X2plus2,X2plus2,Украинские,UA,openbox-tsd,2plus2,name,90,unverified,mapping has not yet been cross-checked against an independent schedule,,False
ICTV,Xictv-ua,Xictv-ua,Украинские,UA,openbox-tsd,ictv,name,90,unverified,mapping has not yet been cross-checked against an independent schedule,,False
ICTV HD,Xictv-ua,Xictv-ua,Украинские,UA,openbox-tsd,ictv,name,90,unverified,mapping has not yet been cross-checked against an independent schedule,,False
Твій Серіал HD,V1950,V1950,Украинские,UA,openbox-tsd,tviy-serial,name,90,unverified,mapping has not yet been cross-checked against an independent schedule,,False
UA:Перший,Xua-pershy,Xua-pershy,Украинские,UA,openbox-tsd,ua-pershiy,name,90,unverified,mapping has not yet been cross-checked against an independent schedule,,False
UA: Київ,Xua-kyiv,Xua-kyiv,Украинские,UA,openbox-tsd,ua-kiiv,name,90,unverified,mapping has not yet been cross-checked against an independent schedule,,False
СТБ,Xstb-ua,Xstb-ua,Украинские,UA,openbox-tsd,stb,name,90,unverified,mapping has not yet been cross-checked against an independent schedule,,False
СТБ HD,Xstb-ua,Xstb-ua,Украинские,UA,openbox-tsd,stb,name,90,unverified,mapping has not yet been cross-checked against an independent schedule,,False
Super+,Xsuperplus,Xsuperplus,Украинские,UA,openbox-tsd,superplus,name,90,unverified,mapping has not yet been cross-checked against an independent schedule,,False
Конкурент.Україна,Xkonkurent-ua,Xkonkurent-ua,Украинские,UA,openbox-tsd,konkurent-ukraina,name,90,unverified,mapping has not yet been cross-checked against an independent schedule,,False
НТН,Xntn-ua,Xntn-ua,Украинские,UA,openbox-tsd,ntn,name,90,unverified,mapping has not yet been cross-checked against an independent schedule,,False
НТН HD,Xntn-ua,Xntn-ua,Украинские,UA,openbox-tsd,ntn,name,90,unverified,mapping has not yet been cross-checked against an independent schedule,,False
Интер,Xinter-ua,Xinter-ua,Украинские,UA,openbox-tsd,inter,name,90,unverified,mapping has not yet been cross-checked against an independent schedule,,False
Интер HD,Xinter-ua,Xinter-ua,Украинские,UA,openbox-tsd,inter,name,90,unverified,mapping has not yet been cross-checked against an independent schedule,,False
Интер+,Xinter-plus-ua,Xinter-plus-ua,Украинские,UA,openbox-tsd,inter,name,90,unverified,mapping has not yet been cross-checked against an independent schedule,,False
Интер+ HD,Xinter-plus-ua,Xinter-plus-ua,Украинские,UA,openbox-tsd,inter,name,90,unverified,mapping has not yet been cross-checked against an independent schedule,,False
ТЕТ,Xtet-ua,Xtet-ua,Украинские,UA,openbox-tsd,tet,name,90,unverified,mapping has not yet been cross-checked against an independent schedule,,False
ТЕТ HD,Xtet-ua,Xtet-ua,Украинские,UA,openbox-tsd,tet,name,90,unverified,mapping has not yet been cross-checked against an independent schedule,,False
К1,Xk1-ua,Xk1-ua,Украинские,UA,openbox-tsd,k-1,name,90,unverified,mapping has not yet been cross-checked against an independent schedule,,False
К1 HD,Xk1-ua,Xk1-ua,Украинские,UA,openbox-tsd,k-1,name,90,unverified,mapping has not yet been cross-checked against an independent schedule,,False
К2,Xk2-ua,Xk2-ua,Украинские,UA,openbox-tsd,k-2,name,90,unverified,mapping has not yet been cross-checked against an independent schedule,,False
К2 HD,Xk2-ua,Xk2-ua,Украинские,UA,openbox-tsd,k-2,name,90,unverified,mapping has not yet been cross-checked against an independent schedule,,False
Фронт,Xfront-ua,Xfront-ua,Украинские,UA,openbox-tsd,front,name,90,unverified,mapping has not yet been cross-checked against an independent schedule,,False
Гумор+,,gumor,Украинские,UA,openbox-tsd,gumor,name,90,unverified,mapping has not yet been cross-checked against an independent schedule,,False
Прямий HD,Xpriamyj,Xpriamyj,Украинские,UA,openbox-tsd,pryamiy,name,90,unverified,mapping has not yet been cross-checked against an independent schedule,,False
ATR,Xatr-ua,Xatr-ua,Украинские,UA,openbox-tsd,atr,name,90,unverified,mapping has not yet been cross-checked against an independent schedule,,False
Мега HD,Xmega-ua,Xmega-ua,Украинские,UA,openbox-tsd,mega,name,90,unverified,mapping has not yet been cross-checked against an independent schedule,,False
Мега,Xmega-ua,Xmega-ua,Украинские,UA,openbox-tsd,mega,name,90,unverified,mapping has not yet been cross-checked against an independent schedule,,False
Оце HD,Xotse,Xotse,Украинские,UA,openbox-tsd,oce,name,90,unverified,mapping has not yet been cross-checked against an independent schedule,,False
Рада,Xrada-ua,Xrada-ua,Украинские,UA,openbox-tsd,rada,name,90,unverified,mapping has not yet been cross-checked against an independent schedule,,False
Бігуді,Xbigudi,Xbigudi,Украинские,UA,openbox-tsd,bigudi,name,90,unverified,mapping has not yet been cross-checked against an independent schedule,,False
Кус-кус,Xkus-kus,Xkus-kus,Украинские,UA,openbox-tsd,kus-kus,name,90,unverified,mapping has not yet been cross-checked against an independent schedule,,False
Zoom HD,Xzoom-ua,Xzoom-ua,Украинские,UA,openbox-tsd,zoom,name,90,unverified,mapping has not yet been cross-checked against an independent schedule,,False
Zoom,Xzoom-ua,Xzoom-ua,Украинские,UA,openbox-tsd,zoom,name,90,unverified,mapping has not yet been cross-checked against an independent schedule,,False
Суспільне Полтава,suspilne-poltava,suspilne-poltava,Украинские,UA,openbox-tsd,ua-poltava,name,90,unverified,mapping has not yet been cross-checked against an independent schedule,,False
UA:Культура,Xkultura-ua,Xkultura-ua,Украинские,UA,openbox-tsd,ua-kultura,name,90,unverified,mapping has not yet been cross-checked against an independent schedule,,False
UA: Херсон,Xua-xerson,Xua-xerson,Украинские,UA,openbox-tsd,ua-herson,name,90,unverified,mapping has not yet been cross-checked against an independent schedule,,False
ТВА,Xtva-ua,Xtva-ua,Украинские,UA,openbox-tsd,tva,name,90,unverified,mapping has not yet been cross-checked against an independent schedule,,False
РАІ,Xraiua,Xraiua,Украинские,UA,openbox-tsd,rai,name,90,unverified,mapping has not yet been cross-checked against an independent schedule,,False
Рівне-1,Xrivne1,Xrivne1,Украинские,UA,openbox-tsd,rivne-1,name,90,unverified,mapping has not yet been cross-checked against an independent schedule,,False
Сварожичи,,svarozhichi,Украинские,UA,openbox-tsd,svarozhichi,name,90,unverified,mapping has not yet been cross-checked against an independent schedule,,False
C4 (Чернівці),,c4-chernivci,Украинские,UA,openbox-tsd,c4-chernivci,name,90,unverified,mapping has not yet been cross-checked against an independent schedule,,False
Viju+ Serial HD,Xvip-serial,Xvip-serial,Кино,,openbox-tsd,vip-serial,name,90,unverified,mapping has not yet been cross-checked against an independent schedule,,False
Viju+ Comedy HD,Xvip-comedy,Xvip-comedy,Кино,,openbox-tsd,vip-comedy,name,90,unverified,mapping has not yet been cross-checked against an independent schedule,,False
KION Хит,Xkion-xit,Xkion-xit,Кино,,openbox-tsd,kion-hit,name,90,unverified,mapping has not yet been cross-checked against an independent schedule,,False
Страшное HD,Xstrashnoe-hd,Xstrashnoe-hd,Кино,,openbox-tsd,strashnoe-hd,name,90,unverified,mapping has not yet been cross-checked against an independent schedule,,False
Киноужас HD,Xkinouzhas,Xkinouzhas,Кино,,openbox-tsd,kinouzhas,name,90,unverified,mapping has not yet been cross-checked against an independent schedule,,False
Про Любовь HD,Xpro-lyubov,Xpro-lyubov,Кино,,openbox-tsd,pro-lyubov,name,90,unverified,mapping has not yet been cross-checked against an independent schedule,,False
Кинопремьера HD,Xkinopremiera-hd,Xkinopremiera-hd,Кино,,openbox-tsd,kinopremera,name,90,unverified,mapping has not yet been cross-checked against an independent schedule,,False
Камеди HD,Xkamedi,Xkamedi,Кино,,openbox-tsd,kamedi,name,90,unverified,mapping has not yet been cross-checked against an independent schedule,,False
Кинохит,Xkinoxit,Xkinoxit,Кино,,openbox-tsd,kinohit,name,90,unverified,mapping has not yet been cross-checked against an independent schedule,,False
Киносемья,Xkinosemiya,Xkinosemiya,Кино,,openbox-tsd,kinosemya,name,90,unverified,mapping has not yet been cross-checked against an independent schedule,,False
Киносемья HD,Xkinosemiya,Xkinosemiya,Кино,,openbox-tsd,kinosemya,name,90,unverified,mapping has not yet been cross-checked against an independent schedule,,False
Киносвидание,Xkinosvidanie,Xkinosvidanie,Кино,,openbox-tsd,kinosvidanie,name,90,unverified,mapping has not yet been cross-checked against an independent schedule,,False
Кинокомедия,Xkinokomedia,Xkinokomedia,Кино,,openbox-tsd,kinokomediya,name,90,unverified,mapping has not yet been cross-checked against an independent schedule,,False
Лавстори HD,Xlavstori,Xlavstori,Кино,,openbox-tsd,lavstori,name,90,unverified,mapping has not yet been cross-checked against an independent schedule,,False
AMEDIA 1 HD,Xamedia1,Xamedia1,Кино,,openbox-tsd,amedia-1,name,90,unverified,mapping has not yet been cross-checked against an independent schedule,,False
Amedia 1,Xamedia1,Xamedia1,Кино,,openbox-tsd,amedia-1,name,90,unverified,mapping has not yet been cross-checked against an independent schedule,,False
Amedia 2,Xamedia2,Xamedia2,Кино,,openbox-tsd,amedia-2,name,90,unverified,mapping has not yet been cross-checked against an independent schedule,,False
AMEDIA Premium HD,Xamedia-premium,Xamedia-premium,Кино,,openbox-tsd,amedia-premium-hd,name,90,unverified,mapping has not yet been cross-checked against an independent schedule,,False
Amedia premium,Xamedia-premium,Xamedia-premium,Кино,,openbox-tsd,amedia-premium-hd,name,90,unverified,mapping has not yet been cross-checked against an independent schedule,,False
.black,Xsony-turbo,Xsony-turbo,Кино,,openbox-tsd,black,name,90,unverified,mapping has not yet been cross-checked against an independent schedule,,False
.red SD,Xsony-enter,Xsony-enter,Кино,,openbox-tsd,red,name,90,unverified,mapping has not yet been cross-checked against an independent schedule,,False
.red HD,Xsony-tv,Xsony-tv,Кино,,openbox-tsd,red,name,90,unverified,mapping has not yet been cross-checked against an independent schedule,,False
AMC,Xamc,Xamc,Кино,,openbox-tsd,amc,name,90,unverified,mapping has not yet been cross-checked against an independent schedule,,False
Premiere HD 1,Xpremierehd1,Xpremierehd1,Кино,,openbox-tsd,premiere-hd-1,name,90,unverified,mapping has not yet been cross-checked against an independent schedule,,False
Premiere HD 4,Xpremierehd4,Xpremierehd4,Кино,,openbox-tsd,premiere-hd-4,name,90,unverified,mapping has not yet been cross-checked against an independent schedule,,False
Bollywood HD,Xbollywood-hd,Xbollywood-hd,Кино,,openbox-tsd,bollywood,name,90,unverified,mapping has not yet been cross-checked against an independent schedule,,False
Hollywood HD,Xhollywood-hd,hollywood-hd,Кино,,openbox-tsd,hollywood-hd,alias,100,verified,researched exact alias,,False
TV XXI,Xtvxxi,Xtvxxi,Кино,,openbox-tsd,tv-21,name,90,unverified,mapping has not yet been cross-checked against an independent schedule,,False
Epic,Xepic,Xepic,Кино,,openbox-tsd,epic,name,90,unverified,mapping has not yet been cross-checked against an independent schedule,,False
НТВ Сериал,Xntv-serial,Xntv-serial,Кино,,openbox-tsd,ntv-serial,name,90,unverified,mapping has not yet been cross-checked against an independent schedule,,False
НТВ Хит,Xntv-xit,Xntv-xit,Кино,,openbox-tsd,ntv-hit,name,90,unverified,mapping has not yet been cross-checked against an independent schedule,,False
Киносат,Xkinosat,Xkinosat,Кино,,openbox-tsd,kinosat,name,90,unverified,mapping has not yet been cross-checked against an independent schedule,,False
Кино ТВ HD,Xkino-tv,Xkino-tv,Кино,,openbox-tsd,kino-tv,name,90,unverified,mapping has not yet been cross-checked against an independent schedule,,False
Cine+ HD,Xcine-plus,Xcine-plus,Кино,,openbox-tsd,cine-plus,name,90,unverified,mapping has not yet been cross-checked against an independent schedule,,False
Cine+ Hit HD,Xcine-plus-hit-hd,Xcine-plus-hit-hd,Кино,,openbox-tsd,cine-plus-hit,name,90,unverified,mapping has not yet been cross-checked against an independent schedule,,False
Cine+ Legend,Xcine-plus-ledend,Xcine-plus-ledend,Кино,,openbox-tsd,cine-plus-legend,name,90,unverified,mapping has not yet been cross-checked against an independent schedule,,False
Твоє Кіно Хіт,Xtvoje-kino-xit,Xtvoje-kino-xit,Кино,,openbox-tsd,tvoe-kino-hit,name,90,unverified,mapping has not yet been cross-checked against an independent schedule,,False
Твоє Кіно Action,Xtvoje-kino-action,Xtvoje-kino-action,Кино,,openbox-tsd,tvoe-kino-action,name,90,unverified,mapping has not yet been cross-checked against an independent schedule,,False
Твоє Кіно Relax,Xtvoje-kino-relax,Xtvoje-kino-relax,Кино,,openbox-tsd,tvoe-kino-relax,name,90,unverified,mapping has not yet been cross-checked against an independent schedule,,False
4ever Theater HD,X4ever-theater,X4ever-theater,Кино,,openbox-tsd,4ever-theater,alias,100,verified,researched exact alias,,False
4ever Cinema HD,X4ever-cinema,X4ever-cinema,Кино,,openbox-tsd,4ever-cinema,alias,100,verified,researched exact alias,,False
4ever Drama HD,X4ever-drama,X4ever-drama,Кино,,openbox-tsd,4ever-drama,alias,100,verified,researched exact alias,,False
FilmUA Drama,Xfilmua-drama,Xfilmua-drama,Кино,,openbox-tsd,filmua-drama,name,90,unverified,mapping has not yet been cross-checked against an independent schedule,,False
Тайна,,tayna,Кино,,openbox-tsd,tayna,name,90,unverified,mapping has not yet been cross-checked against an independent schedule,,False
Киноман,,kinosat,Кино,,openbox-tsd,kinosat,name,90,unverified,mapping has not yet been cross-checked against an independent schedule,,False
DetectiveJam,Xdetectivejam,Xdetectivejam,Кино,,openbox-tsd,detectivejam,name,90,unverified,mapping has not yet been cross-checked against an independent schedule,,False
FamilyJam,Xfamilyjam,Xfamilyjam,Кино,,openbox-tsd,familyjam,name,90,unverified,mapping has not yet been cross-checked against an independent schedule,,False
FilmBox,Xfilmbox-ru,Xfilmbox-ru,Кино,,openbox-tsd,filmbox,name,90,unverified,mapping has not yet been cross-checked against an independent schedule,,False
FilmBox Arthouse,Xfilmbox-arthouse,Xfilmbox-arthouse,Кино,,openbox-tsd,filmbox-arthouse,name,90,unverified,mapping has not yet been cross-checked against an independent schedule,,False
Дорама,Xdorama,Xdorama,Кино,,openbox-tsd,dorama,name,90,unverified,mapping has not yet been cross-checked against an independent schedule,,False
Дорама HD,Xdorama,Xdorama,Кино,,openbox-tsd,dorama,name,90,unverified,mapping has not yet been cross-checked against an independent schedule,,False
Bolt HD,Xbolt-ru,Xbolt-ru,Кино,,openbox-tsd,bolt-ru,name,90,unverified,mapping has not yet been cross-checked against an independent schedule,,False
KinoLiving HD,Xkinoliving,Xkinoliving,Кино,,openbox-tsd,kinoliving,name,90,unverified,mapping has not yet been cross-checked against an independent schedule,,False
Kinosweet,Xkinosweet,Xkinosweet,Кино,,openbox-tsd,kinosweet,alias,100,verified,researched exact alias,,False
Kino 1,Xkino-1,Xkino-1,Кино,,openbox-tsd,kino-1,name,90,unverified,mapping has not yet been cross-checked against an independent schedule,,False
Kino 24,Xkino-24,Xkino-24,Кино,,openbox-tsd,kino-24,name,90,unverified,mapping has not yet been cross-checked against an independent schedule,,False
ProKino,Xprokino,Xprokino,Кино,,openbox-tsd,prokino,name,90,unverified,mapping has not yet been cross-checked against an independent schedule,,False
Кинеко,Xkineko,Xkineko,Кино,,openbox-tsd,kineko,name,90,unverified,mapping has not yet been cross-checked against an independent schedule,,False
Родное кино,Xrodnoe-kino,Xrodnoe-kino,Кино,,openbox-tsd,rodnoe-kino,name,90,unverified,mapping has not yet been cross-checked against an independent schedule,,False
Дом Кино,Xdomkino,Xdomkino,Кино,,openbox-tsd,dom-kino,name,90,unverified,mapping has not yet been cross-checked against an independent schedule,,False
Дом кино премиум HD,Xdomkino-premium,Xdomkino-premium,Кино,,openbox-tsd,dom-kino-premium,name,90,unverified,mapping has not yet been cross-checked against an independent schedule,,False
Еврокино,Xevrokino,Xevrokino,Кино,,openbox-tsd,evrokino,name,90,unverified,mapping has not yet been cross-checked against an independent schedule,,False
Русский роман,Xrussky-roman,Xrussky-roman,Кино,,openbox-tsd,russkiy-roman,name,90,unverified,mapping has not yet been cross-checked against an independent schedule,,False
Русский Иллюзион,Xrussky-illuzion,Xrussky-illuzion,Кино,,openbox-tsd,russkiy-illyuzion,name,90,unverified,mapping has not yet been cross-checked against an independent schedule,,False
Мосфильм HD,Xmosfilm,Xmosfilm,Кино,,openbox-tsd,mosfilm,name,90,unverified,mapping has not yet been cross-checked against an independent schedule,,False
Иллюзион +,Xilluzion-plus,Xilluzion-plus,Кино,,openbox-tsd,illyuzion-plus,name,90,unverified,mapping has not yet been cross-checked against an independent schedule,,False
Мужское кино,Xmuzhskoe-kino,Xmuzhskoe-kino,Кино,,openbox-tsd,muzhskoe-kino,name,90,unverified,mapping has not yet been cross-checked against an independent schedule,,False
Наше новое кино,Xnashe-novoe-kino,Xnashe-novoe-kino,Кино,,openbox-tsd,nashe-novoe-kino,name,90,unverified,mapping has not yet been cross-checked against an independent schedule,,False
Победа,Xpobeda,Xpobeda,Кино,,openbox-tsd,pobeda,name,90,unverified,mapping has not yet been cross-checked against an independent schedule,,False
День Победы HD,Xdenpobedy,Xdenpobedy,Кино,,openbox-tsd,den-pobedi,name,90,unverified,mapping has not yet been cross-checked against an independent schedule,,False
Русский бестселлер,Xrussky-bestseller,Xrussky-bestseller,Кино,,openbox-tsd,russkiy-bestseller,name,90,unverified,mapping has not yet been cross-checked against an independent schedule,,False
Русский детектив,Xrussky-detektiv,Xrussky-detektiv,Кино,,openbox-tsd,russkiy-detektiv,name,90,unverified,mapping has not yet been cross-checked against an independent schedule,,False
Киномикс,Xkinomiks,Xkinomiks,Кино,,openbox-tsd,kinomiks,name,90,unverified,mapping has not yet been cross-checked against an independent schedule,,False
Киносерия,Xkinoseria,Xkinoseria,Кино,,openbox-tsd,kinoseriya,name,90,unverified,mapping has not yet been cross-checked against an independent schedule,,False
Любимое кино HD,Xlubimoe-kino,Xlubimoe-kino,Кино,,openbox-tsd,lyubimoe-kino,name,90,unverified,mapping has not yet been cross-checked against an independent schedule,,False
Любимое кино,Xlubimoe-kino,Xlubimoe-kino,Кино,,openbox-tsd,lyubimoe-kino,name,90,unverified,mapping has not yet been cross-checked against an independent schedule,,False
Мир сериала,Xmir-seriala,Xmir-seriala,Кино,,openbox-tsd,mir-seriala,name,90,unverified,mapping has not yet been cross-checked against an independent schedule,,False
Индийское Кино,Xindiyskoe-kino,Xindiyskoe-kino,Кино,,openbox-tsd,indiyskoe-kino,name,90,unverified,mapping has not yet been cross-checked against an independent schedule,,False
Феникс+ Кино,Xfeniks-plus-kino,Xfeniks-plus-kino,Кино,,openbox-tsd,feniks-plus-kino,name,90,unverified,mapping has not yet been cross-checked against an independent schedule,,False
НСТ,Xnst,Xnst,Кино,,openbox-tsd,nst,name,90,unverified,mapping has not yet been cross-checked against an independent schedule,,False
Russian Extreme Ultra HD,Xrussian-extreme-uhd,Xrussian-extreme-uhd,Кино,,openbox-tsd,ultra-rex,name,90,unverified,mapping has not yet been cross-checked against an independent schedule,,False
Kino 2 HD,,kino-2,Кино,,openbox-tsd,kino-2,name,90,unverified,mapping has not yet been cross-checked against an independent schedule,,False
Патриот,,patriot,Кино,,openbox-tsd,patriot,name,90,unverified,mapping has not yet been cross-checked against an independent schedule,,False
Vesna HD,,vesna,Кино,,openbox-tsd,vesna,name,90,unverified,mapping has not yet been cross-checked against an independent schedule,,False
BCU Action HD,Xbcu-action,Xbcu-action,Кинозалы,,openbox-tsd,bcu-action,alias,100,verified,researched exact alias,,False
BCU Reality HD,Xbcu-reality,Xbcu-reality,Кинозалы,,openbox-tsd,bcu-reality,name,90,unverified,mapping has not yet been cross-checked against an independent schedule,,False
BCU FilMystic HD,Xbcu-filmystic,Xbcu-filmystic,Кинозалы,,openbox-tsd,bcu-filmystic,alias,100,verified,researched exact alias,,False
BCU Marvel OLD,,bcu-marvel,Кинозалы,,openbox-tsd,bcu-marvel,alias,100,verified,researched exact alias,,False
BCU Premiere HD,Xbcu-premiere,Xbcu-premiere,Кинозалы,,openbox-tsd,bcu-premiere,alias,100,verified,researched exact alias,,False
BCU Romantic HD,Xbcu-romantic,Xbcu-romantic,Кинозалы,,openbox-tsd,bcu-romantic,name,90,unverified,mapping has not yet been cross-checked against an independent schedule,,False
BCU Russia 90s HD,,bcu-russia-90s,Кинозалы,,openbox-tsd,bcu-russia-90s,alias,100,verified,researched exact alias,,False
BCU TruMotion HD,Xbcu-trumotion,Xbcu-trumotion,Кинозалы,,openbox-tsd,bcu-trumotion,name,90,unverified,mapping has not yet been cross-checked against an independent schedule,,False
BCU Survival HD,Xbcu-survival,Xbcu-survival,Кинозалы,,openbox-tsd,bcu-survival,name,90,unverified,mapping has not yet been cross-checked against an independent schedule,,False
BCU СВАТЫ HD,Xbcu-svaty,Xbcu-svaty,Кинозалы,,openbox-tsd,bcu-svati-4k,alias,100,verified,researched exact alias,,False
BCU Criminal HD,Xbcu-criminal,Xbcu-criminal,Кинозалы,,openbox-tsd,bcu-criminal,name,90,unverified,mapping has not yet been cross-checked against an independent schedule,,False
BCU Premiere 1 HDR,,bcu-premiere-1,Кинозалы,,openbox-tsd,bcu-premiere-1,alias,100,verified,researched exact alias,,False
BCU Premiere 2 HDR,,bcu-premiere-2,Кинозалы,,openbox-tsd,bcu-premiere-2,alias,100,verified,researched exact alias,,False
BCU Premiere 3 HDR,Xbcu-media-3-hdr,Xbcu-media-3-hdr,Кинозалы,,openbox-tsd,bcu-premiere-3,name,90,unverified,mapping has not yet been cross-checked against an independent schedule,,False
BCU Reality OLD,,bcu-reality,Кинозалы,,openbox-tsd,bcu-reality,alias,100,verified,researched exact alias,,False
BCU Comedy OLD,,bcu-comedy,Кинозалы,,openbox-tsd,bcu-comedy,alias,100,verified,researched exact alias,,False
BCU Survival OLD,,bcu-survival,Кинозалы,,openbox-tsd,bcu-survival,alias,100,verified,researched exact alias,,False
BCU Romantic OLD,,bcu-romantic,Кинозалы,,openbox-tsd,bcu-romantic,alias,100,verified,researched exact alias,,False
BCU Premiere HDR,,bcu-premiere,Кинозалы,,openbox-tsd,bcu-premiere,alias,100,verified,researched exact alias,,False
BCU Action HDR,,bcu-action,Кинозалы,,openbox-tsd,bcu-action,alias,100,verified,researched exact alias,,False
BCU FilMystic HDR,,bcu-filmystic,Кинозалы,,openbox-tsd,bcu-filmystic,alias,100,verified,researched exact alias,,False
BCUMEDIA_3_HDR,,bcu-media-3,Кинозалы,,openbox-tsd,bcu-media-3,alias,100,verified,researched exact alias,,False
BCU_BIOGRAPHY_HDR,,bcu-biography,Кинозалы,,openbox-tsd,bcu-biography,alias,100,verified,researched exact alias,,False
VeleS Наше Кино,veles-our-cinema,veles-our-cinema,Кинозалы,,openbox-tsd,veles-nashe-kino,alias,100,verified,researched exact alias,,False
VeleS Вестерн,veles-vestern,veles-vestern,Кинозалы,,openbox-tsd,veles-vestern,alias,100,verified,researched exact alias,,False
VeleS 60FPS,Xveles-60fps,Xveles-60fps,Кинозалы,,openbox-tsd,veles-60fps,alias,100,verified,researched exact alias,,False
VeleS Комедия,veles-comedy,veles-comedy,Кинозалы,,openbox-tsd,veles-komediya,alias,100,verified,researched exact alias,,False
VeleS Триллер,veles-triller,veles-triller,Кинозалы,,openbox-tsd,veles-triller,alias,100,verified,researched exact alias,,False
VeleS Семейный,veles-family,veles-family,Кинозалы,,openbox-tsd,veles-semeyniy,alias,100,verified,researched exact alias,,False
VeleS Киносерия,veles-kinoseries,veles-kinoseries,Кинозалы,,openbox-tsd,veles-kinoseries,alias,100,verified,researched exact alias,,False
VeleS Premiere,veles-premiere,veles-premiere,Кинозалы,,openbox-tsd,veles-premiere,alias,100,verified,researched exact alias,,False
VeleS Страшное,veles-strashnoe,veles-strashnoe,Кинозалы,,openbox-tsd,veles-strashnoe,alias,100,verified,researched exact alias,,False
VeleS СССР,veles-ussr,veles-ussr,Кинозалы,,openbox-tsd,veles-ussr,alias,100,verified,researched exact alias,,False
VeleS Kids,veles-kids,veles-kids,Кинозалы,,openbox-tsd,veles-kids,alias,100,verified,researched exact alias,,False
Fresh Soviet,Xfresh-soviet,Xfresh-soviet,Кинозалы,,openbox-tsd,fresh-soviet,name,90,unverified,mapping has not yet been cross-checked against an independent schedule,,False
Fresh Series,Xfresh-series,Xfresh-series,Кинозалы,,openbox-tsd,fresh-series,name,90,unverified,mapping has not yet been cross-checked against an independent schedule,,False
Fresh Fantastic,Xfresh-fantastic,Xfresh-fantastic,Кинозалы,,openbox-tsd,fresh-fantastic,alias,100,verified,researched exact alias,,False
Fresh VHS,Xfresh-vhs,Xfresh-vhs,Кинозалы,,openbox-tsd,fresh-vhs,alias,100,verified,researched exact alias,,False
Fresh Rating,Xfresh-rating,Xfresh-rating,Кинозалы,,openbox-tsd,fresh-rating,alias,100,verified,researched exact alias,,False
Fresh Family,Xfresh-family,Xfresh-family,Кинозалы,,openbox-tsd,fresh-family,alias,100,verified,researched exact alias,,False
Fresh Premiere,Xfresh-premiere,Xfresh-premiere,Кинозалы,,openbox-tsd,fresh-premiere,alias,100,verified,researched exact alias,,False
Fresh Comedy,Xfresh-comedy,Xfresh-comedy,Кинозалы,,openbox-tsd,fresh-comedy,alias,100,verified,researched exact alias,,False
Fresh Kids,Xfresh-kids,Xfresh-kids,Кинозалы,,openbox-tsd,fresh-kids,alias,100,verified,researched exact alias,,False
Fresh Cinema,Xfresh-cinema,Xfresh-cinema,Кинозалы,,openbox-tsd,fresh-cinema,alias,100,verified,researched exact alias,,False
Fresh Horror,Xfresh-horror,Xfresh-horror,Кинозалы,,openbox-tsd,fresh-horror,alias,100,verified,researched exact alias,,False
Fresh Adventure,Xfresh-adventure,Xfresh-adventure,Кинозалы,,openbox-tsd,fresh-adventure,alias,100,verified,researched exact alias,,False
Fresh Romantic,Xfresh-romatic,Xfresh-romatic,Кинозалы,,openbox-tsd,fresh-romantic,alias,100,verified,researched exact alias,,False
Fresh Russian,Xfresh-russian,Xfresh-russian,Кинозалы,,openbox-tsd,fresh-russian,alias,100,verified,researched exact alias,,False
Fresh Thriller,Xfresh-thriller,Xfresh-thriller,Кинозалы,,openbox-tsd,fresh-thriller,alias,100,verified,researched exact alias,,False
YOSSO TV Русские фильмы,Xyosso-rusfilm,Xyosso-rusfilm,Кинозалы,,openbox-tsd,yosso-tv-russkie-filmi,name,90,unverified,mapping has not yet been cross-checked against an independent schedule,,False
YOSSO TV Советские фильмы,Xyosso-sovfilm,Xyosso-sovfilm,Кинозалы,,openbox-tsd,yosso-tv-sovetskie-filmi,alias,100,verified,researched exact alias,,False
YOSSO TV New Кино,Xyosso-newkino,Xyosso-newkino,Кинозалы,,openbox-tsd,yosso-tv-new-kino,name,90,unverified,mapping has not yet been cross-checked against an independent schedule,,False
YOSSO TV Трагичное,Xyosso-tragic,Xyosso-tragic,Кинозалы,,openbox-tsd,yosso-tv-tragichnoe,name,90,unverified,mapping has not yet been cross-checked against an independent schedule,,False
YOSSO TV Забавное,Xyosso-zabavno,Xyosso-zabavno,Кинозалы,,openbox-tsd,yosso-tv-zabavnoe,name,90,unverified,mapping has not yet been cross-checked against an independent schedule,,False
YOSSO TV Ковбойское,Xyosso-cowboy,Xyosso-cowboy,Кинозалы,,openbox-tsd,yosso-tv-kovboyskoe,name,90,unverified,mapping has not yet been cross-checked against an independent schedule,,False
YOSSO TV Thriller,Xyosso-thriller,Xyosso-thriller,Кинозалы,,openbox-tsd,yosso-tv-thriller,name,90,unverified,mapping has not yet been cross-checked against an independent schedule,,False
MYTV,XMyTVmytv-0,XMyTVmytv-0,Кинозалы,,openbox-tsd,mytv,name,90,unverified,mapping has not yet been cross-checked against an independent schedule,,False
MYTV 2,XMyTVmytv2-1,XMyTVmytv2-1,Кинозалы,,openbox-tsd,mytv-2,name,90,unverified,mapping has not yet been cross-checked against an independent schedule,,False
MYTV 3,XMyTVmytv3-2,XMyTVmytv3-2,Кинозалы,,openbox-tsd,mytv-3,name,90,unverified,mapping has not yet been cross-checked against an independent schedule,,False
MYTV HIT,XMyTVmytvhit-3,XMyTVmytvhit-3,Кинозалы,,openbox-tsd,mytv-hit,name,90,unverified,mapping has not yet been cross-checked against an independent schedule,,False
CineMan,Xcineman,Xcineman,Кинозалы,,openbox-tsd,cineman,name,90,unverified,mapping has not yet been cross-checked against an independent schedule,,False
CineMan Action,Xcineman-action,Xcineman-action,Кинозалы,,openbox-tsd,cineman-action,name,90,unverified,mapping has not yet been cross-checked against an independent schedule,,False
CineMan Комедия,Xcineman-comedy,Xcineman-comedy,Кинозалы,,openbox-tsd,cineman-komediya,name,90,unverified,mapping has not yet been cross-checked against an independent schedule,,False
CineMan Катастрофы,Xcineman-katastrofy,Xcineman-katastrofy,Кинозалы,,openbox-tsd,cineman-katastrofi,name,90,unverified,mapping has not yet been cross-checked against an independent schedule,,False
CineMan Лесник,Xcineman-lesnik,Xcineman-lesnik,Кинозалы,,openbox-tsd,cineman-lesnik,name,90,unverified,mapping has not yet been cross-checked against an independent schedule,,False
CineMan Marvel,Xcineman-marvel,Xcineman-marvel,Кинозалы,,openbox-tsd,cineman-marvel,name,90,unverified,mapping has not yet been cross-checked against an independent schedule,,False
CineMan Melodrama,Xcineman-melodrama,Xcineman-melodrama,Кинозалы,,openbox-tsd,cineman-melodrama,name,90,unverified,mapping has not yet been cross-checked against an independent schedule,,False
CineMan Ментовские Войны,Xcineman-musw,Xcineman-musw,Кинозалы,,openbox-tsd,cineman-ment-voyni,name,90,unverified,mapping has not yet been cross-checked against an independent schedule,,False
CineMan MiniSeries,Xcineman-miniseries,Xcineman-miniseries,Кинозалы,,openbox-tsd,cineman-miniseries,name,90,unverified,mapping has not yet been cross-checked against an independent schedule,,False
CineMan Пёс,Xcineman-pes,Xcineman-pes,Кинозалы,,openbox-tsd,cineman-pes,name,90,unverified,mapping has not yet been cross-checked against an independent schedule,,False
CineMan Premium,Xcineman-premium,Xcineman-premium,Кинозалы,,openbox-tsd,cineman-premium,name,90,unverified,mapping has not yet been cross-checked against an independent schedule,,False
CineMan РуКино,Xcineman-rukino,Xcineman-rukino,Кинозалы,,openbox-tsd,cineman-rukino,name,90,unverified,mapping has not yet been cross-checked against an independent schedule,,False
CineMan Дубляж СССР,,cineman-dublyazh-sssr,Кинозалы,,openbox-tsd,cineman-dublyazh-sssr,alias,100,verified,researched exact alias,,False
CineMan Симпсоны,Xcineman-simps,Xcineman-simps,Кинозалы,,openbox-tsd,cineman-simpsoni,name,90,unverified,mapping has not yet been cross-checked against an independent schedule,,False
CineMan Скорая помощь,Xcineman-skorpom,Xcineman-skorpom,Кинозалы,,openbox-tsd,cineman-skoraya-pomoshch,name,90,unverified,mapping has not yet been cross-checked against an independent schedule,,False
CineMan Комедийные сериалы,,cineman-komediynie-seriali,Кинозалы,,openbox-tsd,cineman-komediynie-seriali,alias,100,verified,researched exact alias,,False
CineMan Сваты,Xcineman-svaty,Xcineman-svaty,Кинозалы,,openbox-tsd,cineman-svati,name,90,unverified,mapping has not yet been cross-checked against an independent schedule,,False
CineMan Thriller,Xcineman-thriller,Xcineman-thriller,Кинозалы,,openbox-tsd,cineman-thriller,name,90,unverified,mapping has not yet been cross-checked against an independent schedule,,False
CineMan Top,Xcineman-top,Xcineman-top,Кинозалы,,openbox-tsd,cineman-top,name,90,unverified,mapping has not yet been cross-checked against an independent schedule,,False
CineMan Ужасы,Xcineman-uzhasy,Xcineman-uzhasy,Кинозалы,,openbox-tsd,cineman-uzhasi,name,90,unverified,mapping has not yet been cross-checked against an independent schedule,,False
CineMan VHS,Xcineman-vhs,Xcineman-vhs,Кинозалы,,openbox-tsd,cineman-vhs,name,90,unverified,mapping has not yet been cross-checked against an independent schedule,,False
BCU Biography HDR,Xbcu-biography-hdr,Xbcu-biography-hdr,Кинозалы,,openbox-tsd,bcu-biography,name,90,unverified,mapping has not yet been cross-checked against an independent schedule,,False
BOX Hybrid HD,Xbox-hybrid,Xbox-hybrid,Кинозалы,,openbox-tsd,box-hybrid,name,90,unverified,mapping has not yet been cross-checked against an independent schedule,,False
BOX Gangster HD,Xbox-gangster,Xbox-gangster,Кинозалы,,openbox-tsd,box-gangster,name,90,unverified,mapping has not yet been cross-checked against an independent schedule,,False
BOX Oscar HD,Xbox-oscar,Xbox-oscar,Кинозалы,,openbox-tsd,box-oscar,name,90,unverified,mapping has not yet been cross-checked against an independent schedule,,False
BOX Memory HD,Xbox-memory,Xbox-memory,Кинозалы,,openbox-tsd,box-memory,name,90,unverified,mapping has not yet been cross-checked against an independent schedule,,False
BOX Game HD,Xbox-game,Xbox-game,Кинозалы,,openbox-tsd,box-game,name,90,unverified,mapping has not yet been cross-checked against an independent schedule,,False
BOX Spy HD,Xbox-spy,Xbox-spy,Кинозалы,,openbox-tsd,box-spy,name,90,unverified,mapping has not yet been cross-checked against an independent schedule,,False
BOX Western HD,Xbox-western,Xbox-western,Кинозалы,,openbox-tsd,box-western,name,90,unverified,mapping has not yet been cross-checked against an independent schedule,,False
BOX Zombie HD,Xbox-zombie,Xbox-zombie,Кинозалы,,openbox-tsd,box-zombie,name,90,unverified,mapping has not yet been cross-checked against an independent schedule,,False
BOX Cyber HD,Xbox-cyber,Xbox-cyber,Кинозалы,,openbox-tsd,box-cyber,name,90,unverified,mapping has not yet been cross-checked against an independent schedule,,False
BOX Stories HD,Xbox-stories,Xbox-stories,Кинозалы,,openbox-tsd,box-stories,name,90,unverified,mapping has not yet been cross-checked against an independent schedule,,False
MM 007 HD,Xminimax-007,Xminimax-007,Кинозалы,,openbox-tsd,mm-007,name,90,unverified,mapping has not yet been cross-checked against an independent schedule,,False
MM Flip UHD,Xminimax-flip,Xminimax-flip,Кинозалы,,openbox-tsd,mm-flip-uhd,name,90,unverified,mapping has not yet been cross-checked against an independent schedule,,False
MM Honey HD,Xminimax-honey,Xminimax-honey,Кинозалы,,openbox-tsd,mm-honey,name,90,unverified,mapping has not yet been cross-checked against an independent schedule,,False
MM Live Planet HD,Xminimax-live-planet,Xminimax-live-planet,Кинозалы,,openbox-tsd,mm-live-planet,name,90,unverified,mapping has not yet been cross-checked against an independent schedule,,False
MM NewFilm 1 HD,Xminimax-newfilm1,Xminimax-newfilm1,Кинозалы,,openbox-tsd,mm-newfilm-1,name,90,unverified,mapping has not yet been cross-checked against an independent schedule,,False
MM NewFilm 2 HD,Xminimax-newfilm2,Xminimax-newfilm2,Кинозалы,,openbox-tsd,mm-newfilm-2,name,90,unverified,mapping has not yet been cross-checked against an independent schedule,,False
MM NewFilm 3 HD,Xminimax-newfilm3,Xminimax-newfilm3,Кинозалы,,openbox-tsd,mm-newfilm-3,name,90,unverified,mapping has not yet been cross-checked against an independent schedule,,False
MM NewFilm RU HD,Xminimax-newfilmru,Xminimax-newfilmru,Кинозалы,,openbox-tsd,mm-newfilm-ru,name,90,unverified,mapping has not yet been cross-checked against an independent schedule,,False
MM UFO HD,Xminimax-ufo,Xminimax-ufo,Кинозалы,,openbox-tsd,mm-ufo,name,90,unverified,mapping has not yet been cross-checked against an independent schedule,,False
MM USSR 1941-1945 HD,Xminimax-ussr-1941-1945,Xminimax-ussr-1941-1945,Кинозалы,,openbox-tsd,mm-ussr-1941-1945,name,90,unverified,mapping has not yet been cross-checked against an independent schedule,,False
MM USSR Детектив HD,Xminimax-ussr-detektiv,Xminimax-ussr-detektiv,Кинозалы,,openbox-tsd,mm-ussr-detektiv,name,90,unverified,mapping has not yet been cross-checked against an independent schedule,,False
MM USSR Комедия HD,Xminimax-ussr-komedija,Xminimax-ussr-komedija,Кинозалы,,openbox-tsd,mm-ussr-komediya,name,90,unverified,mapping has not yet been cross-checked against an independent schedule,,False
MM Боевик HD,Xminimax-boevik,Xminimax-boevik,Кинозалы,,openbox-tsd,mm-boevik,name,90,unverified,mapping has not yet been cross-checked against an independent schedule,,False
MM Боевик Classic HD,Xminimax-boevik_classic,Xminimax-boevik_classic,Кинозалы,,openbox-tsd,mm-boevik-classic,name,90,unverified,mapping has not yet been cross-checked against an independent schedule,,False
MM Вестерн HD,Xminimax-western,Xminimax-western,Кинозалы,,openbox-tsd,mm-vestern,name,90,unverified,mapping has not yet been cross-checked against an independent schedule,,False
MM Затмение HD,Xminimax-zatmenie,Xminimax-zatmenie,Кинозалы,,openbox-tsd,mm-zatmenie,name,90,unverified,mapping has not yet been cross-checked against an independent schedule,,False
MM История HD,Xminimax-istorija,Xminimax-istorija,Кинозалы,,openbox-tsd,mm-istoriya,name,90,unverified,mapping has not yet been cross-checked against an independent schedule,,False
MM Катастрофа HD,Xminimax-katastrofa,Xminimax-katastrofa,Кинозалы,,openbox-tsd,mm-katastrofa,name,90,unverified,mapping has not yet been cross-checked against an independent schedule,,False
MM Киберпанк HD,Xminimax-kiberpunk,Xminimax-kiberpunk,Кинозалы,,openbox-tsd,mm-kiberpank,name,90,unverified,mapping has not yet been cross-checked against an independent schedule,,False
MM Комедия Classic HD,Xminimax-comedy_classic,Xminimax-comedy_classic,Кинозалы,,openbox-tsd,mm-komediya-classic,name,90,unverified,mapping has not yet been cross-checked against an independent schedule,,False
MM Комедия HD,Xminimax-comedy,Xminimax-comedy,Кинозалы,,openbox-tsd,mm-komediya,name,90,unverified,mapping has not yet been cross-checked against an independent schedule,,False
MM Криминал HD,Xminimax-kriminal,Xminimax-kriminal,Кинозалы,,openbox-tsd,mm-kriminal,name,90,unverified,mapping has not yet been cross-checked against an independent schedule,,False
MM Крутые 90-е HD,Xminimax-krutie-90-e,Xminimax-krutie-90-e,Кинозалы,,openbox-tsd,mm-krutie-90-e,name,90,unverified,mapping has not yet been cross-checked against an independent schedule,,False
MM Кунг-Фу HD,Xminimax-kungfu,Xminimax-kungfu,Кинозалы,,openbox-tsd,mm-kung-fu,name,90,unverified,mapping has not yet been cross-checked against an independent schedule,,False
MM Мифология HD,Xminimax-mifologija,Xminimax-mifologija,Кинозалы,,openbox-tsd,mm-mifologiya,name,90,unverified,mapping has not yet been cross-checked against an independent schedule,,False
MM Нуар HD,Xminimax-nuar,Xminimax-nuar,Кинозалы,,openbox-tsd,mm-nuar,name,90,unverified,mapping has not yet been cross-checked against an independent schedule,,False
MM Погружение HD,Xminimax-pogrujenie,Xminimax-pogrujenie,Кинозалы,,openbox-tsd,mm-pogruzhenie,name,90,unverified,mapping has not yet been cross-checked against an independent schedule,,False
MM Приключения HD,Xminimax-prikluchenija,Xminimax-prikluchenija,Кинозалы,,openbox-tsd,mm-priklyucheniya,name,90,unverified,mapping has not yet been cross-checked against an independent schedule,,False
MM Роскино HD,Xminimax-roskino,Xminimax-roskino,Кинозалы,,openbox-tsd,mm-roskino,name,90,unverified,mapping has not yet been cross-checked against an independent schedule,,False
MM Сваты HD,Xminimax-svati,Xminimax-svati,Кинозалы,,openbox-tsd,mm-svati,name,90,unverified,mapping has not yet been cross-checked against an independent schedule,,False
MM Семейный 1 HD,Xminimax-family1,Xminimax-family1,Кинозалы,,openbox-tsd,mm-semeyniy-1,name,90,unverified,mapping has not yet been cross-checked against an independent schedule,,False
MM Семейный 2 HD,Xminimax-family2,Xminimax-family2,Кинозалы,,openbox-tsd,mm-semeyniy-2,name,90,unverified,mapping has not yet been cross-checked against an independent schedule,,False
MM Ситком HD,Xminimax-sitkom,Xminimax-sitkom,Кинозалы,,openbox-tsd,mm-sitkom,name,90,unverified,mapping has not yet been cross-checked against an independent schedule,,False
MM Ситком 2.0 HD,Xminimax-sitkom20,Xminimax-sitkom20,Кинозалы,,openbox-tsd,mm-sitkom-2-0,name,90,unverified,mapping has not yet been cross-checked against an independent schedule,,False
MM Скорость HD,Xminimax-skorost,Xminimax-skorost,Кинозалы,,openbox-tsd,mm-skorost,name,90,unverified,mapping has not yet been cross-checked against an independent schedule,,False
MM Спорт HD,Xminimax-sport,Xminimax-sport,Кинозалы,,openbox-tsd,mm-sport,name,90,unverified,mapping has not yet been cross-checked against an independent schedule,,False
MM Супергерои HD,Xminimax-supergeroi,Xminimax-supergeroi,Кинозалы,,openbox-tsd,mm-supergeroi,name,90,unverified,mapping has not yet been cross-checked against an independent schedule,,False
MM Триллер HD,Xminimax-triller,Xminimax-triller,Кинозалы,,openbox-tsd,mm-triller,name,90,unverified,mapping has not yet been cross-checked against an independent schedule,,False
MM Ужастик HD,Xminimax-ujastik,Xminimax-ujastik,Кинозалы,,openbox-tsd,mm-uzhastik,name,90,unverified,mapping has not yet been cross-checked against an independent schedule,,False
MM Ужасы Classic HD,Xminimax-ujasi-classic,Xminimax-ujasi-classic,Кинозалы,,openbox-tsd,mm-uzhasi-classic,name,90,unverified,mapping has not yet been cross-checked against an independent schedule,,False
MM Ужасы HD,Xminimax-ujasi,Xminimax-ujasi,Кинозалы,,openbox-tsd,mm-uzhasi,name,90,unverified,mapping has not yet been cross-checked against an independent schedule,,False
MM Фантастика HD,Xminimax-fantastika,Xminimax-fantastika,Кинозалы,,openbox-tsd,mm-fantastika,name,90,unverified,mapping has not yet been cross-checked against an independent schedule,,False
MM Фобия HD,Xminimax-fobija,Xminimax-fobija,Кинозалы,,openbox-tsd,mm-fobiya,name,90,unverified,mapping has not yet been cross-checked against an independent schedule,,False
MM Celebrity HD,Xminimax-celebrity,Xminimax-celebrity,Кинозалы,,openbox-tsd,mm-celebrity,name,90,unverified,mapping has not yet been cross-checked against an independent schedule,,False
MM Classic HD,Xminimax-classic,Xminimax-classic,Кинозалы,,openbox-tsd,mm-classic,name,90,unverified,mapping has not yet been cross-checked against an independent schedule,,False
MM Translation HD,Xminimax-translation,Xminimax-translation,Кинозалы,,openbox-tsd,mm-translation,name,90,unverified,mapping has not yet been cross-checked against an independent schedule,,False
MM Драма HD,Xminimax-drama,Xminimax-drama,Кинозалы,,openbox-tsd,mm-drama,name,90,unverified,mapping has not yet been cross-checked against an independent schedule,,False
MM Микромир HD,Xminimax-micromir,Xminimax-micromir,Кинозалы,,openbox-tsd,mm-mikromir,name,90,unverified,mapping has not yet been cross-checked against an independent schedule,,False
MM Макромир HD,Xminimax-makromir,Xminimax-makromir,Кинозалы,,openbox-tsd,mm-makromir,name,90,unverified,mapping has not yet been cross-checked against an independent schedule,,False
MM Мегамир HD,Xminimax-megamir,Xminimax-megamir,Кинозалы,,openbox-tsd,mm-megamir,name,90,unverified,mapping has not yet been cross-checked against an independent schedule,,False
MS Prisons HD,Xminimax-ms-prisons,Xminimax-ms-prisons,Кинозалы,,openbox-tsd,ms-prisons,name,90,unverified,mapping has not yet been cross-checked against an independent schedule,,False
MM Агата Кристи HD,Xminimax-agata,Xminimax-agata,Кинозалы,,openbox-tsd,mm-agata-kristi,name,90,unverified,mapping has not yet been cross-checked against an independent schedule,,False
MM Стивен Кинг HD,Xminimax-st-king,Xminimax-st-king,Кинозалы,,openbox-tsd,mm-stiven-king,name,90,unverified,mapping has not yet been cross-checked against an independent schedule,,False
CPS Western,,cps-western,Кинозалы,,openbox-tsd,cps-western,alias,100,verified,researched exact alias,,False
CPS USSR,,cps-ussr,Кинозалы,,openbox-tsd,cps-ussr,alias,100,verified,researched exact alias,,False
CPS Oscar,,cps-oscar,Кинозалы,,openbox-tsd,cps-oscar,alias,100,verified,researched exact alias,,False
CPS Jackie Chan,,cps-jackie-chan,Кинозалы,,openbox-tsd,cps-jackie-chan,alias,100,verified,researched exact alias,,False
Хіт Бойовик,,hit-boyovik,Кинозалы UA,,openbox-tsd,hit-boyovik,name,90,unverified,mapping has not yet been cross-checked against an independent schedule,,False
Хіт Комедія,,hit-komediya,Кинозалы UA,,openbox-tsd,hit-komediya,name,90,unverified,mapping has not yet been cross-checked against an independent schedule,,False
Premium Comedy HD,,premium-comedy,Кинозалы UA,,openbox-tsd,premium-comedy,alias,100,verified,researched exact alias,,False
Sweet Megahit HD,,sweet-megahit,Кинозалы UA,,openbox-tsd,sweet-megahit,name,90,unverified,mapping has not yet been cross-checked against an independent schedule,,False
Premium Action HD,,premium-action,Кинозалы UA,,openbox-tsd,premium-action,alias,100,verified,researched exact alias,,False
Action Prime HD,,action-prime,Кинозалы UA,,openbox-tsd,action-prime,alias,100,verified,researched exact alias,,False
Cinema Family HD,,cinema-family,Кинозалы UA,,openbox-tsd,cinema-family,name,90,unverified,mapping has not yet been cross-checked against an independent schedule,,False
Cinema Megahit HD,,cinema-megahit,Кинозалы UA,,openbox-tsd,cinema-megahit,name,90,unverified,mapping has not yet been cross-checked against an independent schedule,,False
Cinema Kinohit HD,,cinema-kinohit,Кинозалы UA,,openbox-tsd,cinema-kinohit,name,90,unverified,mapping has not yet been cross-checked against an independent schedule,,False
Cinema Legend HD,,cinema-legend,Кинозалы UA,,openbox-tsd,cinema-legend,name,90,unverified,mapping has not yet been cross-checked against an independent schedule,,False
Cinema Prime HD,,cinema-prime,Кинозалы UA,,openbox-tsd,cinema-prime,name,90,unverified,mapping has not yet been cross-checked against an independent schedule,,False
Cinema Action HD,,cinema-action,Кинозалы UA,,openbox-tsd,cinema-action,name,90,unverified,mapping has not yet been cross-checked against an independent schedule,,False
Cinema Comedy HD,,cinema-comedy,Кинозалы UA,,openbox-tsd,cinema-comedy,name,90,unverified,mapping has not yet been cross-checked against an independent schedule,,False
Cinema Fantasy HD,,cinema-fantasy,Кинозалы UA,,openbox-tsd,cinema-fantasy,name,90,unverified,mapping has not yet been cross-checked against an independent schedule,,False
Kino Premiere HD,,kino-premiere,Кинозалы UA,,openbox-tsd,kino-premiere,name,90,unverified,mapping has not yet been cross-checked against an independent schedule,,False
Kino Action HD,,kino-action,Кинозалы UA,,openbox-tsd,kino-action,name,90,unverified,mapping has not yet been cross-checked against an independent schedule,,False
Kino Comedy HD,,kino-comedy,Кинозалы UA,,openbox-tsd,kino-comedy,name,90,unverified,mapping has not yet been cross-checked against an independent schedule,,False
Cinema Horrors HD,,cinema-horrors,Кинозалы UA,,openbox-tsd,cinema-horrors,alias,100,verified,researched exact alias,,False
BCU Ultra 4K,Xbcu-ultra4k,Xbcu-ultra4k,Кино 4K,,openbox-tsd,bcu-ultra-4k,name,90,unverified,mapping has not yet been cross-checked against an independent schedule,,False
BCU Premiere Ultra 4K,Xbcu-premiere-4k,Xbcu-premiere-4k,Кино 4K,,openbox-tsd,bcu-premiere-ultra-4k,name,90,unverified,mapping has not yet been cross-checked against an independent schedule,,False
BCU Сваты 4K,,bcu-svati-4k,Кино 4K,,openbox-tsd,bcu-svati-4k,alias,100,verified,researched exact alias,,False
Кино UHD 4k,Xkino-ultra-hd,Xkino-ultra-hd,Кино 4K,,openbox-tsd,kino-uhd,name,90,unverified,mapping has not yet been cross-checked against an independent schedule,,False
CineMan Relax 4K,Xcineman-relax,Xcineman-relax,Кино 4K,,openbox-tsd,cineman-relax-4k,name,90,unverified,mapping has not yet been cross-checked against an independent schedule,,False
BOX Premiere 4K,Xbox-premiere4k,Xbox-premiere4k,Кино 4K,,openbox-tsd,box-premiere-4k,name,90,unverified,mapping has not yet been cross-checked against an independent schedule,,False
BOX Remast Plus 4K,Xbox-remast-plus-4k.png,Xbox-remast-plus-4k.png,Кино 4K,,openbox-tsd,box-remastplus-4k,alias,100,verified,researched exact alias,,False
YOSSO-4K,Xyosso-4k,Xyosso-4k,Кино 4K,,openbox-tsd,yosso-tv-4k,name,90,unverified,mapping has not yet been cross-checked against an independent schedule,,False
Матч! ПРЕМЬЕР,Xmatch-premier,Xmatch-premier,Спорт,,openbox-tsd,match-premer,name,90,unverified,mapping has not yet been cross-checked against an independent schedule,,False
Матч Премьер HD,Xmatch-premier,Xmatch-premier,Спорт,,openbox-tsd,match-premer,name,90,unverified,mapping has not yet been cross-checked against an independent schedule,,False
Матч Арена,Xmatch-arena,Xmatch-arena,Спорт,,openbox-tsd,match-arena,name,90,unverified,mapping has not yet been cross-checked against an independent schedule,,False
Матч! Арена HD,Xmatch-arena,Xmatch-arena,Спорт,,openbox-tsd,match-arena,name,90,unverified,mapping has not yet been cross-checked against an independent schedule,,False
Матч! Планета,Xmatch-planeta,Xmatch-planeta,Спорт,,openbox-tsd,match-planeta,name,90,unverified,mapping has not yet been cross-checked against an independent schedule,,False
Матч! HD,Xmatch-tv,Xmatch-tv,Спорт,,openbox-tsd,match,name,90,unverified,mapping has not yet been cross-checked against an independent schedule,,False
Матч! Боец HD,Xmatch-boets,Xmatch-boets,Спорт,,openbox-tsd,match-boec,name,90,unverified,mapping has not yet been cross-checked against an independent schedule,,False
МАТЧ! Страна,Xmatch-nash-sport,Xmatch-nash-sport,Спорт,,openbox-tsd,match-strana,name,90,unverified,mapping has not yet been cross-checked against an independent schedule,,False
Матч! Страна HD,Xmatch-nash-sport,Xmatch-nash-sport,Спорт,,openbox-tsd,match-strana,name,90,unverified,mapping has not yet been cross-checked against an independent schedule,,False
Матч! Игра,Xmatch-igra,Xmatch-igra,Спорт,,openbox-tsd,match-igra,name,90,unverified,mapping has not yet been cross-checked against an independent schedule,,False
Матч! Игра HD,Xmatch-igra,Xmatch-igra,Спорт,,openbox-tsd,match-igra,name,90,unverified,mapping has not yet been cross-checked against an independent schedule,,False
Матч! Футбол 1 HD,Xmatch-football1,Xmatch-football1,Спорт,,openbox-tsd,match-futbol-1,name,90,unverified,mapping has not yet been cross-checked against an independent schedule,,False
Матч Футбол 1,Xmatch-football1,Xmatch-football1,Спорт,,openbox-tsd,match-futbol-1,name,90,unverified,mapping has not yet been cross-checked against an independent schedule,,False
Матч! Футбол 2 HD,Xmatch-football2,Xmatch-football2,Спорт,,openbox-tsd,match-futbol-2,name,90,unverified,mapping has not yet been cross-checked against an independent schedule,,False
Матч! Футбол 3 HD,Xmatch-football3,Xmatch-football3,Спорт,,openbox-tsd,match-futbol-3,name,90,unverified,mapping has not yet been cross-checked against an independent schedule,,False
Megogo Спорт HD,Xmegogo-sport,Xmegogo-sport,Спорт,,openbox-tsd,megogo-sport,name,90,unverified,mapping has not yet been cross-checked against an independent schedule,,False
Setanta Sports Premium HD,,setanta-sports-premium,Спорт,,openbox-tsd,setanta-sports-premium,name,90,unverified,mapping has not yet been cross-checked against an independent schedule,,False
Setanta Sports 1 HD,Xsetanta-sports,Xsetanta-sports,Спорт,,openbox-tsd,setanta-sports-1,name,90,unverified,mapping has not yet been cross-checked against an independent schedule,,False
Setanta Qazaqstan,Xsetanta-kz,Xsetanta-kz,Спорт,,openbox-tsd,setanta-qazaqstan,name,90,unverified,mapping has not yet been cross-checked against an independent schedule,,False
Суспільне Спорт,Xsuspilne-sport-ua,Xsuspilne-sport-ua,Спорт,,openbox-tsd,ua-sport,name,90,unverified,mapping has not yet been cross-checked against an independent schedule,,False
КХЛ,Xkxl,Xkxl,Спорт,,openbox-tsd,khl,name,90,unverified,mapping has not yet been cross-checked against an independent schedule,,False
KHL Prime,Xkxl-hd,Xkxl-hd,Спорт,,openbox-tsd,khl-prime,name,90,unverified,mapping has not yet been cross-checked against an independent schedule,,False
Бокс ТВ,Xbox-tv,Xbox-tv,Спорт,,openbox-tsd,boks-tv,name,90,unverified,mapping has not yet been cross-checked against an independent schedule,,False
Авто Плюс,Xavto-plus,Xavto-plus,Спорт,,openbox-tsd,avto-plyus,name,90,unverified,mapping has not yet been cross-checked against an independent schedule,,False
Extreme Sports,Xextreme-sports,Xextreme-sports,Спорт,,openbox-tsd,extreme-sports,name,90,unverified,mapping has not yet been cross-checked against an independent schedule,,False
Спортивный,Xsportivny,Xsportivny,Спорт,,openbox-tsd,sportivniy,name,90,unverified,mapping has not yet been cross-checked against an independent schedule,,False
Живи активно HD,Xzhivi-aktivno,Xzhivi-aktivno,Спорт,,openbox-tsd,zhivi-aktivno,name,90,unverified,mapping has not yet been cross-checked against an independent schedule,,False
MMA-TV HD,,mma-tv,Спорт,,openbox-tsd,mma-tv,name,90,unverified,mapping has not yet been cross-checked against an independent schedule,,False
Equalympic HD,X	no_epg_sport,X	no_epg_sport,Спорт,,openbox-tsd,equalympic,name,90,unverified,mapping has not yet been cross-checked against an independent schedule,,False
FightBox,Xfightbox-hd,Xfightbox-hd,Спорт,,openbox-tsd,fightbox,name,90,unverified,mapping has not yet been cross-checked against an independent schedule,,False
Fast&FunBox,Xfastfunbox-hd,Xfastfunbox-hd,Спорт,,openbox-tsd,fast-and-funbox,name,90,unverified,mapping has not yet been cross-checked against an independent schedule,,False
UPL.TV HD,Xupltv,Xupltv,Спорт,,openbox-tsd,upl-tv,name,90,unverified,mapping has not yet been cross-checked against an independent schedule,,False
Sport 1 Baltic,Xsport1-baltic,Xsport1-baltic,Спорт,,openbox-tsd,sport-1-baltic,name,90,unverified,mapping has not yet been cross-checked against an independent schedule,,False
DocuBox HD,Xdocubox-hd,Xdocubox-hd,Познавательные,,openbox-tsd,docubox-hd,name,90,unverified,mapping has not yet been cross-checked against an independent schedule,,False
Viju Explore HD,Xviasat-explore,Xviasat-explore,Познавательные,,openbox-tsd,viasat-explore-ru,name,90,unverified,mapping has not yet been cross-checked against an independent schedule,,False
Big Planet HD,Xbig-planet,Xbig-planet,Познавательные,,openbox-tsd,big-planet,name,90,unverified,mapping has not yet been cross-checked against an independent schedule,,False
RTG HD,Xrtg-hd,Xrtg-hd,Познавательные,,openbox-tsd,rtg-tv-hd,name,90,unverified,mapping has not yet been cross-checked against an independent schedule,,False
Travel+Adventure HD,Xtravel-adventure,Xtravel-adventure,Познавательные,,openbox-tsd,travel-plus-adventure,name,90,unverified,mapping has not yet been cross-checked against an independent schedule,,False
Глазами туриста HD,Xglazami-turista,Xglazami-turista,Познавательные,,openbox-tsd,glazami-turista,name,90,unverified,mapping has not yet been cross-checked against an independent schedule,,False
Приключения HD,Xprikluchenia-hd,Xprikluchenia-hd,Познавательные,,openbox-tsd,priklyucheniya-hd,name,90,unverified,mapping has not yet been cross-checked against an independent schedule,,False
Большая Азия HD,Xbolshaya-azia,Xbolshaya-azia,Познавательные,,openbox-tsd,bolshaya-aziya,name,90,unverified,mapping has not yet been cross-checked against an independent schedule,,False
Поехали HD,Xpoexali,Xpoexali,Познавательные,,openbox-tsd,poehali,name,90,unverified,mapping has not yet been cross-checked against an independent schedule,,False
Живая природа HD,Xzhivaya-priroda,Xzhivaya-priroda,Познавательные,,openbox-tsd,zhivaya-priroda,name,90,unverified,mapping has not yet been cross-checked against an independent schedule,,False
Живая планета,Xzhivaya-planeta,Xzhivaya-planeta,Познавательные,,openbox-tsd,zhivaya-planeta,name,90,unverified,mapping has not yet been cross-checked against an independent schedule,,False
Охота и Рыбалка,Xoxota-i-rybalka,Xoxota-i-rybalka,Познавательные,,openbox-tsd,ohota-i-ribalka,name,90,unverified,mapping has not yet been cross-checked against an independent schedule,,False
Дикая охота HD,Xdikaya-oxota-hd,Xdikaya-oxota-hd,Познавательные,,openbox-tsd,dikaya-ohota-hd,name,90,unverified,mapping has not yet been cross-checked against an independent schedule,,False
Дикая рыбалка HD,Xdikaya-rybalka-hd,Xdikaya-rybalka-hd,Познавательные,,openbox-tsd,dikaya-ribalka-hd,name,90,unverified,mapping has not yet been cross-checked against an independent schedule,,False
Continent E,Xcontinent-e,Xcontinent-e,Познавательные,,openbox-tsd,continent-e,name,90,unverified,mapping has not yet been cross-checked against an independent schedule,,False
Трофей HD,Xtrofey,Xtrofey,Познавательные,,openbox-tsd,trofey,name,90,unverified,mapping has not yet been cross-checked against an independent schedule,,False
Загородная Жизнь,Xzagorodnaya-zhizn,Xzagorodnaya-zhizn,Познавательные,,openbox-tsd,zagorodnaya-zhizn,name,90,unverified,mapping has not yet been cross-checked against an independent schedule,,False
Загородный,Xzagorodny,Xzagorodny,Познавательные,,openbox-tsd,zagorodniy-tv,name,90,unverified,mapping has not yet been cross-checked against an independent schedule,,False
Усадьба,Xusadba,Xusadba,Познавательные,,openbox-tsd,usadba,name,90,unverified,mapping has not yet been cross-checked against an independent schedule,,False
6 соток,X6sotok,X6sotok,Познавательные,,openbox-tsd,6-sotok,name,90,unverified,mapping has not yet been cross-checked against an independent schedule,,False
Дача HD,Xdacha,Xdacha,Познавательные,,openbox-tsd,dacha,name,90,unverified,mapping has not yet been cross-checked against an independent schedule,,False
Про Київ,,pro-kiiv,Познавательные,,openbox-tsd,pro-kiiv,name,90,unverified,mapping has not yet been cross-checked against an independent schedule,,False
Знаєм 24,,znaem-24,Познавательные,,openbox-tsd,znaem-24,name,90,unverified,mapping has not yet been cross-checked against an independent schedule,,False
Дикий,Xdikiy,Xdikiy,Познавательные,,openbox-tsd,dikiy,name,90,unverified,mapping has not yet been cross-checked against an independent schedule,,False
Арсенал HD,Xarsenaltv,Xarsenaltv,Познавательные,,openbox-tsd,arsenal,name,90,unverified,mapping has not yet been cross-checked against an independent schedule,,False
Мужской,Xmuzhskoy,Xmuzhskoy,Познавательные,,openbox-tsd,muzhskoy,name,90,unverified,mapping has not yet been cross-checked against an independent schedule,,False
Наука 2.0,Xnauka-20,Xnauka-20,Познавательные,,openbox-tsd,nauka-ru,name,90,unverified,mapping has not yet been cross-checked against an independent schedule,,False
Моя Планета,Xmoya-planeta,Xmoya-planeta,Познавательные,,openbox-tsd,moya-planeta,name,90,unverified,mapping has not yet been cross-checked against an independent schedule,,False
Совершенно секретно,Xsovsek,Xsovsek,Познавательные,,openbox-tsd,sovershenno-sekretno,name,90,unverified,mapping has not yet been cross-checked against an independent schedule,,False
Кто есть кто,Xkto-est-kto,Xkto-est-kto,Познавательные,,openbox-tsd,kto-est-kto,name,90,unverified,mapping has not yet been cross-checked against an independent schedule,,False
История,Xistoria,Xistoria,Познавательные,,openbox-tsd,istoriya,name,90,unverified,mapping has not yet been cross-checked against an independent schedule,,False
365 дней ТВ,X365-dnej,X365-dnej,Познавательные,,openbox-tsd,365-dney-tv,name,90,unverified,mapping has not yet been cross-checked against an independent schedule,,False
Психология 21,Xpsixologia-21,Xpsixologia-21,Познавательные,,openbox-tsd,psihologiya-21,name,90,unverified,mapping has not yet been cross-checked against an independent schedule,,False
Вопросы и ответы,Xvoprosy-i-otvety,Xvoprosy-i-otvety,Познавательные,,openbox-tsd,voprosi-i-otveti,name,90,unverified,mapping has not yet been cross-checked against an independent schedule,,False
Оружие,Xoruzhie,Xoruzhie,Познавательные,,openbox-tsd,oruzhie,name,90,unverified,mapping has not yet been cross-checked against an independent schedule,,False
Terra,Xterra-ru,Xterra-ru,Познавательные,,openbox-tsd,terra,name,90,unverified,mapping has not yet been cross-checked against an independent schedule,,False
Terra HD,Xterra-ru,Xterra-ru,Познавательные,,openbox-tsd,terra,name,90,unverified,mapping has not yet been cross-checked against an independent schedule,,False
Машина часу,,mashina-chasu,Познавательные,,openbox-tsd,mashina-chasu,name,90,unverified,mapping has not yet been cross-checked against an independent schedule,,False
Домашние Животные,Xdomashnie-zhivotnye,Xdomashnie-zhivotnye,Познавательные,,openbox-tsd,domashnie-zhivotnie,name,90,unverified,mapping has not yet been cross-checked against an independent schedule,,False
Ocean TV,Xocean-tv,Xocean-tv,Познавательные,,openbox-tsd,okean-tv,name,90,unverified,mapping has not yet been cross-checked against an independent schedule,,False
Sea TV HD,Xsea-tv,Xsea-tv,Познавательные,,openbox-tsd,sea-tv,name,90,unverified,mapping has not yet been cross-checked against an independent schedule,,False
Galaxy,Xgalaxy-tv,Xgalaxy-tv,Познавательные,,openbox-tsd,galaxy,name,90,unverified,mapping has not yet been cross-checked against an independent schedule,,False
Моя стихия,Xmorskoy,Xmorskoy,Познавательные,,openbox-tsd,moya-stihiya,name,90,unverified,mapping has not yet been cross-checked against an independent schedule,,False
Телепутешествия,Xteleputeshestvia,Xteleputeshestvia,Познавательные,,openbox-tsd,teleputeshestviya,name,90,unverified,mapping has not yet been cross-checked against an independent schedule,,False
В мире животных HD,Xv-mire-zhivotnyx-hd,Xv-mire-zhivotnyx-hd,Познавательные,,openbox-tsd,v-mire-zhivotnih,name,90,unverified,mapping has not yet been cross-checked against an independent schedule,,False
Первый Космический HD,Xeureka-hd,Xeureka-hd,Познавательные,,openbox-tsd,1-kosmicheskiy,name,90,unverified,mapping has not yet been cross-checked against an independent schedule,,False
Quiz TV,Xquiz-tv,Xquiz-tv,Познавательные,,openbox-tsd,quiz-tv,name,90,unverified,mapping has not yet been cross-checked against an independent schedule,,False
Світло HD,Xepoque,Xepoque,Познавательные,,openbox-tsd,svitlo,name,90,unverified,mapping has not yet been cross-checked against an independent schedule,,False
Терра,Xterra,Xterra,Познавательные,,openbox-tsd,terra,name,90,unverified,mapping has not yet been cross-checked against an independent schedule,,False
Фауна,Xfauna,Xfauna,Познавательные,,openbox-tsd,fauna,name,90,unverified,mapping has not yet been cross-checked against an independent schedule,,False
Масон ТВ,Xmason-tv,Xmason-tv,Познавательные,,openbox-tsd,mason-tv,name,90,unverified,mapping has not yet been cross-checked against an independent schedule,,False
UTravel,Xutravel,Xutravel,Познавательные,,openbox-tsd,utravel,name,90,unverified,mapping has not yet been cross-checked against an independent schedule,,False
CGTN Русский,Xcctv-ru,Xcctv-ru,Познавательные,,openbox-tsd,cgtn-ru,name,90,unverified,mapping has not yet been cross-checked against an independent schedule,,False
BOX Docu HD,Xbox-docu,Xbox-docu,Познавательные,,openbox-tsd,box-docu,name,90,unverified,mapping has not yet been cross-checked against an independent schedule,,False
BOX Travel HD,Xbox-travel,Xbox-travel,Познавательные,,openbox-tsd,box-travel,name,90,unverified,mapping has not yet been cross-checked against an independent schedule,,False
Curiosity Stream HD,Xcuriosity-stream,Xcuriosity-stream,Познавательные,,openbox-tsd,curiosity-stream,name,90,unverified,mapping has not yet been cross-checked against an independent schedule,,False
Кто Куда,Xmir-uvlecheniy,Xmir-uvlecheniy,Познавательные,,openbox-tsd,mir-uvlecheniy,name,90,unverified,mapping has not yet been cross-checked against an independent schedule,,False
Драйв,Xdrive,Xdrive,Познавательные,,openbox-tsd,drayv,name,90,unverified,mapping has not yet been cross-checked against an independent schedule,,False
Ключ,Xkluch,Xkluch,Познавательные,,openbox-tsd,klyuch,name,90,unverified,mapping has not yet been cross-checked against an independent schedule,,False
myZen.tv HD,Xmyzen-tv,Xmyzen-tv,Познавательные,,openbox-tsd,myzen-tv,name,90,unverified,mapping has not yet been cross-checked against an independent schedule,,False
Зоопарк,Xzoopark,Xzoopark,Познавательные,,openbox-tsd,zoopark,name,90,unverified,mapping has not yet been cross-checked against an independent schedule,,False
Кто Куда,Xmir-uvlecheniy,Xmir-uvlecheniy,Познавательные,,openbox-tsd,mir-uvlecheniy,name,90,unverified,mapping has not yet been cross-checked against an independent schedule,,False
MM Открытия HD,Xminimax-otkritiya,Xminimax-otkritiya,Познавательные,,openbox-tsd,mm-otkritiya,name,90,unverified,mapping has not yet been cross-checked against an independent schedule,,False
Museum 4K,Xmuseum-4k,Xmuseum-4k,Познавательные,,openbox-tsd,museum-hd,name,90,unverified,mapping has not yet been cross-checked against an independent schedule,,False
Глазами туриста 4K,Xglazami-turista-4k,Xglazami-turista-4k,Познавательные,,openbox-tsd,glazami-turista,name,90,unverified,mapping has not yet been cross-checked against an independent schedule,,False
Jim Jam,Xjimjam,Xjimjam,Детские,,openbox-tsd,jim-jam,name,90,unverified,mapping has not yet been cross-checked against an independent schedule,,False
СТС kids,Xsts-kids-hd,Xsts-kids-hd,Детские,,openbox-tsd,sts-kids,name,90,unverified,mapping has not yet been cross-checked against an independent schedule,,False
СТС Kids HD,Xsts-kids-hd,Xsts-kids-hd,Детские,,openbox-tsd,sts-kids,name,90,unverified,mapping has not yet been cross-checked against an independent schedule,,False
NIKI Kids,Xniki-kids,Xniki-kids,Детские,,openbox-tsd,niki-kids,name,90,unverified,mapping has not yet been cross-checked against an independent schedule,,False
NIKI Junior,Xniki-junior,Xniki-junior,Детские,,openbox-tsd,niki-junior,name,90,unverified,mapping has not yet been cross-checked against an independent schedule,,False
Детский мир,Xdetsky-mir,Xdetsky-mir,Детские,,openbox-tsd,detskiy-mir,name,90,unverified,mapping has not yet been cross-checked against an independent schedule,,False
Уникум,Xdetsky,Xdetsky,Детские,,openbox-tsd,unikum,name,90,unverified,mapping has not yet been cross-checked against an independent schedule,,False
BCU Мультсериал,Xbcu-multserial,Xbcu-multserial,Детские,,openbox-tsd,bcu-multserial,name,90,unverified,mapping has not yet been cross-checked against an independent schedule,,False
BCU Little HD,Xbcu-little,Xbcu-little,Детские,,openbox-tsd,bcu-little,name,90,unverified,mapping has not yet been cross-checked against an independent schedule,,False
Kids TV,Xkidstv,Xkidstv,Детские,,openbox-tsd,kids-tv,name,90,unverified,mapping has not yet been cross-checked against an independent schedule,,False
Карусель,Xkarusel,Xkarusel,Детские,,openbox-tsd,karusel,name,90,unverified,mapping has not yet been cross-checked against an independent schedule,,False
Мульт,Xmult,Xmult,Детские,,openbox-tsd,mult,name,90,unverified,mapping has not yet been cross-checked against an independent schedule,,False
В гостях у сказки,Xv-gostiax-u-skazki,Xv-gostiax-u-skazki,Детские,,openbox-tsd,v-gostyah-u-skazki,name,90,unverified,mapping has not yet been cross-checked against an independent schedule,,False
MYTV  Kids,XMyTVmytvkids-4,XMyTVmytvkids-4,Детские,,openbox-tsd,mytv-kids,name,90,unverified,mapping has not yet been cross-checked against an independent schedule,,False
Плюс Плюс,Xplusplus,Xplusplus,Детские,,openbox-tsd,plyus-plyus,name,90,unverified,mapping has not yet been cross-checked against an independent schedule,,False
Sweet Мультфільми HD,no_epg_cinema,sweet-multfilmi,Детские,,openbox-tsd,sweet-multfilmi,name,90,unverified,mapping has not yet been cross-checked against an independent schedule,,False
Ani,Xani,Xani,Детские,,openbox-tsd,ani,name,90,unverified,mapping has not yet been cross-checked against an independent schedule,,False
Cine+ Kids,Xcine-plus-kids,Xcine-plus-kids,Детские,,openbox-tsd,cine-plus-kids,name,90,unverified,mapping has not yet been cross-checked against an independent schedule,,False
Капитан Фантастика,Xginger-hd,Xginger-hd,Детские,,openbox-tsd,kapitan-fantastika,name,90,unverified,mapping has not yet been cross-checked against an independent schedule,,False
2x2,X2na2,X2na2,Детские,,openbox-tsd,2x2,name,90,unverified,mapping has not yet been cross-checked against an independent schedule,,False
KinoKazka,Xkinokazka,Xkinokazka,Детские,,openbox-tsd,kinokazka,name,90,unverified,mapping has not yet been cross-checked against an independent schedule,,False
Мама,Xmama,Xmama,Детские,,openbox-tsd,mama,name,90,unverified,mapping has not yet been cross-checked against an independent schedule,,False
Радость моя,Xradost-moya,Xradost-moya,Детские,,openbox-tsd,radost-moya,name,90,unverified,mapping has not yet been cross-checked against an independent schedule,,False
О!,Xo_,Xo_,Детские,,openbox-tsd,o-rus,name,90,unverified,mapping has not yet been cross-checked against an independent schedule,,False
Cartoons 90,Xcartoons-90,Xcartoons-90,Детские,,openbox-tsd,cartoons-90,name,90,unverified,mapping has not yet been cross-checked against an independent schedule,,False
Cartoons Short,Xcartoons-short,Xcartoons-short,Детские,,openbox-tsd,cartoons-short,name,90,unverified,mapping has not yet been cross-checked against an independent schedule,,False
Cartoons Big,Xcartoons-big,Xcartoons-big,Детские,,openbox-tsd,cartoons-big,name,90,unverified,mapping has not yet been cross-checked against an independent schedule,,False
FAN HD,Xfanhd,Xfanhd,Детские,,openbox-tsd,fan-tv,name,90,unverified,mapping has not yet been cross-checked against an independent schedule,,False
BOX Anime HD,Xbox-anime,Xbox-anime,Детские,,openbox-tsd,box-anime,name,90,unverified,mapping has not yet been cross-checked against an independent schedule,,False
BOX M.Serial HD,Xbox-m-serial,Xbox-m-serial,Детские,,openbox-tsd,box-m-serial,name,90,unverified,mapping has not yet been cross-checked against an independent schedule,,False
CineMan KIDS 4K,Xcineman-kids4k,Xcineman-kids4k,Детские,,openbox-tsd,cineman-kids-4k,name,90,unverified,mapping has not yet been cross-checked against an independent schedule,,False
CPS Cartoon,,cps-cartoon,Детские,,openbox-tsd,cps-cartoon,alias,100,verified,researched exact alias,,False
КВН ТВ,Xkvn-tv,Xkvn-tv,Разное,,openbox-tsd,kvn-tv,name,90,unverified,mapping has not yet been cross-checked against an independent schedule,,False
ТВОЁ ТВ HD - ЮМОР,Xtvoetv-humor,Xtvoetv-humor,Разное,,openbox-tsd,tvoe-tv-yumor,name,90,unverified,mapping has not yet been cross-checked against an independent schedule,,False
ТВОЁ ТВ HD,Xtvoyo-tv-hd,Xtvoyo-tv-hd,Разное,,openbox-tsd,tvoe-tv,name,90,unverified,mapping has not yet been cross-checked against an independent schedule,,False
НТВ Право,Xntv-pravo,Xntv-pravo,Разное,,openbox-tsd,ntv-pravo,name,90,unverified,mapping has not yet been cross-checked against an independent schedule,,False
FashionBox,Xfashionbox-hd,Xfashionbox-hd,Разное,,openbox-tsd,fashionbox-hd,name,90,unverified,mapping has not yet been cross-checked against an independent schedule,,False
Доктор,Xdoktor,Xdoktor,Разное,,openbox-tsd,doktor,name,90,unverified,mapping has not yet been cross-checked against an independent schedule,,False
Здоровое ТВ,Xzdorovoe-tv,Xzdorovoe-tv,Разное,,openbox-tsd,zdorovoe-tv,name,90,unverified,mapping has not yet been cross-checked against an independent schedule,,False
Театр,Xteatr,Xteatr,Разное,,openbox-tsd,teatr-tv,name,90,unverified,mapping has not yet been cross-checked against an independent schedule,,False
Кухня ТВ,Xkuxnia-tv,Xkuxnia-tv,Разное,,openbox-tsd,kuhnya-tv,name,90,unverified,mapping has not yet been cross-checked against an independent schedule,,False
Союз,Xsoyuz,Xsoyuz,Разное,,openbox-tsd,soyuz,name,90,unverified,mapping has not yet been cross-checked against an independent schedule,,False
Успех,Xuspex,Xuspex,Разное,,openbox-tsd,uspeh,name,90,unverified,mapping has not yet been cross-checked against an independent schedule,,False
Ностальгия,Xnostalgia,Xnostalgia,Разное,,openbox-tsd,nostalgiya,name,90,unverified,mapping has not yet been cross-checked against an independent schedule,,False
Живи!,Xzhivi,Xzhivi,Разное,,openbox-tsd,zhivi,name,90,unverified,mapping has not yet been cross-checked against an independent schedule,,False
Сарафан,Xsarafan,Xsarafan,Разное,,openbox-tsd,sarafan,name,90,unverified,mapping has not yet been cross-checked against an independent schedule,,False
English Club TV,Xenglish-club-tv,Xenglish-club-tv,Разное,,openbox-tsd,english-club-tv,name,90,unverified,mapping has not yet been cross-checked against an independent schedule,,False
4ever Music HD,X4ever-music,X4ever-music,Музыкальные,,openbox-tsd,4ever-music,alias,100,verified,researched exact alias,,False
Жара HD,Xzhara,Xzhara,Музыкальные,,openbox-tsd,zhara,name,90,unverified,mapping has not yet been cross-checked against an independent schedule,,False
Жара,Xzhara,Xzhara,Музыкальные,,openbox-tsd,zhara,name,90,unverified,mapping has not yet been cross-checked against an independent schedule,,False
Megogo Live HD,Xmegogo-live,Xmegogo-live,Музыкальные,,openbox-tsd,megogo-live,name,90,unverified,mapping has not yet been cross-checked against an independent schedule,,False
Bridge TV Classic,Xbridge-tv-classic,Xbridge-tv-classic,Музыкальные,,openbox-tsd,bridge-tv-classic,name,90,unverified,mapping has not yet been cross-checked against an independent schedule,,False
Bridge TV,Xbridge-tv,Xbridge-tv,Музыкальные,,openbox-tsd,bridge-tv,name,90,unverified,mapping has not yet been cross-checked against an independent schedule,,False
Bridge TV Шлягер,Xbridge-tv-shlager,Xbridge-tv-shlager,Музыкальные,,openbox-tsd,bridge-tv-shlyager,name,90,unverified,mapping has not yet been cross-checked against an independent schedule,,False
Muzvar HD,Xmuzwar,Xmuzwar,Музыкальные,,openbox-tsd,muzvar,name,90,unverified,mapping has not yet been cross-checked against an independent schedule,,False
Mezzo,Xmezzo,Xmezzo,Музыкальные,,openbox-tsd,mezzo,name,90,unverified,mapping has not yet been cross-checked against an independent schedule,,False
Mezzo Live HD,Xmezzo-live-hd,Xmezzo-live-hd,Музыкальные,,openbox-tsd,mezzo-live-hd,name,90,unverified,mapping has not yet been cross-checked against an independent schedule,,False
Шансон ТВ,Xshanson-tv,Xshanson-tv,Музыкальные,,openbox-tsd,shanson-tv,name,90,unverified,mapping has not yet been cross-checked against an independent schedule,,False
Мультимузыка,Xmultimuzyka,Xmultimuzyka,Музыкальные,,openbox-tsd,multimuzika,name,90,unverified,mapping has not yet been cross-checked against an independent schedule,,False
RU.TV,Xru-tv,Xru-tv,Музыкальные,,openbox-tsd,ru-tv,name,90,unverified,mapping has not yet been cross-checked against an independent schedule,,False
Музыка,Xmuzyka-pervogo,Xmuzyka-pervogo,Музыкальные,,openbox-tsd,muzika,name,90,unverified,mapping has not yet been cross-checked against an independent schedule,,False
Ля-минор,Xla-minor,Xla-minor,Музыкальные,,openbox-tsd,lya-minor,name,90,unverified,mapping has not yet been cross-checked against an independent schedule,,False
Black,,black,Музыкальные,,openbox-tsd,black,name,90,unverified,mapping has not yet been cross-checked against an independent schedule,,False
Наше music HD,Xnashe,Xnashe,Музыкальные,,openbox-tsd,nashe-music-hd,name,90,unverified,mapping has not yet been cross-checked against an independent schedule,,False
UA.Music HD,,ua-music,Музыкальные,,openbox-tsd,ua-music,name,90,unverified,mapping has not yet been cross-checked against an independent schedule,,False
EU Music HD,,eu-music,Музыкальные,,openbox-tsd,eu-music,name,90,unverified,mapping has not yet been cross-checked against an independent schedule,,False
AIVA,,aiva,Музыкальные,,openbox-tsd,aiva,name,90,unverified,mapping has not yet been cross-checked against an independent schedule,,False
Беларусь 1,Xbelarus1,Xbelarus1,Беларусь,BY,openbox-tsd,belarus-1,name,90,unverified,mapping has not yet been cross-checked against an independent schedule,,False
Беларусь 3,Xbelarus3,Xbelarus3,Беларусь,BY,openbox-tsd,belarus-3,name,90,unverified,mapping has not yet been cross-checked against an independent schedule,,False
Беларусь 4 Витебск,Xbelarus4,Xbelarus4,Беларусь,BY,openbox-tsd,belarus-4-vitebsk,name,90,unverified,mapping has not yet been cross-checked against an independent schedule,,False
Беларусь 5,Xbelarus5,Xbelarus5,Беларусь,BY,openbox-tsd,belarus-5,name,90,unverified,mapping has not yet been cross-checked against an independent schedule,,False
БелРос HD,Xtro,Xtro,Беларусь,BY,openbox-tsd,soyuzniy,name,90,unverified,mapping has not yet been cross-checked against an independent schedule,,False
Беларусь 24,Xbelarus24,Xbelarus24,Беларусь,BY,openbox-tsd,belarus-24,name,90,unverified,mapping has not yet been cross-checked against an independent schedule,,False
СТВ,Xstv-by,Xstv-by,Беларусь,BY,openbox-tsd,stv,name,90,unverified,mapping has not yet been cross-checked against an independent schedule,,False
ОНТ,Xont-by,Xont-by,Беларусь,BY,openbox-tsd,ont,name,90,unverified,mapping has not yet been cross-checked against an independent schedule,,False
Спорт ТВ [BY],Xsport-tv-by,Xsport-tv-by,Беларусь,BY,openbox-tsd,sport-tv-by,name,90,unverified,mapping has not yet been cross-checked against an independent schedule,,False
8 канал Беларусь,X8kanal-by,X8kanal-by,Беларусь,BY,openbox-tsd,8-kanal-belarus,name,90,unverified,mapping has not yet been cross-checked against an independent schedule,,False
Яснае ТВ HD,Xminsk-tv,Xminsk-tv,Беларусь,BY,openbox-tsd,yasnae-tv,name,90,unverified,mapping has not yet been cross-checked against an independent schedule,,False
Первый Информационный HD,Xpervy-info-by,Xpervy-info-by,Беларусь,BY,openbox-tsd,1-info-by,name,90,unverified,mapping has not yet been cross-checked against an independent schedule,,False
RU.TV,Xru-tv-by,Xru-tv-by,Беларусь,BY,openbox-tsd,ru-tv,name,90,wrong,explicit XMLTV country RU conflicts with provider region BY,,True
NEXT Volt,Xnext-volt,Xnext-volt,Кинозалы,,next-dedicated,NEXTVolt,name,90,unverified,mapping has not yet been cross-checked against an independent schedule,,False
NEXT Blaze,Xnext-blaze,Xnext-blaze,Кинозалы,,next-dedicated,NEXTBlaze,name,90,unverified,mapping has not yet been cross-checked against an independent schedule,,False
NEXT Spark,Xnext-spark,Xnext-spark,Кинозалы,,next-dedicated,NEXTSpark,name,90,unverified,mapping has not yet been cross-checked against an independent schedule,,False
NEXT Mythic,Xnext-mythic,Xnext-mythic,Кинозалы,,next-dedicated,NEXTMythic,name,90,unverified,mapping has not yet been cross-checked against an independent schedule,,False
NEXT Shadow,Xnext-shadow,Xnext-shadow,Кинозалы,,next-dedicated,NEXTShadow,name,90,unverified,mapping has not yet been cross-checked against an independent schedule,,False
NEXT Vibe,Xnext-vibe,Xnext-vibe,Кинозалы,,next-dedicated,NEXTVibe,name,90,unverified,mapping has not yet been cross-checked against an independent schedule,,False
NEXT Aura,Xnext-aura,Xnext-aura,Кинозалы,,next-dedicated,NEXTAura,name,90,unverified,mapping has not yet been cross-checked against an independent schedule,,False
NEXT Venture,Xnext-venture,Xnext-venture,Кинозалы,,next-dedicated,NEXTVenture,name,90,unverified,mapping has not yet been cross-checked against an independent schedule,,False
NEXT Epic,Xnext-epic,Xnext-epic,Кинозалы,,next-dedicated,NEXTEpic,name,90,unverified,mapping has not yet been cross-checked against an independent schedule,,False
NEXT Horizon,Xnext-horizon,Xnext-horizon,Кинозалы,,next-dedicated,NEXTHorizon,name,90,unverified,mapping has not yet been cross-checked against an independent schedule,,False
NEXT Joy,Xnext-joy,Xnext-joy,Кинозалы,,next-dedicated,NEXTJoy,name,90,unverified,mapping has not yet been cross-checked against an independent schedule,,False
NEXT Echo,Xnext-echo,Xnext-echo,Кинозалы,,next-dedicated,NEXTEcho,name,90,unverified,mapping has not yet been cross-checked against an independent schedule,,False
NEXT Fusion,Xnext-fusion,Xnext-fusion,Кинозалы,,next-dedicated,NEXTFusion,name,90,unverified,mapping has not yet been cross-checked against an independent schedule,,False
NEXT Vision,Xnext-vision,Xnext-vision,Кинозалы,,next-dedicated,NEXTVision,name,90,unverified,mapping has not yet been cross-checked against an independent schedule,,False
NEXT Bolt,Xnext-bolt,Xnext-bolt,Кинозалы,,next-dedicated,NEXTBolt,name,90,unverified,mapping has not yet been cross-checked against an independent schedule,,False
NEXT Pulse,Xnext-pulse,Xnext-pulse,Кинозалы,,next-dedicated,NEXTPulse,name,90,unverified,mapping has not yet been cross-checked against an independent schedule,,False
NEXT Strike,Xnext-strike,Xnext-strike,Кинозалы,,next-dedicated,NEXTStrike,name,90,unverified,mapping has not yet been cross-checked against an independent schedule,,False
NEXT Quest,Xnext-quest,Xnext-quest,Кинозалы,,next-dedicated,NEXTQuest,name,90,unverified,mapping has not yet been cross-checked against an independent schedule,,False
NEXT Peak,Xnext-peak,Xnext-peak,Кинозалы,,next-dedicated,NEXTPeak,name,90,unverified,mapping has not yet been cross-checked against an independent schedule,,False
Душевное HD,Xdushevnoe-hd,Xdushevnoe-hd,Кино,,bcumedia-dedicated,Душевное HD,name,90,unverified,mapping has not yet been cross-checked against an independent schedule,,False
Остросюжетное HD,Xostrosiuzhetnoe-hd,Xostrosiuzhetnoe-hd,Кино,,bcumedia-dedicated,Остросюжетное HD,name,90,unverified,mapping has not yet been cross-checked against an independent schedule,,False
Премиальное HD,Xkinopremium-hd,Xkinopremium-hd,Кино,,bcumedia-dedicated,Премиальное HD,name,90,unverified,mapping has not yet been cross-checked against an independent schedule,,False
Шокирующее,Xshokiruyushchee-hd,Xshokiruyushchee-hd,Кино,,bcumedia-dedicated,Шокирующее HD,name,90,unverified,mapping has not yet been cross-checked against an independent schedule,,False
Комедийное,Xkomedijnoe-hd,Xkomedijnoe-hd,Кино,,bcumedia-dedicated,Комедийное HD,name,90,unverified,mapping has not yet been cross-checked against an independent schedule,,False
Кинопоказ,Xkinopokaz,Xkinopokaz,Кино,,bcumedia-dedicated,Кинопоказ HD,name,90,unverified,mapping has not yet been cross-checked against an independent schedule,,False
NOW Series HD,Xnow-series,Xnow-series,Кино,,bcumedia-dedicated,NOW Series HD,name,90,unverified,mapping has not yet been cross-checked against an independent schedule,,False
Воен ТВ,Xvoentv-by,Xvoentv-by,Кино,,bcumedia-dedicated,Воен ТВ HD,name,90,unverified,mapping has not yet been cross-checked against an independent schedule,,False
Тех Лет ТВ,,Тех Лет ТВ,Кино,,bcumedia-dedicated,Тех Лет ТВ,name,90,unverified,mapping has not yet been cross-checked against an independent schedule,,False
Муви ТВ,Xmuvitv,Xmuvitv,Кино,,bcumedia-dedicated,Муви ТВ,name,90,unverified,mapping has not yet been cross-checked against an independent schedule,,False
Ужасы HD,,Ужасы HD,Кино,,bcumedia-dedicated,Ужасы HD,name,90,unverified,mapping has not yet been cross-checked against an independent schedule,,False
Кино и Жизнь,,Кино и жизнь HD,Кино,,bcumedia-dedicated,Кино и жизнь HD,name,90,unverified,mapping has not yet been cross-checked against an independent schedule,,False
VHS-ка HD,Xvhs-ka,Xvhs-ka,Кино,,bcumedia-dedicated,VHS-ка HD,name,90,unverified,mapping has not yet been cross-checked against an independent schedule,,False
Go3 Films,Xtv1000-premium,Xtv1000-premium,Кино,,bcumedia-dedicated,Go3 Films HD,name,90,unverified,mapping has not yet been cross-checked against an independent schedule,,False
Киносериал,Xq-kino-alem,Xq-kino-alem,Кино,,bcumedia-dedicated,Киносериал HD,name,90,unverified,mapping has not yet been cross-checked against an independent schedule,,False
Кинодрама,Xq-kino-hit,Xq-kino-hit,Кино,,bcumedia-dedicated,Кинодрама HD,name,90,unverified,mapping has not yet been cross-checked against an independent schedule,,False
Семейное Кино,Xsemejnoe-kino-kz,Xsemejnoe-kino-kz,Кино,,bcumedia-dedicated,Семейное кино HD,name,90,unverified,mapping has not yet been cross-checked against an independent schedule,,False
Премиум Кино,Xpremium-kino-kz,Xpremium-kino-kz,Кино,,bcumedia-dedicated,Премиум кино HD,name,90,unverified,mapping has not yet been cross-checked against an independent schedule,,False
Кинобоевик,Xkinoboevik-kz,Xkinoboevik-kz,Кино,,bcumedia-dedicated,Кинобоевик HD,name,90,unverified,mapping has not yet been cross-checked against an independent schedule,,False
Мировое Кино,Xmirovoe-kino-kz,Xmirovoe-kino-kz,Кино,,bcumedia-dedicated,Мировое кино HD,name,90,unverified,mapping has not yet been cross-checked against an independent schedule,,False
Романтичное HD,Xromantichnoe,Xromantichnoe,Кино,,bcumedia-dedicated,Романтичное HD,name,90,unverified,mapping has not yet been cross-checked against an independent schedule,,False
САПФИР,Xsapfir,Xsapfir,Кино,,bcumedia-dedicated,Сапфир HD,name,90,unverified,mapping has not yet been cross-checked against an independent schedule,,False
Комедия,Xrusskaya-komedia,Xrusskaya-komedia,Кино,,bcumedia-dedicated,Комедия,name,90,unverified,mapping has not yet been cross-checked against an independent schedule,,False
Индия,Xzee-tv,Xzee-tv,Кино,,bcumedia-dedicated,Индия HD,name,90,unverified,mapping has not yet been cross-checked against an independent schedule,,False
Мы,,МЫ HD,Кино,,bcumedia-dedicated,МЫ HD,name,90,unverified,mapping has not yet been cross-checked against an independent schedule,,False
Timeless Dizi Channel,,Timeless Dizi Channel HD,Кино,,bcumedia-dedicated,Timeless Dizi Channel HD,name,90,unverified,mapping has not yet been cross-checked against an independent schedule,,False
Movify Kino,Xmovify-kino,Xmovify-kino,Кино,,bcumedia-dedicated,Movify Kino,name,90,unverified,mapping has not yet been cross-checked against an independent schedule,,False
BCU Catastrophe HD,Xbcu-catastrophe,Xbcu-catastrophe,Кинозалы,,bcumedia-dedicated,BCU Catastrophe HD,name,90,unverified,mapping has not yet been cross-checked against an independent schedule,,False
BCUMEDIA HD,,BCUMedia HD,Кинозалы,,bcumedia-dedicated,BCUMedia HD,name,90,unverified,mapping has not yet been cross-checked against an independent schedule,,False
BCUMEDIA OLD,,BCUMedia OLD,Кинозалы,,bcumedia-dedicated,BCUMedia OLD,name,90,unverified,mapping has not yet been cross-checked against an independent schedule,,False
HGTV HD,Xhgtv,Xhgtv,Познавательные,,bcumedia-dedicated,HGTV HD,name,90,unverified,mapping has not yet been cross-checked against an independent schedule,,False
Охотник и рыболов HD,Xoxotnik-i-rybolov-hd,Xoxotnik-i-rybolov-hd,Познавательные,,bcumedia-dedicated,Охотник и рыболов HD,name,90,unverified,mapping has not yet been cross-checked against an independent schedule,,False
One Planet HD,Xone-planet,Xone-planet,Познавательные,,bcumedia-dedicated,ONE Planet HD,name,90,unverified,mapping has not yet been cross-checked against an independent schedule,,False
Чемодан ТВ HD,Xchemodan,Xchemodan,Познавательные,,bcumedia-dedicated,Чемодан ТВ HD,name,90,unverified,mapping has not yet been cross-checked against an independent schedule,,False
Quadro 4K,Xquadro4k,Xquadro4k,Познавательные,,bcumedia-dedicated,Quadro 4K,name,90,unverified,mapping has not yet been cross-checked against an independent schedule,,False
RAZ 1,Xraz1,Xraz1,Познавательные,,bcumedia-dedicated,Raz 1 HD,name,90,unverified,mapping has not yet been cross-checked against an independent schedule,,False
RAZ 2,Xraz2,Xraz2,Познавательные,,bcumedia-dedicated,Raz 2 HD,name,90,unverified,mapping has not yet been cross-checked against an independent schedule,,False
Чижик,Xchizhik,Xchizhik,Детские,,bcumedia-dedicated,Чижик HD,name,90,unverified,mapping has not yet been cross-checked against an independent schedule,,False
MM USSR Драма HD,Xminimax-ussr-fantastika,Xminimax-ussr-fantastika,Кинозалы,,minimax-mm-dedicated,ussr-fantastika-mm,name,90,unverified,mapping has not yet been cross-checked against an independent schedule,,False
MM Воронины HD,Xminimax-voronini,Xminimax-voronini,Кинозалы,,minimax-mm-dedicated,voronini-mm,name,90,unverified,mapping has not yet been cross-checked against an independent schedule,,False
MM Полицейский С Рублёвки HD,Xminimax-police,Xminimax-police,Кинозалы,,minimax-mm-dedicated,police-mm,name,90,unverified,mapping has not yet been cross-checked against an independent schedule,,False
Plan B,Xplan-b,Xplan-b,Кино,,tvteam,ch459,name,90,unverified,mapping has not yet been cross-checked against an independent schedule,,False
BOX Serial HD,Xbox-serial,Xbox-serial,Кинозалы,,tvteam,ch2301,name,90,unverified,mapping has not yet been cross-checked against an independent schedule,,False
TVPlay Игра Престолов HD,,ch3768,Кинозалы,,tvteam,ch3768,name,90,unverified,mapping has not yet been cross-checked against an independent schedule,,False
TVPlay Космический,,ch3771,Кинозалы,,tvteam,ch3771,name,90,unverified,mapping has not yet been cross-checked against an independent schedule,,False
KLI Fantasy HD,Xklifantasy,Xklifantasy,Кинозалы,,tvteam,ch4074,name,90,unverified,mapping has not yet been cross-checked against an independent schedule,,False
Velilla TV Морские дьяволы HD,velillatvseadevils,velillatvseadevils,Кинозалы,,tvteam,ch3152,name,90,unverified,mapping has not yet been cross-checked against an independent schedule,,False
Velilla TV Морские дьяволы 2 HD,velillatvseadevilsparttwo,velillatvseadevilsparttwo,Кинозалы,,tvteam,ch2874,name,90,unverified,mapping has not yet been cross-checked against an independent schedule,,False
Velilla TV Русский Сериал HD,velillaruserial,velillaruserial,Кинозалы,,tvteam,ch3137,name,90,unverified,mapping has not yet been cross-checked against an independent schedule,,False
Velilla TV Русские Мелодрамы HD,velillarusmelodrama,velillarusmelodrama,Кинозалы,,tvteam,ch2854,name,90,unverified,mapping has not yet been cross-checked against an independent schedule,,False
Velilla TV Кухня + Отель «Элеон» HD,velillatvcocina,velillatvcocina,Кинозалы,,tvteam,ch3288,name,90,unverified,mapping has not yet been cross-checked against an independent schedule,,False
Velilla TV Домашний HD,velillatvdomashniy,velillatvdomashniy,Кинозалы,,tvteam,ch3138,name,90,unverified,mapping has not yet been cross-checked against an independent schedule,,False
Velilla TV Вестерн HD,velillatvwestern,velillatvwestern,Кинозалы,,tvteam,ch3385,name,90,unverified,mapping has not yet been cross-checked against an independent schedule,,False
Velilla TV Action War Films HD,actionwarfilms,actionwarfilms,Кинозалы,,tvteam,ch3136,name,90,unverified,mapping has not yet been cross-checked against an independent schedule,,False
Velilla TV Мосгаз HD,velillamosgaz,velillamosgaz,Кинозалы,,tvteam,ch3139,name,90,unverified,mapping has not yet been cross-checked against an independent schedule,,False
Velilla TV Бандитский Петербург,banditpiter,banditpiter,Кинозалы,,tvteam,ch3824,name,90,unverified,mapping has not yet been cross-checked against an independent schedule,,False
Velilla TV Элен и ребята,heleneetlesgarcons,heleneetlesgarcons,Кинозалы,,tvteam,ch3839,name,90,unverified,mapping has not yet been cross-checked against an independent schedule,,False
Velilla TV Ситком HD,velillatvsitcom,velillatvsitcom,Кинозалы,,tvteam,ch1619,name,90,unverified,mapping has not yet been cross-checked against an independent schedule,,False
Velilla TV ИП Пирогова HD,velillatvpirogova,velillatvpirogova,Кинозалы,,tvteam,ch3287,name,90,unverified,mapping has not yet been cross-checked against an independent schedule,,False
Velilla TV Балабол HD,,ch4149,Кинозалы,,tvteam,ch4149,name,90,unverified,mapping has not yet been cross-checked against an independent schedule,,False
BOX Serial 4K,Xbox-serial4k,Xbox-serial4k,Кино 4K,,tvteam,ch2301,name,90,unverified,mapping has not yet been cross-checked against an independent schedule,,False
Velilla TV Cinema 4K,velilla4K,velilla4K,Кино 4K,,tvteam,ch3135,name,90,unverified,mapping has not yet been cross-checked against an independent schedule,,False
Velilla TV  The X - Files 4K,velillathexfiles4k,velillathexfiles4k,Кино 4K,,tvteam,ch1617,name,90,unverified,mapping has not yet been cross-checked against an independent schedule,,False
Velilla TV World Cup 1966,worldcup1966,worldcup1966,Спорт,,tvteam,ch4170,name,90,unverified,mapping has not yet been cross-checked against an independent schedule,,False
Velilla TV World Cup 1970,worldcup1970,worldcup1970,Спорт,,tvteam,ch3112,name,90,unverified,mapping has not yet been cross-checked against an independent schedule,,False
Velilla TV World Cup 1974,worldcup1974,worldcup1974,Спорт,,tvteam,ch828,name,90,unverified,mapping has not yet been cross-checked against an independent schedule,,False
Velilla TV World Cup 1978,worldcup1978,worldcup1978,Спорт,,tvteam,ch2116,name,90,unverified,mapping has not yet been cross-checked against an independent schedule,,False
Velilla TV World Cup 1982,worldcup1982,worldcup1982,Спорт,,tvteam,ch3595,name,90,unverified,mapping has not yet been cross-checked against an independent schedule,,False
Velilla TV World Cup 1986,worldcup1986,worldcup1986,Спорт,,tvteam,ch3596,name,90,unverified,mapping has not yet been cross-checked against an independent schedule,,False
Velilla TV World Cup 1998,worldcup1998,worldcup1998,Спорт,,tvteam,ch3297,name,90,unverified,mapping has not yet been cross-checked against an independent schedule,,False
Velilla TV World Cup 1990,worldcup1990,worldcup1990,Спорт,,tvteam,ch3427,name,90,unverified,mapping has not yet been cross-checked against an independent schedule,,False
Velilla TV World Cup 1994,worldcup1994,worldcup1994,Спорт,,tvteam,ch3157,name,90,unverified,mapping has not yet been cross-checked against an independent schedule,,False
Velilla TV World Cup 2002,worldcup2002,worldcup2002,Спорт,,tvteam,ch3428,name,90,unverified,mapping has not yet been cross-checked against an independent schedule,,False
Velilla TV World Cup 2006,worldcup2006,worldcup2006,Спорт,,tvteam,ch3158,name,90,unverified,mapping has not yet been cross-checked against an independent schedule,,False
Velilla TV World Cup 2010,worldcup2010,worldcup2010,Спорт,,tvteam,ch3159,name,90,unverified,mapping has not yet been cross-checked against an independent schedule,,False
Velilla TV World Cup 2014,worldcup2014,worldcup2014,Спорт,,tvteam,ch3160,name,90,unverified,mapping has not yet been cross-checked against an independent schedule,,False
Velilla TV World Cup 2018,worldcup2018,worldcup2018,Спорт,,tvteam,ch3161,name,90,unverified,mapping has not yet been cross-checked against an independent schedule,,False
Velilla TV World Cup 2022 HD,worldcup2022,worldcup2022,Спорт,,tvteam,ch1084,name,90,unverified,mapping has not yet been cross-checked against an independent schedule,,False
Velilla TV World Cup 2026 HD,worldcup2026,worldcup2026,Спорт,,tvteam,ch4169,name,90,unverified,mapping has not yet been cross-checked against an independent schedule,,False
Velilla TV EuroCup 1984,eurocup1984,eurocup1984,Спорт,,tvteam,ch3155,name,90,unverified,mapping has not yet been cross-checked against an independent schedule,,False
Velilla TV EuroCup 1988,eurocup1988,eurocup1988,Спорт,,tvteam,ch3156,name,90,unverified,mapping has not yet been cross-checked against an independent schedule,,False
Velilla TV EuroCup 1992,eurocup1992,eurocup1992,Спорт,,tvteam,ch1088,name,90,unverified,mapping has not yet been cross-checked against an independent schedule,,False
Velilla TV EuroCup 1996,eurocup1996,eurocup1996,Спорт,,tvteam,ch3426,name,90,unverified,mapping has not yet been cross-checked against an independent schedule,,False
Velilla TV EuroCup 2000,eurocup2000,eurocup2000,Спорт,,tvteam,ch3337,name,90,unverified,mapping has not yet been cross-checked against an independent schedule,,False
Velilla TV EuroCup 2004,eurocup2004,eurocup2004,Спорт,,tvteam,ch3339,name,90,unverified,mapping has not yet been cross-checked against an independent schedule,,False
Velilla TV EuroCup 2008 HD,eurocup2008,eurocup2008,Спорт,,tvteam,ch3822,name,90,unverified,mapping has not yet been cross-checked against an independent schedule,,False
Velilla TV EuroCup 2012 HD,eurocup2012,eurocup2012,Спорт,,tvteam,ch3823,name,90,unverified,mapping has not yet been cross-checked against an independent schedule,,False
Velilla TV EuroCup 2016 HD,eurocup2016,eurocup2016,Спорт,,tvteam,ch3838,name,90,unverified,mapping has not yet been cross-checked against an independent schedule,,False
Velilla TV EuroCup 2020 HD,eurocup2020,eurocup2020,Спорт,,tvteam,ch3819,name,90,unverified,mapping has not yet been cross-checked against an independent schedule,,False
Velilla TV EuroCup 2024 HD,eurocup2024,eurocup2024,Спорт,,tvteam,ch2004,name,90,unverified,mapping has not yet been cross-checked against an independent schedule,,False
Velilla TV FIFA Club World Cup 2025 HD,fifaclubworldcup2025,fifaclubworldcup2025,Спорт,,tvteam,ch3429,name,90,unverified,mapping has not yet been cross-checked against an independent schedule,,False
Velilla TV Legendary Matches HD,velillalegendarymatches,velillalegendarymatches,Спорт,,tvteam,ch2036,name,90,unverified,mapping has not yet been cross-checked against an independent schedule,,False
360°,X360-podmoskovie,X360-podmoskovie,Познавательные,,tvteam,ch516,name,90,unverified,mapping has not yet been cross-checked against an independent schedule,,False
Velilla TV CatTV 4K,velillatvcattv,velillatvcattv,Познавательные,,tvteam,ch4171,name,90,unverified,mapping has not yet been cross-checked against an independent schedule,,False
Лёва HD,Xliova,Xliova,Детские,,tvteam,ch2080,name,90,unverified,mapping has not yet been cross-checked against an independent schedule,,False
Velilla TV Детский HD,velillatvdetskiy,velillatvdetskiy,Детские,,tvteam,ch3296,name,90,unverified,mapping has not yet been cross-checked against an independent schedule,,False
Velilla TV Том и Джерри HD,tomandjerry,tomandjerry,Детские,,tvteam,ch3154,name,90,unverified,mapping has not yet been cross-checked against an independent schedule,,False
Fashion TV HD,Xfashion-tv,Xfashion-tv,Разное,,tvteam,ch550,name,90,unverified,mapping has not yet been cross-checked against an independent schedule,,False
Deluxe Music HD,,ch237,Музыкальные,,tvteam,ch237,name,90,unverified,mapping has not yet been cross-checked against an independent schedule,,False
Deluxe Music,,ch237,Музыкальные,,tvteam,ch237,name,90,unverified,mapping has not yet been cross-checked against an independent schedule,,False
Velilla TV Eurodance 90s,velillaeurodance90s,velillaeurodance90s,Музыкальные,,tvteam,ch2765,name,90,unverified,mapping has not yet been cross-checked against an independent schedule,,False
Velilla TV Russiandance 90s,velillarussiandance90s,velillarussiandance90s,Музыкальные,,tvteam,ch2749,name,90,unverified,mapping has not yet been cross-checked against an independent schedule,,False
Velilla TV Magenta Musik Festivals HD,magentamusik,magentamusik,Музыкальные,,tvteam,ch2333,name,90,unverified,mapping has not yet been cross-checked against an independent schedule,,False
Velilla TV Pop And Rock Concerts HD,velillapoprockconcerts,velillapoprockconcerts,Музыкальные,,tvteam,ch2767,name,90,unverified,mapping has not yet been cross-checked against an independent schedule,,False
Velilla TV Hard And Heavy Concerts HD,velillahardheavyconcerts,velillahardheavyconcerts,Музыкальные,,tvteam,ch2871,name,90,unverified,mapping has not yet been cross-checked against an independent schedule,,False
13th Street,X76766,X76766,Германия,DE,tvteam,ch159,name,90,unverified,mapping has not yet been cross-checked against an independent schedule,,False
ORF 1 HD,X76706,X76706,Германия,DE,tvteam,ch330,name,90,unverified,mapping has not yet been cross-checked against an independent schedule,,False
ARD alpha HD,,ch1934,Германия,DE,tvteam,ch1934,name,90,unverified,mapping has not yet been cross-checked against an independent schedule,,False
SR Fernsehen HD,,ch1938,Германия,DE,tvteam,ch1938,name,90,unverified,mapping has not yet been cross-checked against an independent schedule,,False
Первый канал,Xpervy,Xpervy,Россия,RU,epgpw-RU,6379,name,90,unverified,mapping has not yet been cross-checked against an independent schedule,,False
Первый канал HD,Xpervy,Xpervy,Россия,RU,epgpw-RU,6379,name,90,unverified,mapping has not yet been cross-checked against an independent schedule,,False
Первый канал Европа,Xpervy-kanal-eu,Xpervy-kanal-eu,Россия,RU,epgpw-RU,7738,name,90,unverified,mapping has not yet been cross-checked against an independent schedule,,False
Первый Канал +8,Xpervy-pl8,Xpervy-pl8,Россия,RU,epgpw-RU,6561,name,90,unverified,mapping has not yet been cross-checked against an independent schedule,,False
Россия 24,Xrossia-24,Xrossia-24,Россия,RU,epgpw-RU,5960,name,90,unverified,mapping has not yet been cross-checked against an independent schedule,,False
Россия 24 HD,Xrossia-24,Xrossia-24,Россия,RU,epgpw-RU,5960,name,90,unverified,mapping has not yet been cross-checked against an independent schedule,,False
НТВ Мир,Xntv-mir,Xntv-mir,Россия,RU,epgpw-RU,6130,name,90,unverified,mapping has not yet been cross-checked against an independent schedule,,False
ТВ3 HD,Xtv3-ru,Xtv3-ru,Россия,RU,epgpw-RU,7657,name,90,unverified,mapping has not yet been cross-checked against an independent schedule,,False
ТВ3 +2,Xtv3-ru-pl2,Xtv3-ru-pl2,Россия,RU,epgpw-RU,7481,name,90,unverified,mapping has not yet been cross-checked against an independent schedule,,False
ТВ3 +7,Xtv3-ru-pl7,Xtv3-ru-pl7,Россия,RU,epgpw-RU,7480,name,90,unverified,mapping has not yet been cross-checked against an independent schedule,,False
Пятница,Xpiatnica,Xpiatnica,Россия,RU,epgpw-RU,7129,name,90,unverified,mapping has not yet been cross-checked against an independent schedule,,False
Пятница HD,Xpiatnica,Xpiatnica,Россия,RU,epgpw-RU,7129,name,90,unverified,mapping has not yet been cross-checked against an independent schedule,,False
Пятница +7,piatnica-pl7,piatnica-pl7,Россия,RU,epgpw-RU,6245,name,90,unverified,mapping has not yet been cross-checked against an independent schedule,,False
Пятница +4,piatnica-pl4,piatnica-pl4,Россия,RU,epgpw-RU,6246,name,90,unverified,mapping has not yet been cross-checked against an independent schedule,,False
Пятница +2,piatnica-pl2,piatnica-pl2,Россия,RU,epgpw-RU,6241,name,90,unverified,mapping has not yet been cross-checked against an independent schedule,,False
Ю+,Xyu,Xyu,Россия,RU,epgpw-RU,6947,name,90,unverified,mapping has not yet been cross-checked against an independent schedule,,False
Севастополь 24 HD,Xsevastopol-24,Xsevastopol-24,Россия,RU,epgpw-RU,526201,name,90,unverified,mapping has not yet been cross-checked against an independent schedule,,False
КРЫМ 24,Xkrym24,Xkrym24,Россия,RU,epgpw-RU,6911,name,90,unverified,mapping has not yet been cross-checked against an independent schedule,,False
НТС Севастополь,Xnts-sevastopol,Xnts-sevastopol,Россия,RU,epgpw-RU,5739,name,90,unverified,mapping has not yet been cross-checked against an independent schedule,,False
Евпатория 24,Xewpatorya24,Xewpatorya24,Россия,RU,epgpw-RU,564363,name,90,unverified,mapping has not yet been cross-checked against an independent schedule,,False
Первый Севастопольский,Xpervy-sevastopolsky,Xpervy-sevastopolsky,Россия,RU,epgpw-RU,497465,name,90,unverified,mapping has not yet been cross-checked against an independent schedule,,False
Симферополь 24,Xsimfer24,Xsimfer24,Россия,RU,epgpw-RU,412226,name,90,unverified,mapping has not yet been cross-checked against an independent schedule,,False
Легендарный 24 HD,Xlegendarny24,Xlegendarny24,Россия,RU,epgpw-RU,412659,name,90,unverified,mapping has not yet been cross-checked against an independent schedule,,False
Известия HD,Xizvestia,Xizvestia,Россия,RU,epgpw-RU,6766,name,90,unverified,mapping has not yet been cross-checked against an independent schedule,,False
ВМЕСТЕ-РФ,Xvmeste-rf,Xvmeste-rf,Россия,RU,epgpw-RU,5988,name,90,unverified,mapping has not yet been cross-checked against an independent schedule,,False
Соловьев.Live,Xsolovjinypomiot,Xsolovjinypomiot,Россия,RU,epgpw-RU,354852,name,90,unverified,mapping has not yet been cross-checked against an independent schedule,,False
Своё ТВ Ставрополь,Xsvoyo-tv-stavropol,Xsvoyo-tv-stavropol,Россия,RU,epgpw-RU,5911,name,90,unverified,mapping has not yet been cross-checked against an independent schedule,,False
ОТВ Екатеринбург,Xotv-eburg,Xotv-eburg,Россия,RU,epgpw-RU,7539,name,90,unverified,mapping has not yet been cross-checked against an independent schedule,,False
Астрахань 24,Xastraxan24,Xastraxan24,Россия,RU,epgpw-RU,6714,name,90,unverified,mapping has not yet been cross-checked against an independent schedule,,False
Архыз 24,Xarxyz24,Xarxyz24,Россия,RU,epgpw-RU,7598,name,90,unverified,mapping has not yet been cross-checked against an independent schedule,,False
Тамыр,Xtamyr,Xtamyr,Россия,RU,epgpw-RU,5966,name,90,unverified,mapping has not yet been cross-checked against an independent schedule,,False
Курай,Xkuraj,Xkuraj,Россия,RU,epgpw-RU,7433,name,90,unverified,mapping has not yet been cross-checked against an independent schedule,,False
ТКР Рязань,Xtrk-ryazan,Xtrk-ryazan,Россия,RU,epgpw-RU,6244,name,90,unverified,mapping has not yet been cross-checked against an independent schedule,,False
TV Губерния,Xtv-guberniya,Xtv-guberniya,Россия,RU,epgpw-RU,5912,name,90,unverified,mapping has not yet been cross-checked against an independent schedule,,False
Ника ТВ,Xnika-tv,Xnika-tv,Россия,RU,epgpw-RU,7220,name,90,unverified,mapping has not yet been cross-checked against an independent schedule,,False
Осетия-Ирыстон,Xosetia-iryston,Xosetia-iryston,Россия,RU,epgpw-RU,450823,name,90,unverified,mapping has not yet been cross-checked against an independent schedule,,False
НТМ,Xntm,Xntm,Россия,RU,epgpw-RU,5930,name,90,unverified,mapping has not yet been cross-checked against an independent schedule,,False
Открытый мир,Xotkryty-mir,Xotkryty-mir,Россия,RU,epgpw-RU,6469,name,90,unverified,mapping has not yet been cross-checked against an independent schedule,,False
Первый Ярославский,Xpervy-yaroslavsky,Xpervy-yaroslavsky,Россия,RU,epgpw-RU,7210,name,90,unverified,mapping has not yet been cross-checked against an independent schedule,,False
МТВ Волгоград,Xmtv-volgograd,Xmtv-volgograd,Россия,RU,epgpw-RU,6072,name,90,unverified,mapping has not yet been cross-checked against an independent schedule,,False
Аист,Xaist,Xaist,Россия,RU,epgpw-RU,5982,name,90,unverified,mapping has not yet been cross-checked against an independent schedule,,False
12 канал Омск,X12-omsk,X12-omsk,Россия,RU,epgpw-RU,5969,name,90,unverified,mapping has not yet been cross-checked against an independent schedule,,False
Катунь 24,Xkatun-24,Xkatun-24,Россия,RU,epgpw-RU,6646,name,90,unverified,mapping has not yet been cross-checked against an independent schedule,,False
Енисей регион,Xenisey-region,Xenisey-region,Россия,RU,epgpw-RU,7682,name,90,unverified,mapping has not yet been cross-checked against an independent schedule,,False
С1 Сургут,Xs1-surgut,Xs1-surgut,Россия,RU,epgpw-RU,7201,name,90,unverified,mapping has not yet been cross-checked against an independent schedule,,False
86 Сургут,X86-surgut,X86-surgut,Россия,RU,epgpw-RU,7060,name,90,unverified,mapping has not yet been cross-checked against an independent schedule,,False
Волга,Xvolga,Xvolga,Россия,RU,epgpw-RU,7403,name,90,unverified,mapping has not yet been cross-checked against an independent schedule,,False
Колыма-Плюс,Xkolyma-plus,Xkolyma-plus,Россия,RU,epgpw-RU,6214,name,90,unverified,mapping has not yet been cross-checked against an independent schedule,,False
БСТ,Xbst,Xbst,Россия,RU,epgpw-RU,5980,name,90,unverified,mapping has not yet been cross-checked against an independent schedule,,False
NEXT-TV,Xnext-tv,Xnext-tv,Россия,RU,epgpw-RU,7137,name,90,unverified,mapping has not yet been cross-checked against an independent schedule,,False
Мордовия 24,Xmordovia-24,Xmordovia-24,Россия,RU,epgpw-RU,14383,name,90,unverified,mapping has not yet been cross-checked against an independent schedule,,False
НТРК Ингушетия,Xntrk-ingushetia,Xntrk-ingushetia,Россия,RU,epgpw-RU,525604,name,90,unverified,mapping has not yet been cross-checked against an independent schedule,,False
Брянская Губерния,Xbrianskaya-gubernia,Xbrianskaya-gubernia,Россия,RU,epgpw-RU,6954,name,90,unverified,mapping has not yet been cross-checked against an independent schedule,,False
Экспресс,Xexpress,Xexpress,Россия,RU,epgpw-RU,7084,name,90,unverified,mapping has not yet been cross-checked against an independent schedule,,False
РГВК Дагестан,Xrgvk-dagestan,Xrgvk-dagestan,Россия,RU,epgpw-RU,6287,name,90,unverified,mapping has not yet been cross-checked against an independent schedule,,False
Грозный,Xgrozny,Xgrozny,Россия,RU,epgpw-RU,564360,name,90,unverified,mapping has not yet been cross-checked against an independent schedule,,False
Евразия,Xevrasia,Xevrasia,Россия,RU,epgpw-RU,6292,name,90,unverified,mapping has not yet been cross-checked against an independent schedule,,False
НТС Иркутск,Xnts-irkutsk,Xnts-irkutsk,Россия,RU,epgpw-RU,6703,name,90,unverified,mapping has not yet been cross-checked against an independent schedule,,False
ТВ-ИН (Магнитогорск),Xtv-in,Xtv-in,Россия,RU,epgpw-RU,402218,name,90,unverified,mapping has not yet been cross-checked against an independent schedule,,False
Алмазный край,Xalmazny-kray,Xalmazny-kray,Россия,RU,epgpw-RU,5932,name,90,unverified,mapping has not yet been cross-checked against an independent schedule,,False
Новый век (Тамбов),Xnovy-vek-tambov,Xnovy-vek-tambov,Россия,RU,epgpw-RU,489584,name,90,unverified,mapping has not yet been cross-checked against an independent schedule,,False
Салям,Xsalam,Xsalam,Россия,RU,epgpw-RU,409378,name,90,unverified,mapping has not yet been cross-checked against an independent schedule,,False
Дзержинск ТВ,Xdzenzhinsk-tv,Xdzenzhinsk-tv,Россия,RU,epgpw-RU,6069,name,90,unverified,mapping has not yet been cross-checked against an independent schedule,,False
Якутия 24,Xyakutia24,Xyakutia24,Россия,RU,epgpw-RU,6247,name,90,unverified,mapping has not yet been cross-checked against an independent schedule,,False
Прима,Xprima,Xprima,Россия,RU,epgpw-RU,6414,name,90,unverified,mapping has not yet been cross-checked against an independent schedule,,False
Тивиком HD,Xtivikom,Xtivikom,Россия,RU,epgpw-RU,7170,name,90,unverified,mapping has not yet been cross-checked against an independent schedule,,False
АСТВ Южно-Сахалинск,Xastvus,Xastvus,Россия,RU,epgpw-RU,528000,name,90,unverified,mapping has not yet been cross-checked against an independent schedule,,False
Майдан,Xmaydan,Xmaydan,Россия,RU,epgpw-RU,414530,name,90,unverified,mapping has not yet been cross-checked against an independent schedule,,False
Теледом HD,Xteledom,Xteledom,Россия,RU,epgpw-RU,6838,name,90,unverified,mapping has not yet been cross-checked against an independent schedule,,False
Shopping Live,X	shopping-live,X	shopping-live,Россия,RU,epgpw-RU,5859,name,90,unverified,mapping has not yet been cross-checked against an independent schedule,,False
Самотлор (Нижневартовск),Xsamotlor-nv,Xsamotlor-nv,Россия,RU,epgpw-RU,6595,name,90,unverified,mapping has not yet been cross-checked against an independent schedule,,False
Premiere HD 3,Xpremierehd3,Xpremierehd3,Кино,,epgpw-RU,494088,name,90,unverified,mapping has not yet been cross-checked against an independent schedule,,False
Kinowood,Xkinowood,Xkinowood,Кино,,epgpw-RU,7475,name,90,unverified,mapping has not yet been cross-checked against an independent schedule,,False
Детское Кино International,,556731,Кино,,epgpw-RU,556731,name,90,unverified,mapping has not yet been cross-checked against an independent schedule,,False
Кино 1 international,,472377,Кино,,epgpw-RU,472377,name,90,unverified,mapping has not yet been cross-checked against an independent schedule,,False
Киносезон,,7782,Кино,,epgpw-RU,7782,name,90,unverified,mapping has not yet been cross-checked against an independent schedule,,False
Среда,,559839,Кино,,epgpw-RU,559839,name,90,unverified,mapping has not yet been cross-checked against an independent schedule,,False
Мосфильм. Золотая коллекция,Xmosfilm,Xmosfilm,Кино,,epgpw-RU,6873,name,90,unverified,mapping has not yet been cross-checked against an independent schedule,,False
Cinema,Xcinema-ru,Xcinema-ru,Кино,,epgpw-RU,7629,name,90,unverified,mapping has not yet been cross-checked against an independent schedule,,False
ТВ3,Xtv3-ru,Xtv3-ru,Кино,,epgpw-RU,7657,name,90,unverified,mapping has not yet been cross-checked against an independent schedule,,False
Shot TV,Xshot-tv,Xshot-tv,Кино,,epgpw-RU,6233,name,90,unverified,mapping has not yet been cross-checked against an independent schedule,,False
Смотрим 100% Классика,,537983,Кино,,epgpw-RU,537983,name,90,unverified,mapping has not yet been cross-checked against an independent schedule,,False
Смотрим 100% Любовь,,537952,Кино,,epgpw-RU,537952,name,90,unverified,mapping has not yet been cross-checked against an independent schedule,,False
Смотрим 100% Факты,,537949,Кино,,epgpw-RU,537949,name,90,unverified,mapping has not yet been cross-checked against an independent schedule,,False
Смотрим 100% Мужское,,537968,Кино,,epgpw-RU,537968,name,90,unverified,mapping has not yet been cross-checked against an independent schedule,,False
Смотрим 100% Праздник,,537944,Кино,,epgpw-RU,537944,name,90,unverified,mapping has not yet been cross-checked against an independent schedule,,False
Смотрим 100% Детское,,537974,Кино,,epgpw-RU,537974,name,90,unverified,mapping has not yet been cross-checked against an independent schedule,,False
Военное кино,,6378,Кино,,epgpw-RU,6378,name,90,unverified,mapping has not yet been cross-checked against an independent schedule,,False
ТСВ,Xtcb,Xtcb,Кино,,epgpw-RU,560093,name,90,unverified,mapping has not yet been cross-checked against an independent schedule,,False
Movify Series,Xmovify-series,Xmovify-series,Кино,,epgpw-RU,419308,name,90,unverified,mapping has not yet been cross-checked against an independent schedule,,False
BCU Кинозал Premiere 1 HD,Xbcu-kinozal-prem-1,Xbcu-kinozal-prem-1,Кинозалы,,epgpw-RU,6605,name,90,unverified,mapping has not yet been cross-checked against an independent schedule,,False
BCU Кинозал Premiere 2 HD,Xbcu-kinozal-prem-2,Xbcu-kinozal-prem-2,Кинозалы,,epgpw-RU,454087,name,90,unverified,mapping has not yet been cross-checked against an independent schedule,,False
BCU Кинозал Premiere 3 HD,Xbcu-kinozal-prem-3,Xbcu-kinozal-prem-3,Кинозалы,,epgpw-RU,532278,name,90,unverified,mapping has not yet been cross-checked against an independent schedule,,False
BCU Ruserial HD,Xbcu-ruserial,Xbcu-ruserial,Кинозалы,,epgpw-RU,556148,name,90,unverified,mapping has not yet been cross-checked against an independent schedule,,False
VeleS Криминальный,veles-criminal,veles-criminal,Кинозалы,,epgpw-RU,563353,name,90,unverified,mapping has not yet been cross-checked against an independent schedule,,False
VeleS Аниме,veles-anime,veles-anime,Кинозалы,,epgpw-RU,563349,name,90,unverified,mapping has not yet been cross-checked against an independent schedule,,False
VeleS Гоблин,veles-goblin,veles-goblin,Кинозалы,,epgpw-RU,563363,name,90,unverified,mapping has not yet been cross-checked against an independent schedule,,False
VeleS Киноплёнка,veles-kinoplenka,veles-kinoplenka,Кинозалы,,epgpw-RU,563346,name,90,unverified,mapping has not yet been cross-checked against an independent schedule,,False
VeleS Dj Set,veles-djset,veles-djset,Кинозалы,,epgpw-RU,563352,name,90,unverified,mapping has not yet been cross-checked against an independent schedule,,False
TvBoom.ViP,,474820,Кинозалы,,epgpw-RU,474820,name,90,unverified,mapping has not yet been cross-checked against an independent schedule,,False
CineMan Глухарь + Карпов,Xcineman-gluhar,Xcineman-gluhar,Кинозалы,,epgpw-RU,85474,name,90,unverified,mapping has not yet been cross-checked against an independent schedule,,False
TVPlay Indian Cinema,,475481,Кинозалы,,epgpw-RU,475481,name,90,unverified,mapping has not yet been cross-checked against an independent schedule,,False
TVPlay Авторский перевод HD,,475473,Кинозалы,,epgpw-RU,475473,name,90,unverified,mapping has not yet been cross-checked against an independent schedule,,False
TVPlay АЛЬФ,,475468,Кинозалы,,epgpw-RU,475468,name,90,unverified,mapping has not yet been cross-checked against an independent schedule,,False
TVPlay Лихие 90е Сериал,,554884,Кинозалы,,epgpw-RU,554884,name,90,unverified,mapping has not yet been cross-checked against an independent schedule,,False
Velilla TV Счастливы вместе,velillahappytogether,velillahappytogether,Кинозалы,,epgpw-RU,440198,name,90,unverified,mapping has not yet been cross-checked against an independent schedule,,False
Velilla TV Новогодний,velillanewyear,velillanewyear,Кинозалы,,epgpw-RU,537445,name,90,unverified,mapping has not yet been cross-checked against an independent schedule,,False
Bear TV МегаКадр RU UHD,000101_MegaKadr,000101_MegaKadr,Кино 4K,,epgpw-RU,564971,name,90,unverified,mapping has not yet been cross-checked against an independent schedule,,False
Bear TV Золотой Экран RU UHD,000102_GoldenScreen,000102_GoldenScreen,Кино 4K,,epgpw-RU,564932,name,90,unverified,mapping has not yet been cross-checked against an independent schedule,,False
Bear TV КиноВремя RU UHD,000104_KinoTime,000104_KinoTime,Кино 4K,,epgpw-RU,564920,name,90,unverified,mapping has not yet been cross-checked against an independent schedule,,False
Bear TV КиноМир RU UHD,000105_SerialWorld,000105_SerialWorld,Кино 4K,,epgpw-RU,565039,name,90,unverified,mapping has not yet been cross-checked against an independent schedule,,False
Bear TV Хитовый Экран RU UHD,000109_SerialHit,000109_SerialHit,Кино 4K,,epgpw-RU,565046,name,90,unverified,mapping has not yet been cross-checked against an independent schedule,,False
Bear TV Фильмонавт RU UHD,000110_Filmonavt,000110_Filmonavt,Кино 4K,,epgpw-RU,564980,name,90,unverified,mapping has not yet been cross-checked against an independent schedule,,False
Bear TV КиноГоризонт RU UHD,000113_KinoHorizon,000113_KinoHorizon,Кино 4K,,epgpw-RU,565019,name,90,unverified,mapping has not yet been cross-checked against an independent schedule,,False
Bear TV Сюжет ТВ RU UHD,000115_SyuzhetTV,000115_SyuzhetTV,Кино 4K,,epgpw-RU,564926,name,90,unverified,mapping has not yet been cross-checked against an independent schedule,,False
Bear TV Кадр Плюс RU UHD,000116_KadrPlus,000116_KadrPlus,Кино 4K,,epgpw-RU,565038,name,90,unverified,mapping has not yet been cross-checked against an independent schedule,,False
Bear TV КиноПульс RU UHD,000117_KinoPulse,000117_KinoPulse,Кино 4K,,epgpw-RU,564949,name,90,unverified,mapping has not yet been cross-checked against an independent schedule,,False
Bear TV Экран 24 RU UHD,000121_Ekran24,000121_Ekran24,Кино 4K,,epgpw-RU,565008,name,90,unverified,mapping has not yet been cross-checked against an independent schedule,,False
Bear TV Ночной Сеанс RU UHD,000130_NightSeans,000130_NightSeans,Кино 4K,,epgpw-RU,565047,name,90,unverified,mapping has not yet been cross-checked against an independent schedule,,False
Bear TV Премьера Live RU UHD,000131_PremiereLive,000131_PremiereLive,Кино 4K,,epgpw-RU,564993,name,90,unverified,mapping has not yet been cross-checked against an independent schedule,,False
Bear TV КиноМаршрут RU UHD,000132_KinoMarshrut,000132_KinoMarshrut,Кино 4K,,epgpw-RU,565052,name,90,unverified,mapping has not yet been cross-checked against an independent schedule,,False
Bear TV Легенды Экрана RU UHD,000133_LegendsEkrana,000133_LegendsEkrana,Кино 4K,,epgpw-RU,565080,name,90,unverified,mapping has not yet been cross-checked against an independent schedule,,False
Bear TV КиноВолна RU UHD,000135_MovieWave,000135_MovieWave,Кино 4K,,epgpw-RU,564959,name,90,unverified,mapping has not yet been cross-checked against an independent schedule,,False
Bear TV КиноОрбита RU UHD,000137_CinemaOrbit,000137_CinemaOrbit,Кино 4K,,epgpw-RU,564911,name,90,unverified,mapping has not yet been cross-checked against an independent schedule,,False
Bear TV Галактика Кино RU UHD,000139_FilmGalaxy,000139_FilmGalaxy,Кино 4K,,epgpw-RU,565034,name,90,unverified,mapping has not yet been cross-checked against an independent schedule,,False
Bear TV КиноСфера RU UHD,000141_KinoSphere,000141_KinoSphere,Кино 4K,,epgpw-RU,564909,name,90,unverified,mapping has not yet been cross-checked against an independent schedule,,False
Bear TV КиноДрайв RU UHD,000143_KinoDrive,000143_KinoDrive,Кино 4K,,epgpw-RU,564967,name,90,unverified,mapping has not yet been cross-checked against an independent schedule,,False
Bear TV Блокбастер ТВ RU UHD,000144_BlockbusterTV,000144_BlockbusterTV,Кино 4K,,epgpw-RU,565030,name,90,unverified,mapping has not yet been cross-checked against an independent schedule,,False
Bear TV Фильм Канал RU UHD,000199_FilmKanal,000199_FilmKanal,Кино 4K,,epgpw-RU,564988,name,90,unverified,mapping has not yet been cross-checked against an independent schedule,,False
Bear TV КиноЛиния RU UHD,000201_KinoLine,000201_KinoLine,Кино 4K,,epgpw-RU,565018,name,90,unverified,mapping has not yet been cross-checked against an independent schedule,,False
Bear TV КиноЗвезда RU UHD,000202_MovieStar,000202_MovieStar,Кино 4K,,epgpw-RU,565070,name,90,unverified,mapping has not yet been cross-checked against an independent schedule,,False
Bear TV КиноАрена RU UHD,000203_KinoArena,000203_KinoArena,Кино 4K,,epgpw-RU,565072,name,90,unverified,mapping has not yet been cross-checked against an independent schedule,,False
Bear TV Экран Будущего RU UHD,000204_EkranFuture,000204_EkranFuture,Кино 4K,,epgpw-RU,565066,name,90,unverified,mapping has not yet been cross-checked against an independent schedule,,False
Bear TV Кино Нова RU UHD,000205_CinemaNova,000205_CinemaNova,Кино 4K,,epgpw-RU,564943,name,90,unverified,mapping has not yet been cross-checked against an independent schedule,,False
Bear TV КиноФокус RU UHD,000206_KinoFocus,000206_KinoFocus,Кино 4K,,epgpw-RU,565022,name,90,unverified,mapping has not yet been cross-checked against an independent schedule,,False
Bear TV ФильмПоток RU UHD,000207_FilmPotok,000207_FilmPotok,Кино 4K,,epgpw-RU,565076,name,90,unverified,mapping has not yet been cross-checked against an independent schedule,,False
Bear TV КиноМикс RU UHD,000208_KinoMix,000208_KinoMix,Кино 4K,,epgpw-RU,564933,name,90,unverified,mapping has not yet been cross-checked against an independent schedule,,False
Bear TV КиноКлассика RU UHD,000209_KinoClassic,000209_KinoClassic,Кино 4K,,epgpw-RU,564950,name,90,unverified,mapping has not yet been cross-checked against an independent schedule,,False
Bear TV СуперСеанс RU UHD,000210_SuperSeans,000210_SuperSeans,Кино 4K,,epgpw-RU,564908,name,90,unverified,mapping has not yet been cross-checked against an independent schedule,,False
Bear TV КиноДом RU UHD,000211_HDKinoDom,000211_HDKinoDom,Кино 4K,,epgpw-RU,565058,name,90,unverified,mapping has not yet been cross-checked against an independent schedule,,False
Bear TV КиноПланета RU UHD,000212_KinoPlanet,000212_KinoPlanet,Кино 4K,,epgpw-RU,565073,name,90,unverified,mapping has not yet been cross-checked against an independent schedule,,False
Bear TV КиноНочь RU UHD,000213_MovieNight,000213_MovieNight,Кино 4K,,epgpw-RU,564912,name,90,unverified,mapping has not yet been cross-checked against an independent schedule,,False
Bear TV КиноПортал RU UHD,000214_KinoPortal,000214_KinoPortal,Кино 4K,,epgpw-RU,564935,name,90,unverified,mapping has not yet been cross-checked against an independent schedule,,False
Bear TV Экран Премиум RU UHD,000215_EkranPremium,000215_EkranPremium,Кино 4K,,epgpw-RU,564969,name,90,unverified,mapping has not yet been cross-checked against an independent schedule,,False
Bear TV КиноСвет RU UHD,000216_KinoSvet,000216_KinoSvet,Кино 4K,,epgpw-RU,565060,name,90,unverified,mapping has not yet been cross-checked against an independent schedule,,False
Bear TV ФильмЭкспресс RU UHD,000217_FilmExpress,000217_FilmExpress,Кино 4K,,epgpw-RU,564997,name,90,unverified,mapping has not yet been cross-checked against an independent schedule,,False
Bear TV Парк Кино RU UHD,000218_SerialPark,000218_SerialPark,Кино 4K,,epgpw-RU,565087,name,90,unverified,mapping has not yet been cross-checked against an independent schedule,,False
Bear TV Время Кино RU UHD,000219_CinemaTime,000219_CinemaTime,Кино 4K,,epgpw-RU,565042,name,90,unverified,mapping has not yet been cross-checked against an independent schedule,,False
Bear TV КиноМаяк RU UHD,000220_KinoMayak,000220_KinoMayak,Кино 4K,,epgpw-RU,564999,name,90,unverified,mapping has not yet been cross-checked against an independent schedule,,False
Bear TV КиноБаза RU UHD,000221_KinoBaza,000221_KinoBaza,Кино 4K,,epgpw-RU,565036,name,90,unverified,mapping has not yet been cross-checked against an independent schedule,,False
Bear TV ФильмЗона RU UHD,000222_FilmZone,000222_FilmZone,Кино 4K,,epgpw-RU,565045,name,90,unverified,mapping has not yet been cross-checked against an independent schedule,,False
Bear TV КиноИмперия RU UHD,000223_KinoEmpire,000223_KinoEmpire,Кино 4K,,epgpw-RU,565017,name,90,unverified,mapping has not yet been cross-checked against an independent schedule,,False
Bear TV Экран Хит RU UHD,000224_EkranHit,000224_EkranHit,Кино 4K,,epgpw-RU,565024,name,90,unverified,mapping has not yet been cross-checked against an independent schedule,,False
Bear TV Линия Кино RU UHD,000225_MovieLine,000225_MovieLine,Кино 4K,,epgpw-RU,564907,name,90,unverified,mapping has not yet been cross-checked against an independent schedule,,False
Bear TV КиноРитм RU UHD,000226_KinoRhythm,000226_KinoRhythm,Кино 4K,,epgpw-RU,565044,name,90,unverified,mapping has not yet been cross-checked against an independent schedule,,False
Bear TV Сеанс 24/7 RU UHD,000227_Seans247,000227_Seans247,Кино 4K,,epgpw-RU,564941,name,90,unverified,mapping has not yet been cross-checked against an independent schedule,,False
Bear TV Киномания RU UHD,009999_KinoMania,009999_KinoMania,Кино 4K,,epgpw-RU,565000,name,90,unverified,mapping has not yet been cross-checked against an independent schedule,,False
Megogo Футбол 2 HD,Xmegogo-football-2,Xmegogo-football-2,Спорт,,epgpw-RU,6725,name,90,unverified,mapping has not yet been cross-checked against an independent schedule,,False
Megogo Футбол 3 HD,Xmegogo-football-3,Xmegogo-football-3,Спорт,,epgpw-RU,7540,name,90,unverified,mapping has not yet been cross-checked against an independent schedule,,False
Megogo Футбол 4 HD,Xmegogo-football-4,Xmegogo-football-4,Спорт,,epgpw-RU,562168,name,90,unverified,mapping has not yet been cross-checked against an independent schedule,,False
Megogo Футбол 5 HD,Xmegogo-football-5,Xmegogo-football-5,Спорт,,epgpw-RU,562028,name,90,unverified,mapping has not yet been cross-checked against an independent schedule,,False
Megogo Гонг,Xmegogo-gong,Xmegogo-gong,Спорт,,epgpw-RU,6454,name,90,unverified,mapping has not yet been cross-checked against an independent schedule,,False
DiviSport,Xdivisport,Xdivisport,Спорт,,epgpw-RU,128532,name,90,unverified,mapping has not yet been cross-checked against an independent schedule,,False
Dynamo Kyiv TV,Xdynamo-kyiv-tv,Xdynamo-kyiv-tv,Спорт,,epgpw-RU,6910,name,90,unverified,mapping has not yet been cross-checked against an independent schedule,,False
Футбол,Xfootball-ru,Xfootball-ru,Спорт,,epgpw-RU,7573,name,90,unverified,mapping has not yet been cross-checked against an independent schedule,,False
Футбол HD,Xfootball-ru,Xfootball-ru,Спорт,,epgpw-RU,7573,name,90,unverified,mapping has not yet been cross-checked against an independent schedule,,False
Окко Спорт HD,Xokko-sport,Xokko-sport,Спорт,,epgpw-RU,6698,name,90,unverified,mapping has not yet been cross-checked against an independent schedule,,False
Окко Футбол HD,Xokko-football,Xokko-football,Спорт,,epgpw-RU,387776,name,90,unverified,mapping has not yet been cross-checked against an independent schedule,,False
Окко.Прайм Спорт,Xokko-sport-2,Xokko-sport-2,Спорт,,epgpw-RU,428603,name,90,unverified,mapping has not yet been cross-checked against an independent schedule,,False
Старт Триумф HD,Xstart-triumf,Xstart-triumf,Спорт,,epgpw-RU,366052,name,90,unverified,mapping has not yet been cross-checked against an independent schedule,,False
Старт HD,Xstart,Xstart,Спорт,,epgpw-RU,368872,name,90,unverified,mapping has not yet been cross-checked against an independent schedule,,False
Хоккейный,Xxokkejny,Xxokkejny,Спорт,,epgpw-RU,366019,name,90,unverified,mapping has not yet been cross-checked against an independent schedule,,False
NBA TV,Xnba-tv,Xnba-tv,Спорт,,epgpw-RU,540046,name,90,unverified,mapping has not yet been cross-checked against an independent schedule,,False
Мир Баскетбола,Xmir-basketbola,Xmir-basketbola,Спорт,,epgpw-RU,5808,name,90,unverified,mapping has not yet been cross-checked against an independent schedule,,False
Русский Экстрим,Xrussky-ekstrim,Xrussky-ekstrim,Спорт,,epgpw-RU,7485,name,90,unverified,mapping has not yet been cross-checked against an independent schedule,,False
Точка отрыва,Xtochka-otryva,Xtochka-otryva,Спорт,,epgpw-RU,6359,name,90,unverified,mapping has not yet been cross-checked against an independent schedule,,False
MAINCAST SPORT,Xmaincast-sport,Xmaincast-sport,Спорт,,epgpw-RU,472376,name,90,unverified,mapping has not yet been cross-checked against an independent schedule,,False
BOX Be ON Edge HD,Xbox-beonedge,Xbox-beonedge,Спорт,,epgpw-RU,559661,name,90,unverified,mapping has not yet been cross-checked against an independent schedule,,False
BOX Be ON Edge 1 Live HD,Xbox-beonedge1live,Xbox-beonedge1live,Спорт,,epgpw-RU,559662,name,90,unverified,mapping has not yet been cross-checked against an independent schedule,,False
BOX Be ON Edge 2 Live HD,Xbox-beonedge2live,Xbox-beonedge2live,Спорт,,epgpw-RU,559644,name,90,unverified,mapping has not yet been cross-checked against an independent schedule,,False
Box Sport 11 Live 4K,,422889,Спорт,,epgpw-RU,422889,name,90,unverified,mapping has not yet been cross-checked against an independent schedule,,False
Diema Sport 2 HD,Xdiema-sport-2,Xdiema-sport-2,Спорт,,epgpw-RU,535981,name,90,unverified,mapping has not yet been cross-checked against an independent schedule,,False
Diema Sport 3 HD,Xdiema-sport-3,Xdiema-sport-3,Спорт,,epgpw-RU,535980,name,90,unverified,mapping has not yet been cross-checked against an independent schedule,,False
M+ Deportes ES,,406569,Спорт,,epgpw-RU,406569,name,90,unverified,mapping has not yet been cross-checked against an independent schedule,,False
M+ Deportes 2 ES,,444572,Спорт,,epgpw-RU,444572,name,90,unverified,mapping has not yet been cross-checked against an independent schedule,,False
M+ Deportes 3 ES,,444548,Спорт,,epgpw-RU,444548,name,90,unverified,mapping has not yet been cross-checked against an independent schedule,,False
M+ Deportes 4 ES,,444556,Спорт,,epgpw-RU,444556,name,90,unverified,mapping has not yet been cross-checked against an independent schedule,,False
Arena Premium 1 HD,,381833,Спорт,,epgpw-RU,381833,name,90,unverified,mapping has not yet been cross-checked against an independent schedule,,False
Arena Premium 2 HD,,381835,Спорт,,epgpw-RU,381835,name,90,unverified,mapping has not yet been cross-checked against an independent schedule,,False
Arena Premium 3 HD,,381834,Спорт,,epgpw-RU,381834,name,90,unverified,mapping has not yet been cross-checked against an independent schedule,,False
Arena Fight,,370737,Спорт,,epgpw-RU,370737,name,90,unverified,mapping has not yet been cross-checked against an independent schedule,,False
V Sport Ultra HD,Xv-sport-ultrahd,Xv-sport-ultrahd,Спорт,,epgpw-RU,480584,name,90,unverified,mapping has not yet been cross-checked against an independent schedule,,False
HD Life,Xhd-life,Xhd-life,Познавательные,,epgpw-RU,6092,name,90,unverified,mapping has not yet been cross-checked against an independent schedule,,False
Viju Nature HD,Xviasat-nature,Xviasat-nature,Познавательные,,epgpw-RU,6879,name,90,unverified,mapping has not yet been cross-checked against an independent schedule,,False
Viju+ Planet HD,Xviasat-nature-history-hd,Xviasat-nature-history-hd,Познавательные,,epgpw-RU,7053,name,90,unverified,mapping has not yet been cross-checked against an independent schedule,,False
H2 HD,Xh2,Xh2,Познавательные,,epgpw-RU,7772,name,90,unverified,mapping has not yet been cross-checked against an independent schedule,,False
The Explorers,Xthe-explorers,Xthe-explorers,Познавательные,,epgpw-RU,43438,name,90,unverified,mapping has not yet been cross-checked against an independent schedule,,False
Рыбалка HD,Xrybalka,Xrybalka,Познавательные,,epgpw-RU,7279,name,90,unverified,mapping has not yet been cross-checked against an independent schedule,,False
Наука,Xnauka,Xnauka,Познавательные,,epgpw-RU,5810,name,90,unverified,mapping has not yet been cross-checked against an independent schedule,,False
Nautical Channel,Xnautical-channel,Xnautical-channel,Познавательные,,epgpw-RU,544796,name,90,unverified,mapping has not yet been cross-checked against an independent schedule,,False
RTG TV,Xrtg-tv,Xrtg-tv,Познавательные,,epgpw-RU,5981,name,90,unverified,mapping has not yet been cross-checked against an independent schedule,,False
Gulli,Xgulli-girl,Xgulli-girl,Детские,,epgpw-RU,5789,name,90,unverified,mapping has not yet been cross-checked against an independent schedule,,False
Baby TV,Xbaby-tv,Xbaby-tv,Детские,,epgpw-RU,34982,name,90,unverified,mapping has not yet been cross-checked against an independent schedule,,False
Cartoon Classics,Xcartoon-classics,Xcartoon-classics,Детские,,epgpw-RU,184790,name,90,unverified,mapping has not yet been cross-checked against an independent schedule,,False
Пингвин Лоло,Xpingvin-lolo,Xpingvin-lolo,Детские,,epgpw-RU,560028,name,90,unverified,mapping has not yet been cross-checked against an independent schedule,,False
Умка,Xumka,Xumka,Детские,,epgpw-RU,558963,name,90,unverified,mapping has not yet been cross-checked against an independent schedule,,False
Пиксель HD,Xpixel,Xpixel,Детские,,epgpw-RU,7466,name,90,unverified,mapping has not yet been cross-checked against an independent schedule,,False
Пиксель,Xpixel,Xpixel,Детские,,epgpw-RU,7466,name,90,unverified,mapping has not yet been cross-checked against an independent schedule,,False
Da Vinci Learning,Xda-vinci,Xda-vinci,Детские,,epgpw-RU,6820,name,90,unverified,mapping has not yet been cross-checked against an independent schedule,,False
Детское кино HD,Xdetskoe-kino,Xdetskoe-kino,Детские,,epgpw-RU,6785,name,90,unverified,mapping has not yet been cross-checked against an independent schedule,,False
ТипТоп HD,Xtiptop,Xtiptop,Детские,,epgpw-RU,376571,name,90,unverified,mapping has not yet been cross-checked against an independent schedule,,False
Lale,xlale,xlale,Детские,,epgpw-RU,7601,name,90,unverified,mapping has not yet been cross-checked against an independent schedule,,False
Зал суда,Xzal-suda,Xzal-suda,Разное,,epgpw-RU,5985,name,90,unverified,mapping has not yet been cross-checked against an independent schedule,,False
Бобер,Xbobior,Xbobior,Разное,,epgpw-RU,7397,name,90,unverified,mapping has not yet been cross-checked against an independent schedule,,False
8 канал,X8kanal-eu,X8kanal-eu,Разное,,epgpw-RU,7205,name,90,unverified,mapping has not yet been cross-checked against an independent schedule,,False
FoodTime,Xeda-hd,Xeda-hd,Разное,,epgpw-RU,5917,name,90,unverified,mapping has not yet been cross-checked against an independent schedule,,False
Первый вегетарианский,Xpervy-vegetariansky,Xpervy-vegetariansky,Разное,,epgpw-RU,7278,name,90,unverified,mapping has not yet been cross-checked against an independent schedule,,False
Ретро,Xretro-tv,Xretro-tv,Разное,,epgpw-RU,6998,name,90,unverified,mapping has not yet been cross-checked against an independent schedule,,False
Три Ангела,Xtri-angela,Xtri-angela,Разное,,epgpw-RU,7630,name,90,unverified,mapping has not yet been cross-checked against an independent schedule,,False
EWTN Украина,Xewtn-ua,Xewtn-ua,Разное,,epgpw-RU,244992,name,90,unverified,mapping has not yet been cross-checked against an independent schedule,,False
CNBC,Xcnbc-europe,Xcnbc-europe,Новости,,epgpw-RU,7574,name,90,unverified,mapping has not yet been cross-checked against an independent schedule,,False
Bloomberg,Xbloomberg,Xbloomberg,Новости,,epgpw-RU,6110,name,90,unverified,mapping has not yet been cross-checked against an independent schedule,,False
Мир 24,Xmir-24,Xmir-24,Новости,,epgpw-RU,7101,name,90,unverified,mapping has not yet been cross-checked against an independent schedule,,False
France 24,Xfrance-24,Xfrance-24,Новости,,epgpw-RU,6084,name,90,unverified,mapping has not yet been cross-checked against an independent schedule,,False
Дождь,Xdozhd,Xdozhd,Новости,,epgpw-RU,6042,name,90,unverified,mapping has not yet been cross-checked against an independent schedule,,False
OstWest,Xostwest,Xostwest,Новости,,epgpw-RU,181616,name,90,unverified,mapping has not yet been cross-checked against an independent schedule,,False
OstWest24,Xostwest24,Xostwest24,Новости,,epgpw-RU,227471,name,90,unverified,mapping has not yet been cross-checked against an independent schedule,,False
Европа Плюс ТВ,Xeuropa-plus-tv,Xeuropa-plus-tv,Музыкальные,,epgpw-RU,7364,name,90,unverified,mapping has not yet been cross-checked against an independent schedule,,False
Trace Urban HD,Xtrace-urban,Xtrace-urban,Музыкальные,,epgpw-RU,6035,name,90,unverified,mapping has not yet been cross-checked against an independent schedule,,False
Classic Music HD,Xclassic-music,Xclassic-music,Музыкальные,,epgpw-RU,7655,name,90,unverified,mapping has not yet been cross-checked against an independent schedule,,False
О2ТВ,Xo2tv,Xo2tv,Музыкальные,,epgpw-RU,5779,name,90,unverified,mapping has not yet been cross-checked against an independent schedule,,False
MCM Top,Xmcm-top,Xmcm-top,Музыкальные,,epgpw-RU,5906,name,90,unverified,mapping has not yet been cross-checked against an independent schedule,,False
Матур ТВ,Xmatur-tv,Xmatur-tv,Музыкальные,,epgpw-RU,7520,name,90,unverified,mapping has not yet been cross-checked against an independent schedule,,False
4Fun Kids,X4fun-gold,X4fun-gold,Музыкальные,,epgpw-RU,6851,name,90,unverified,mapping has not yet been cross-checked against an independent schedule,,False
4Fun Dance,X4fun-dance,X4fun-dance,Музыкальные,,epgpw-RU,6604,name,90,unverified,mapping has not yet been cross-checked against an independent schedule,,False
Eska TV HD,Xeskatv,Xeskatv,Музыкальные,,epgpw-RU,7493,name,90,unverified,mapping has not yet been cross-checked against an independent schedule,,False
Eska Rock TV HD,Xeskatv-rock,Xeskatv-rock,Музыкальные,,epgpw-RU,7532,name,90,unverified,mapping has not yet been cross-checked against an independent schedule,,False
1HD Music,,561864,Музыкальные,,epgpw-RU,561864,name,90,unverified,mapping has not yet been cross-checked against an independent schedule,,False
Music Box Dance,,532259,Музыкальные,,epgpw-RU,532259,name,90,unverified,mapping has not yet been cross-checked against an independent schedule,,False
Music Box Classic,,532316,Музыкальные,,epgpw-RU,532316,name,90,unverified,mapping has not yet been cross-checked against an independent schedule,,False
Music Box Hits,,532215,Музыкальные,,epgpw-RU,532215,name,90,unverified,mapping has not yet been cross-checked against an independent schedule,,False
Music Box Sexy,,532319,Музыкальные,,epgpw-RU,532319,name,90,unverified,mapping has not yet been cross-checked against an independent schedule,,False
Vantage Music,Xvantage-music,Xvantage-music,Музыкальные,,epgpw-RU,545221,name,90,unverified,mapping has not yet been cross-checked against an independent schedule,,False
Vantage Classic,Xvantage-classic,Xvantage-classic,Музыкальные,,epgpw-RU,545225,name,90,unverified,mapping has not yet been cross-checked against an independent schedule,,False
RTL UHD,Xrtl,Xrtl,Германия,DE,epgpw-DE,76740,name-region,96,probable,strong exact match; no country conflict detected,,False
Sky Sport Golf HD,Xsky-sports-golf,Xsky-sports-golf,Германия,DE,epgpw-DE,10645,name-region,96,probable,strong exact match; no country conflict detected,,False
Sky Sport Premier League,X10880,X10880,Германия,DE,epgpw-DE,438445,name-region,96,probable,strong exact match; no country conflict detected,,False
Sportdigital FUSSBALL HD,,438441,Германия,DE,epgpw-DE,438441,name-region,96,probable,strong exact match; no country conflict detected,,False
Sky Replay,X10635,X10635,Германия,DE,epgpw-DE,562033,name-region,96,probable,strong exact match; no country conflict detected,,False
SAT.1 emotions HD,Xtnt-serie-de,Xtnt-serie-de,Германия,DE,epgpw-DE,76769,name,90,unverified,mapping has not yet been cross-checked against an independent schedule,,False
Sky Cinema Family HD,Xsky-cinema-family,Xsky-cinema-family,Германия,DE,epgpw-DE,438465,name-region,96,probable,strong exact match; no country conflict detected,,False
Sky Cinema Action HD,Xsky-cinema-action,Xsky-cinema-action,Германия,DE,epgpw-DE,438458,name-region,96,probable,strong exact match; no country conflict detected,,False
Sky Cinema Classics HD,Xsky-cinema,Xsky-cinema,Германия,DE,epgpw-DE,438459,name-region,96,probable,strong exact match; no country conflict detected,,False
Kabel Eins HD,Xkabel-1,Xkabel-1,Германия,DE,epgpw-DE,76792,name,90,unverified,mapping has not yet been cross-checked against an independent schedule,,False
tagesschau24 HD,,76696,Германия,DE,epgpw-DE,76696,name,90,unverified,mapping has not yet been cross-checked against an independent schedule,,False
Premier Sports 1 HD,Xpremier-sports-1,Xpremier-sports-1,Спорт,,epgpw-GB,219100,name,90,unverified,mapping has not yet been cross-checked against an independent schedule,,False
Premier Sports 2 HD,Xpremier-sports-2,Xpremier-sports-2,Спорт,,epgpw-GB,219104,name,90,unverified,mapping has not yet been cross-checked against an independent schedule,,False
TNT Sports 4 HD,,400478,Спорт,,epgpw-GB,400478,name,90,unverified,mapping has not yet been cross-checked against an independent schedule,,False
Sky Cinema Hits HD,,454796,UK,GB,epgpw-GB,454796,name-region,96,probable,strong exact match; no country conflict detected,,False
Sky Documentaries HD,,454797,UK,GB,epgpw-GB,454797,name-region,96,probable,strong exact match; no country conflict detected,,False
Sky History HD,,12272,UK,GB,epgpw-GB,12272,name-region,96,probable,strong exact match; no country conflict detected,,False
NHL Network,Xnhl-network-us,Xnhl-network-us,Спорт,,epgpw-US,465348,name,90,unverified,mapping has not yet been cross-checked against an independent schedule,,False
Adult Swim,,470749,Канада,CA,epgpw-CA,470749,name,90,unverified,mapping has not yet been cross-checked against an independent schedule,,False
ТНТ International HD,Xtnt-int-cis,Xtnt-int-cis,Россия,RU,epgone-ru2,5692,name,90,unverified,mapping has not yet been cross-checked against an independent schedule,,False
РБК-ТВ,Xrbk,Xrbk,Россия,RU,epgone-ru2,743,name,90,unverified,mapping has not yet been cross-checked against an independent schedule,,False
1+1 International HD,X1plus1-int,X1plus1-int,Украинские,UA,epgone-ru2,8897,name,90,unverified,mapping has not yet been cross-checked against an independent schedule,,False
Наше Мужское HD,Xnashe-muzhskoe,Xnashe-muzhskoe,Кино,,epgone-ru2,2835,name,90,unverified,mapping has not yet been cross-checked against an independent schedule,,False
Хит HD,Xkhit,Xkhit,Кино,,epgone-ru2,2833,name,90,unverified,mapping has not yet been cross-checked against an independent schedule,,False
Блокбастер HD,Xblokbaster,Xblokbaster,Кино,,epgone-ru2,2832,name,90,unverified,mapping has not yet been cross-checked against an independent schedule,,False
Lost HD,,4772,Кино,,epgone-ru2,4772,name,90,unverified,mapping has not yet been cross-checked against an independent schedule,,False
Матч ТВ,Xmatch-tv,Xmatch-tv,Спорт,,epgone-ru2,2051,name,90,unverified,mapping has not yet been cross-checked against an independent schedule,,False
Setanta Sports HD MD,,7244,Спорт,,epgone-ru2,7244,name,90,unverified,mapping has not yet been cross-checked against an independent schedule,,False
Sport 1 UA,Xsport1-ua,Xsport1-ua,Спорт,,epgone-ru2,3317,name,90,unverified,mapping has not yet been cross-checked against an independent schedule,,False
Sport 2 UA,Xsport2-ua,Xsport2-ua,Спорт,,epgone-ru2,3318,name,90,unverified,mapping has not yet been cross-checked against an independent schedule,,False
Авто 24,Xavto24,Xavto24,Спорт,,epgone-ru2,2008,name,90,unverified,mapping has not yet been cross-checked against an independent schedule,,False
BOX SportCast Live 2 HD,Xbox-sportcast-live2,Xbox-sportcast-live2,Спорт,,epgone-ru2,7891,name,90,unverified,mapping has not yet been cross-checked against an independent schedule,,False
BOX SportCast Live 3 HD,Xbox-sportcast-live3,Xbox-sportcast-live3,Спорт,,epgone-ru2,7892,name,90,unverified,mapping has not yet been cross-checked against an independent schedule,,False
BOX SportCast Live 4 HD,Xbox-sportcast-live4,Xbox-sportcast-live4,Спорт,,epgone-ru2,7893,name,90,unverified,mapping has not yet been cross-checked against an independent schedule,,False
BOX SportCast Live 5 HD,Xbox-sportcast-live5,Xbox-sportcast-live5,Спорт,,epgone-ru2,7894,name,90,unverified,mapping has not yet been cross-checked against an independent schedule,,False
BOX SportCast Live 6 HD,Xbox-sportcast-live6,Xbox-sportcast-live6,Спорт,,epgone-ru2,8829,name,90,unverified,mapping has not yet been cross-checked against an independent schedule,,False
BOX SportCast Live 7 HD,Xbox-sportcast-live7,Xbox-sportcast-live7,Спорт,,epgone-ru2,8830,name,90,unverified,mapping has not yet been cross-checked against an independent schedule,,False
Планета HD,Xmoya-planeta,Xmoya-planeta,Познавательные,,epgone-ru2,675,name,90,unverified,mapping has not yet been cross-checked against an independent schedule,,False
ЕГЭ ТВ,Xege-tv,Xege-tv,Познавательные,,epgone-ru2,2420,name,90,unverified,mapping has not yet been cross-checked against an independent schedule,,False
Т24,Xtexno-24,Xtexno-24,Познавательные,,epgone-ru2,2762,name,90,unverified,mapping has not yet been cross-checked against an independent schedule,,False
Tiji TV,Xtiji,Xtiji,Детские,,epgone-ru2,555,name,90,unverified,mapping has not yet been cross-checked against an independent schedule,,False
Ералаш,,4775,Детские,,epgone-ru2,4775,name,90,unverified,mapping has not yet been cross-checked against an independent schedule,,False
Russia Today Doc HD,Xrussia-today,Xrussia-today,Новости,,epgone-ru2,2295,name,90,unverified,mapping has not yet been cross-checked against an independent schedule,,False
Беларусь 2,Xbelarus2,Xbelarus2,Беларусь,BY,epgone-ru2,2539,name,90,unverified,mapping has not yet been cross-checked against an independent schedule,,False
РТР HD,Xrtr-belarus,Xrtr-belarus,Беларусь,BY,epgone-ru2,2547,name,90,unverified,mapping has not yet been cross-checked against an independent schedule,,False
24 Украина HD,24news-ua,24news-ua,Украинские,UA,epgpw-all-lite,6663,name,90,unverified,mapping has not yet been cross-checked against an independent schedule,,False
Tennis+,1889,1889,Спорт,,epgpw-all-lite,1889,id,99,probable,strong exact match; no country conflict detected,,False
TSN 2,,470550,Спорт,,epgpw-all-lite,470550,name,90,unverified,mapping has not yet been cross-checked against an independent schedule,,False
TSN 4,,470915,Спорт,,epgpw-all-lite,470915,name,90,unverified,mapping has not yet been cross-checked against an independent schedule,,False
TSN 5,,470390,Спорт,,epgpw-all-lite,470390,name,90,unverified,mapping has not yet been cross-checked against an independent schedule,,False
TV1 HD,Xtv1-lt,Xtv1-lt,Литва,LT,epgpw-all-lite,3683,name,90,unverified,mapping has not yet been cross-checked against an independent schedule,,False
TV3 HD,Xtv3-lt,Xtv3-lt,Литва,LT,epgpw-all-lite,1072,name,90,unverified,mapping has not yet been cross-checked against an independent schedule,,False
Info TV HD,Xinfo-tv,Xinfo-tv,Литва,LT,epgpw-all-lite,5795,name,90,unverified,mapping has not yet been cross-checked against an independent schedule,,False
TV3 HD,Xtv3-lv,Xtv3-lv,Латвия,LV,epgpw-all-lite,1072,name,90,unverified,mapping has not yet been cross-checked against an independent schedule,,False
TV3,Xtv3-ee,Xtv3-ee,Эстония,,epgpw-all-lite,1072,name,90,unverified,mapping has not yet been cross-checked against an independent schedule,,False
BollyWood HD,XBollywood.Series.il,XBollywood.Series.il,Израиль,IL,epgpw-all-lite,7094,name,90,unverified,mapping has not yet been cross-checked against an independent schedule,,False
Zoom,XZoom.il,XZoom.il,Израиль,IL,epgpw-all-lite,6513,name,90,unverified,mapping has not yet been cross-checked against an independent schedule,,False
TVN HD,Xtvn-pl,Xtvn-pl,Польша,PL,epgpw-all-lite,2323,name,90,unverified,mapping has not yet been cross-checked against an independent schedule,,False
Kino TV HD,Xkino-tv-pl,Xkino-tv-pl,Польша,PL,epgpw-all-lite,6644,name,90,unverified,mapping has not yet been cross-checked against an independent schedule,,False
Moldova 1 HD,Xmoldova-1,Xmoldova-1,Молдова,MD,epgpw-all-lite,5747,name,90,unverified,mapping has not yet been cross-checked against an independent schedule,,False
N4,Xn4,Xn4,Молдова,MD,epgpw-all-lite,6259,name,90,unverified,mapping has not yet been cross-checked against an independent schedule,,False
TVN HD,,2323,Молдова,MD,epgpw-all-lite,2323,name,90,unverified,mapping has not yet been cross-checked against an independent schedule,,False
FashionBox HD,,6760,Болгария,BG,epgpw-all-lite,6760,name,90,unverified,mapping has not yet been cross-checked against an independent schedule,,False
TRT World,XTRT.World.tr,XTRT.World.tr,Турция,TR,epgpw-all-lite,12173,name,90,unverified,mapping has not yet been cross-checked against an independent schedule,,False
Private TV,Xprivate-tv,Xprivate-tv,Для взрослых,,epgpw-all-lite,41290,name,90,unverified,mapping has not yet been cross-checked against an independent schedule,,False
Первый Российский Национальный канал,Xprnk-tv,Xprnk-tv,Россия,RU,anzo-top,11336,name,90,unverified,mapping has not yet been cross-checked against an independent schedule,,False
Перец,Xperec-int,Xperec-int,Россия,RU,anzo-top,11007,name,90,unverified,mapping has not yet been cross-checked against an independent schedule,,False
Мой мир,,11487,Россия,RU,anzo-top,11487,name,90,unverified,mapping has not yet been cross-checked against an independent schedule,,False
Наше крутое HD,Xnash-detektiv,Xnash-detektiv,Кино,,anzo-top,12878,name,90,unverified,mapping has not yet been cross-checked against an independent schedule,,False
Наше любимое HD,Xnashe-lubimoe,Xnashe-lubimoe,Кино,,anzo-top,11101,name,90,unverified,mapping has not yet been cross-checked against an independent schedule,,False
Новелла ТВ,,12593,Кино,,anzo-top,12593,name,90,unverified,mapping has not yet been cross-checked against an independent schedule,,False
Киноджем 1 HD,Xkinojam1,Xkinojam1,Кино,,anzo-top,9689,name,90,unverified,mapping has not yet been cross-checked against an independent schedule,,False
Киноджем 2 HD,Xkinojam2,Xkinojam2,Кино,,anzo-top,13644,name,90,unverified,mapping has not yet been cross-checked against an independent schedule,,False
9-1-1 HD,,13645,Кино,,anzo-top,13645,name,90,unverified,mapping has not yet been cross-checked against an independent schedule,,False
Матч! 50fps,Xmatch-tv,Xmatch-tv,Спорт,,anzo-top,11254,name,90,unverified,mapping has not yet been cross-checked against an independent schedule,,False
Мяч,Xfootbolny,Xfootbolny,Спорт,,anzo-top,11119,name,90,unverified,mapping has not yet been cross-checked against an independent schedule,,False
UDAR,Xufc,Xufc,Спорт,,anzo-top,10921,name,90,unverified,mapping has not yet been cross-checked against an independent schedule,,False
UFC ТВ HD,,10921,Спорт,,anzo-top,10921,name,90,unverified,mapping has not yet been cross-checked against an independent schedule,,False
Рыболов,Xoxotnik-i-rybolov,Xoxotnik-i-rybolov,Познавательные,,anzo-top,12747,name,90,unverified,mapping has not yet been cross-checked against an independent schedule,,False
СуперГерои,Xmalysh,Xmalysh,Детские,,anzo-top,8287,name,90,unverified,mapping has not yet been cross-checked against an independent schedule,,False
RT Doc,Xrtd-ru,Xrtd-ru,Новости,,anzo-top,11461,name,90,unverified,mapping has not yet been cross-checked against an independent schedule,,False
Russia Today,Xrussia-today,Xrussia-today,Новости,,anzo-top,13777,name,90,unverified,mapping has not yet been cross-checked against an independent schedule,,False
Bridge TV Deluxe,Xbridge-hd,Xbridge-hd,Музыкальные,,anzo-top,11469,name,90,unverified,mapping has not yet been cross-checked against an independent schedule,,False
Music Box,Xmusicbox,Xmusicbox,Музыкальные,,anzo-top,11490,name,90,unverified,mapping has not yet been cross-checked against an independent schedule,,False
7 TV,,10026,Молдова,MD,anzo-top,10026,name,90,unverified,mapping has not yet been cross-checked against an independent schedule,,False
Love Nature HD,Xlove-nature-4k,Xlove-nature-4k,Болгария,BG,anzo-top,12690,name,90,unverified,mapping has not yet been cross-checked against an independent schedule,,False
TV 1000,XTV1000.ro,XTV1000.ro,Румыния,RO,anzo-top,13893,name,90,unverified,mapping has not yet been cross-checked against an independent schedule,,False
Playboy,Xplayboy-tv,Xplayboy-tv,Для взрослых,,anzo-top,12861,name,90,unverified,mapping has not yet been cross-checked against an independent schedule,,False
Brazzers TV HD,Xbrazzers-tv-europe,Xbrazzers-tv-europe,Для взрослых,,anzo-top,11467,name,90,unverified,mapping has not yet been cross-checked against an independent schedule,,False
Brazzers TV Europe,Xbrazzers-tv-europe,Xbrazzers-tv-europe,Для взрослых,,anzo-top,11467,name,90,unverified,mapping has not yet been cross-checked against an independent schedule,,False
Barely Legal,Xbarely-legal,Xbarely-legal,Для взрослых,,anzo-top,11465,name,90,unverified,mapping has not yet been cross-checked against an independent schedule,,False
Babes TV HD,Xbabes-tv,Xbabes-tv,Для взрослых,,anzo-top,11463,name,90,unverified,mapping has not yet been cross-checked against an independent schedule,,False
Red Lips,Xo-la-la,Xo-la-la,Для взрослых,,anzo-top,11477,name,90,unverified,mapping has not yet been cross-checked against an independent schedule,,False
Red Lips,Xredlips,Xredlips,Для взрослых,,anzo-top,11477,name,90,unverified,mapping has not yet been cross-checked against an independent schedule,,False
Exxxotica HD,Xexxxotica,Xexxxotica,Для взрослых,,anzo-top,11475,name,90,unverified,mapping has not yet been cross-checked against an independent schedule,,False
Русская Ночь,Xrusskaya-noch,Xrusskaya-noch,Для взрослых,,anzo-top,11480,name,90,unverified,mapping has not yet been cross-checked against an independent schedule,,False
Redlight HD,Xredlight-hd,Xredlight-hd,Для взрослых,,anzo-top,10455,name,90,unverified,mapping has not yet been cross-checked against an independent schedule,,False
Eromania 4K,Xeromania4k,Xeromania4k,Для взрослых,,anzo-top,11406,name,90,unverified,mapping has not yet been cross-checked against an independent schedule,,False
Euronews,,EURONEWS.at,Германия,DE,epgshare-AT,EURONEWS.at,name,90,unverified,mapping has not yet been cross-checked against an independent schedule,,False
VOX Up HD,XVOXup.de,XVOXup.de,Германия,DE,epgshare-AT,VOX.UP.at,name,90,unverified,mapping has not yet been cross-checked against an independent schedule,,False
Hope TV,,Hope.TV.at,Германия,DE,epgshare-AT,Hope.TV.at,name,90,unverified,mapping has not yet been cross-checked against an independent schedule,,False
Eclips TV,,Eclips.TV.be,BE & NL,BE/NL,epgshare-BE,Eclips.TV.be,name,90,unverified,mapping has not yet been cross-checked against an independent schedule,,False
VTM HD,XVTM.be,XVTM.be,BE & NL,BE/NL,epgshare-BE,VTM.HD.be,name,90,unverified,mapping has not yet been cross-checked against an independent schedule,,False
VTM Gold,,VTM.GOLD.be,BE & NL,BE/NL,epgshare-BE,VTM.GOLD.be,name,90,unverified,mapping has not yet been cross-checked against an independent schedule,,False
TV Drenthe,,TV.Drenthe.be,BE & NL,BE/NL,epgshare-BE,TV.Drenthe.be,name,90,unverified,mapping has not yet been cross-checked against an independent schedule,,False
TV Gelderland,,TV.Gelderland.be,BE & NL,BE/NL,epgshare-BE,TV.Gelderland.be,name,90,unverified,mapping has not yet been cross-checked against an independent schedule,,False
TV Oranje,,TV.Oranje.be,BE & NL,BE/NL,epgshare-BE,TV.Oranje.be,name,90,unverified,mapping has not yet been cross-checked against an independent schedule,,False
VRT Canvas HD,XVRT.Canvas.nl,XVRT.Canvas.nl,BE & NL,BE/NL,epgshare-BE,VRT.Canvas.HD.be,name,90,unverified,mapping has not yet been cross-checked against an independent schedule,,False
Arte HD,,ARTE.HD.be,BE & NL,BE/NL,epgshare-BE,ARTE.HD.be,name,90,unverified,mapping has not yet been cross-checked against an independent schedule,,False
TF1,,TF1.HD.be,BE & NL,BE/NL,epgshare-BE,TF1.HD.be,name,90,unverified,mapping has not yet been cross-checked against an independent schedule,,False
France 3,,France.3.HD.be,BE & NL,BE/NL,epgshare-BE,France.3.HD.be,name,90,unverified,mapping has not yet been cross-checked against an independent schedule,,False
France 2,,France.2.HD.be,BE & NL,BE/NL,epgshare-BE,France.2.HD.be,name,90,unverified,mapping has not yet been cross-checked against an independent schedule,,False
France 4,,France.4.HD.be,BE & NL,BE/NL,epgshare-BE,France.4.HD.be,name,90,unverified,mapping has not yet been cross-checked against an independent schedule,,False
France 5,,France.5.HD.be,BE & NL,BE/NL,epgshare-BE,France.5.HD.be,name,90,unverified,mapping has not yet been cross-checked against an independent schedule,,False
BFM TV,,BFM.TV.be,BE & NL,BE/NL,epgshare-BE,BFM.TV.be,name,90,unverified,mapping has not yet been cross-checked against an independent schedule,,False
La Une,,La.Une.HD.be,BE & NL,BE/NL,epgshare-BE,La.Une.HD.be,name,90,unverified,mapping has not yet been cross-checked against an independent schedule,,False
Tipik,,Tipik.be,BE & NL,BE/NL,epgshare-BE,Tipik.be,name,90,unverified,mapping has not yet been cross-checked against an independent schedule,,False
Film1 Premiere HD,XFilm.1.Premiere.nl,XFilm.1.Premiere.nl,BE & NL,BE/NL,epgshare-NL,Film1.Premiere.nl,name,90,unverified,mapping has not yet been cross-checked against an independent schedule,,False
NET5 HD,XNET.5.nl,XNET.5.nl,BE & NL,BE/NL,epgshare-NL,Net5.nl,name,90,unverified,mapping has not yet been cross-checked against an independent schedule,,False
Oost,,Oost.nl,BE & NL,BE/NL,epgshare-NL,Oost.nl,name,90,unverified,mapping has not yet been cross-checked against an independent schedule,,False
SBS6 HD,XSBS.6.nl,XSBS.6.nl,BE & NL,BE/NL,epgshare-NL,SBS6.nl,name,90,unverified,mapping has not yet been cross-checked against an independent schedule,,False
ESPN HD,XESPN.1.nl,XESPN.1.nl,BE & NL,BE/NL,epgshare-NL,ESPN.nl,name,90,unverified,mapping has not yet been cross-checked against an independent schedule,,False
AT5,,AT5.nl,BE & NL,BE/NL,epgshare-NL,AT5.nl,name,90,unverified,mapping has not yet been cross-checked against an independent schedule,,False
BBC Three,Xbbc-3-uk,Xbbc-3-uk,UK,GB,epgshare-UK,BBC.Three.HD.uk,name-region,96,probable,strong exact match; no country conflict detected,,False
BBC Two HD,Xbbc-2-uk,Xbbc-2-uk,UK,GB,epgshare-UK,BBC.Two.HD.uk,name-region,96,probable,strong exact match; no country conflict detected,,False
ITV 1 HD,,ITV1.HD.uk,UK,GB,epgshare-UK,ITV1.HD.uk,alias,100,verified,researched exact alias,,False
ITV 2 HD,,ITV2.HD.uk,UK,GB,epgshare-UK,ITV2.HD.uk,alias,100,verified,researched exact alias,,False
ITV 3 HD,,ITV3.HD.uk,UK,GB,epgshare-UK,ITV3.HD.uk,alias,100,verified,researched exact alias,,False
ITV 4 HD,,ITV4.HD.uk,UK,GB,epgshare-UK,ITV4.HD.uk,alias,100,verified,researched exact alias,,False
More4 HD,,More4.HD.uk,UK,GB,epgshare-UK,More4.HD.uk,name,90,unverified,mapping has not yet been cross-checked against an independent schedule,,False
E4 HD,,E4.HD.uk,UK,GB,epgshare-UK,E4.HD.uk,name,90,unverified,mapping has not yet been cross-checked against an independent schedule,,False
Channel 4 HD,,Channel.4.HD.uk,UK,GB,epgshare-UK,Channel.4.HD.uk,name,90,unverified,mapping has not yet been cross-checked against an independent schedule,,False
Channel 5 HD,,Channel.5.HD.uk,UK,GB,epgshare-UK,Channel.5.HD.uk,name,90,unverified,mapping has not yet been cross-checked against an independent schedule,,False
Sky Cinema Sci-Fi HD,,Sky.Sci-Fi.HD.uk,UK,GB,epgshare-UK,Sky.Sci-Fi.HD.uk,alias,100,verified,researched exact alias,,False
Sky Cinema Drama HD,,Sky.Drama.HD.uk,UK,GB,epgshare-UK,Sky.Drama.HD.uk,alias,100,verified,researched exact alias,,False
Sky Cinema Greats HD,,Sky.Greats.HD.uk,UK,GB,epgshare-UK,Sky.Greats.HD.uk,alias,100,verified,researched exact alias,,False
Sky Kids HD,,Sky.Kids.HD.uk,UK,GB,epgshare-UK,Sky.Kids.HD.uk,name-region,96,probable,strong exact match; no country conflict detected,,False
Film4 HD,,Film4.HD.uk,UK,GB,epgshare-UK,Film4.HD.uk,name,90,unverified,mapping has not yet been cross-checked against an independent schedule,,False
Animal Planet HD,Xanimal-planet-eu,Xanimal-planet-eu,UK,GB,epgshare-UK,Animal.Planet.uk,name-region,96,probable,strong exact match; no country conflict detected,,False
Discovery HD,Xdiscovery-channel,Xdiscovery-channel,UK,GB,epgshare-UK,Discovery.HD.uk,name-region,96,probable,strong exact match; no country conflict detected,,False
MTV HD,,MTV.HD.uk,UK,GB,epgshare-UK,MTV.HD.uk,name-region,96,probable,strong exact match; no country conflict detected,,False
Music box 00s,,MUSIC.BOX.00s.musicbox,Музыкальные,,epgshare-MUSICBOX,MUSIC.BOX.00s.musicbox,name,90,unverified,mapping has not yet been cross-checked against an independent schedule,,False
Deluxe Rap HD,,Deluxe.Rap.de,Музыкальные,,epgshare-DELUXEMUSIC,Deluxe.Rap.de,name,90,unverified,mapping has not yet been cross-checked against an independent schedule,,False
RAI 2 HD,,Rai.2.HD..102.it,Италия,IT,epgshare-IT,Rai.2.HD..102.it,alias,100,verified,researched exact alias,,False
RAI 4 HD,,Rai4.it,Италия,IT,epgshare-IT,Rai4.it,alias,100,verified,researched exact alias,,False
RAI 5 HD,,Rai5.it,Италия,IT,epgshare-IT,Rai5.it,alias,100,verified,researched exact alias,,False
RAI Gulp HD,,RaiGulp.it,Италия,IT,epgshare-IT,RaiGulp.it,alias,100,verified,researched exact alias,,False
RAI YOYO HD,,RaiYoyo.it,Италия,IT,epgshare-IT,RaiYoyo.it,alias,100,verified,researched exact alias,,False
RAI Storia HD,,RaiStoria.it,Италия,IT,epgshare-IT,RaiStoria.it,alias,100,verified,researched exact alias,,False
RAI Movie HD,,RaiMovie.it,Италия,IT,epgshare-IT,RaiMovie.it,alias,100,verified,researched exact alias,,False
RAI Scuola HD,,RaiScuola.it,Италия,IT,epgshare-IT,RaiScuola.it,alias,100,verified,researched exact alias,,False
LA 5 HD,,La.5.it,Италия,IT,epgshare-IT,La.5.it,name,90,unverified,mapping has not yet been cross-checked against an independent schedule,,False
Super!,,Super!.it,Италия,IT,epgshare-IT,Super!.it,name,90,unverified,mapping has not yet been cross-checked against an independent schedule,,False
AXN White,XAXN.White.ro,XAXN.White.ro,Румыния,RO,epgshare-RO,AXN.White.ro,name,90,unverified,mapping has not yet been cross-checked against an independent schedule,,False
AXN Black,XAXN.Black.ro,XAXN.Black.ro,Румыния,RO,epgshare-RO,AXN.Black.ro,name,90,unverified,mapping has not yet been cross-checked against an independent schedule,,False
AXN Spin,XAXN.Spin.ro,XAXN.Spin.ro,Румыния,RO,epgshare-RO,AXN.Spin.ro,name,90,unverified,mapping has not yet been cross-checked against an independent schedule,,False
Prima TV RO,,Prima.TV.ro,Румыния,RO,epgshare-RO,Prima.TV.ro,alias,100,verified,researched exact alias,,False
Pro Cinema HD,,Pro.Cinema.HD.ro,Румыния,RO,epgshare-RO,Pro.Cinema.HD.ro,alias,100,verified,researched exact alias,,False
ProTV,,PRO.TV.ro,Румыния,RO,epgshare-RO,PRO.TV.ro,alias,100,verified,researched exact alias,,False
ProTV HD,,PRO.TV.HD.ro,Румыния,RO,epgshare-RO,PRO.TV.HD.ro,alias,100,verified,researched exact alias,,False
ProTV International,,PRO.TV.INTERNATIONAL.ro,Румыния,RO,epgshare-RO,PRO.TV.INTERNATIONAL.ro,alias,100,verified,researched exact alias,,False
Realitatea+,,Realitatea.Plus.ro,Румыния,RO,epgshare-RO,Realitatea.Plus.ro,alias,100,verified,researched exact alias,,False
Romania TV,,România.TV.ro,Румыния,RO,epgshare-RO,România.TV.ro,alias,100,verified,researched exact alias,,False
TLC HD,,TLC.ro,Румыния,RO,epgshare-RO,TLC.ro,name-region,96,probable,strong exact match; no country conflict detected,,False
Telestar 1,,Telestar.1.ro,Румыния,RO,epgshare-RO,Telestar.1.ro,name-region,96,probable,strong exact match; no country conflict detected,,False
Travel mix HD,,Travel.Mix.ro,Румыния,RO,epgshare-RO,Travel.Mix.ro,name,90,unverified,mapping has not yet been cross-checked against an independent schedule,,False
TVR2,,TVR.2.ro,Румыния,RO,epgshare-RO,TVR.2.ro,alias,100,verified,researched exact alias,,False
TVR3,,TVR.3.ro,Румыния,RO,epgshare-RO,TVR.3.ro,alias,100,verified,researched exact alias,,False
TVR Iasi,,TVR.Iași.ro,Румыния,RO,epgshare-RO,TVR.Iași.ro,alias,100,verified,researched exact alias,,False
БНТ1,XBNT.bg,XBNT.bg,Болгария,BG,epgshare-BG,БНТ1.bg,alias,100,verified,researched exact alias,,False
БНТ2,XBNT.2.bg,XBNT.2.bg,Болгария,BG,epgshare-BG,БНТ2.bg,alias,100,verified,researched exact alias,,False
Nova HD,XNova.TV.bg,XNova.TV.bg,Болгария,BG,epgshare-BG,Нова.телевизия.bg,alias,100,verified,researched exact alias,,False
Diema,XDiema.bg,XDiema.bg,Болгария,BG,epgshare-BG,Диема.bg,alias,100,verified,researched exact alias,,False
Diema Family HD,XDiema.Family.bg,XDiema.Family.bg,Болгария,BG,epgshare-BG,Диема.Фемили.bg,alias,100,verified,researched exact alias,,False
Nova Sport,XNova.Sport.bg,XNova.Sport.bg,Болгария,BG,epgshare-BG,Нова.Спорт.bg,alias,100,verified,researched exact alias,,False
Diema Sport 2,XDIEMA.SPORT.2.bg,XDIEMA.SPORT.2.bg,Болгария,BG,epgshare-BG,Diema.Sport.2.HD.bg,name,90,unverified,mapping has not yet been cross-checked against an independent schedule,,False
Diema Sport 3,XDIEMA.SPORT.3.bg,XDIEMA.SPORT.3.bg,Болгария,BG,epgshare-BG,Diema.Sport.3.bg,name,90,unverified,mapping has not yet been cross-checked against an independent schedule,,False
Max Sport 1 HD,XMax.Sport.1.bg,XMax.Sport.1.bg,Болгария,BG,epgshare-BG,MAX.Sport.1.bg,name,90,unverified,mapping has not yet been cross-checked against an independent schedule,,False
Max Sport 2 HD,XMax.Sport.2.bg,XMax.Sport.2.bg,Болгария,BG,epgshare-BG,MAX.Sport.2.bg,name,90,unverified,mapping has not yet been cross-checked against an independent schedule,,False
Max Sport 3 HD,XMax.Sport.3.bg,XMax.Sport.3.bg,Болгария,BG,epgshare-BG,MAX.Sport.3.bg,name,90,unverified,mapping has not yet been cross-checked against an independent schedule,,False
Max Sport 4 HD,XMax.Sport.4.bg,XMax.Sport.4.bg,Болгария,BG,epgshare-BG,MAX.Sport.4.bg,name,90,unverified,mapping has not yet been cross-checked against an independent schedule,,False
Nick Jr,XNick.Jr.bg,XNick.Jr.bg,Болгария,BG,epgshare-BG,Nick.Jr..bg,name-region,96,probable,strong exact match; no country conflict detected,,False
TVP 3 HD,Xtvp3,Xtvp3,Польша,PL,epgshare-PL,TVP.3.pl,name,90,unverified,mapping has not yet been cross-checked against an independent schedule,,False
TVP Seriale HD,Xtvp-seriale,Xtvp-seriale,Польша,PL,epgshare-PL,TVP.Seriale.pl,name,90,unverified,mapping has not yet been cross-checked against an independent schedule,,False
Polsat Viasat Nature HD,Xpolsat-viasat-nature,Xpolsat-viasat-nature,Польша,PL,epgshare-PL,Polsat.Viasat.Nature.HD.pl,name-region,96,probable,strong exact match; no country conflict detected,,False
TVP Historia HD,Xtvp-historia,Xtvp-historia,Польша,PL,epgshare-PL,TVP.Historia.pl,name,90,unverified,mapping has not yet been cross-checked against an independent schedule,,False
Polsat Sport Premium 1 HD,Xpolsat-sport-pr1,Xpolsat-sport-pr1,Польша,PL,epgshare-PL,Polsat.Sport.Premium.1.pl,name,90,unverified,mapping has not yet been cross-checked against an independent schedule,,False
Polsat Sport Premium 2 HD,Xpolsat-sport-pr2,Xpolsat-sport-pr2,Польша,PL,epgshare-PL,Polsat.Sport.Premium.2.pl,name,90,unverified,mapping has not yet been cross-checked against an independent schedule,,False
Polsat Sport Premium 3 HD,Xpolsat-sport-pr3,Xpolsat-sport-pr3,Польша,PL,epgshare-PL,Polsat.Sport.Premium.3.pl,name,90,unverified,mapping has not yet been cross-checked against an independent schedule,,False
Polsat Sport Premium 4 HD,Xpolsat-sport-pr4,Xpolsat-sport-pr4,Польша,PL,epgshare-PL,Polsat.Sport.Premium.4.pl,name,90,unverified,mapping has not yet been cross-checked against an independent schedule,,False
Polsat Sport Premium 5 HD,Xpolsat-sport-pr5,Xpolsat-sport-pr5,Польша,PL,epgshare-PL,Polsat.Sport.Premium.5.pl,name,90,unverified,mapping has not yet been cross-checked against an independent schedule,,False
Vox Music TV HD,XVOX.Music.TV.pl,XVOX.Music.TV.pl,Польша,PL,epgshare-PL,VOX.Music.TV.pl,name,90,unverified,mapping has not yet been cross-checked against an independent schedule,,False
Paramount Network,Xparamount-network-pl,Xparamount-network-pl,Польша,PL,epgshare-PL,Paramount.Network.pl,name-region,96,probable,strong exact match; no country conflict detected,,False
Polar HD,,POLAR.cz,Чехия,CZ,epgshare-CZ,POLAR.cz,name,90,unverified,mapping has not yet been cross-checked against an independent schedule,,False
Jihočeská televize,,Jihočeská.televize.cz,Чехия,CZ,epgshare-CZ,Jihočeská.televize.cz,name,90,unverified,mapping has not yet been cross-checked against an independent schedule,,False
RTVS SPORT HD,X3981fa886a1704937afd96d87ea46ef1,X3981fa886a1704937afd96d87ea46ef1,SkyLink,CZ/SK,epgshare-CZ,RTVS.SPORT.cz,name,90,unverified,mapping has not yet been cross-checked against an independent schedule,,False
AMC,,AMC.cz,SkyLink,CZ/SK,epgshare-CZ,AMC.cz,name,90,unverified,mapping has not yet been cross-checked against an independent schedule,,False
AXN,,AXN.cz,SkyLink,CZ/SK,epgshare-CZ,AXN.cz,name,90,unverified,mapping has not yet been cross-checked against an independent schedule,,False
AXN Black,,AXN.Black.cz,SkyLink,CZ/SK,epgshare-CZ,AXN.Black.cz,name,90,unverified,mapping has not yet been cross-checked against an independent schedule,,False
AXN White,,AXN.White.cz,SkyLink,CZ/SK,epgshare-CZ,AXN.White.cz,name,90,unverified,mapping has not yet been cross-checked against an independent schedule,,False
Arena Sport 1 HD,X1ee5b7ce8676fe322a8bb63f097f8c9a,X1ee5b7ce8676fe322a8bb63f097f8c9a,SkyLink,CZ/SK,epgshare-SK,Arena.Sport.1.HD.sk,name,90,unverified,mapping has not yet been cross-checked against an independent schedule,,False
Action 24 GR,Xaction24-gr,Xaction24-gr,Греция,GR,epgshare-GR,Action.24.gr,alias,100,verified,researched exact alias,,False
Alpha GR,Xalpha-gr,Xalpha-gr,Греция,GR,epgshare-GR,ALPHA.gr,alias,100,verified,researched exact alias,,False
Nea TV,Xmega-gr,Xmega-gr,Греция,GR,epgshare-GR,ΝΕΑ.Τηλεόραση.Κρήτης.gr,alias,100,verified,researched exact alias,,False
Star GR,Xstar-gr,Xstar-gr,Греция,GR,epgshare-GR,STAR.gr,alias,100,verified,researched exact alias,,False
HRT1,,HTV1.HD.hr,Хорватия,HR,epgshare-HR,HTV1.HD.hr,alias,100,verified,researched exact alias,,False
CMC TV,,CMC.hr,Хорватия,HR,epgshare-HR,CMC.hr,alias,100,verified,researched exact alias,,False
SPORT TV + PT,,SPORT.TV+.HD.pt,Спорт,,epgshare-PT,SPORT.TV+.HD.pt,alias,100,verified,researched exact alias,,False
SPORT TV 1 PT,,SPORT.TV1.HD.pt,Спорт,,epgshare-PT,SPORT.TV1.HD.pt,alias,100,verified,researched exact alias,,False
SPORT TV 2 PT,,SPORT.TV2.HD.pt,Спорт,,epgshare-PT,SPORT.TV2.HD.pt,alias,100,verified,researched exact alias,,False
SPORT TV 3 PT,,SPORT.TV3.HD.pt,Спорт,,epgshare-PT,SPORT.TV3.HD.pt,alias,100,verified,researched exact alias,,False
SPORT TV 4 PT,,SPORT.TV4.HD.pt,Спорт,,epgshare-PT,SPORT.TV4.HD.pt,alias,100,verified,researched exact alias,,False
SPORT TV 5 PT,,SPORT.TV5.HD.pt,Спорт,,epgshare-PT,SPORT.TV5.HD.pt,alias,100,verified,researched exact alias,,False
SPORT TV 6 PT,,Sport.TV.6.HD.pt,Спорт,,epgshare-PT,Sport.TV.6.HD.pt,alias,100,verified,researched exact alias,,False
DAZN 1 PT,,DAZN.1.pt,Спорт,,epgshare-PT,DAZN.1.pt,alias,100,verified,researched exact alias,,False
DAZN 2 PT,,DAZN.2.pt,Спорт,,epgshare-PT,DAZN.2.pt,alias,100,verified,researched exact alias,,False
Canal 11 International,,Canal.11.HD.pt,Спорт,,epgshare-PT,Canal.11.HD.pt,alias,100,verified,researched exact alias,,False
CNN Türk HD,Xcnn-turk,Xcnn-turk,Турция,TR,epgshare-TR,CNN.TÜRK.HD.tr,name-region,96,probable,strong exact match; no country conflict detected,,False
TRT Türk,XTRT.Türk.tr,XTRT.Türk.tr,Турция,TR,epgshare-TR,TRT.TÜRK.tr,name,90,unverified,mapping has not yet been cross-checked against an independent schedule,,False
TRT Avaz,Xtrt-avaz,Xtrt-avaz,Турция,TR,epgshare-TR,TRT.AVAZ.HD.tr,name,90,unverified,mapping has not yet been cross-checked against an independent schedule,,False
LNK HD,Xlnk,Xlnk,Литва,LT,epgshare-LT,LNK.lt,name,90,unverified,mapping has not yet been cross-checked against an independent schedule,,False
TV3 Plus,Xtv3-plus-lt,Xtv3-plus-lt,Литва,LT,epgshare-LT,TV3.Plus.lt,name,90,unverified,mapping has not yet been cross-checked against an independent schedule,,False
Balticum TV HD,Xbalticum-tv,Xbalticum-tv,Литва,LT,epgshare-LT,Balticum.TV.lt,name,90,unverified,mapping has not yet been cross-checked against an independent schedule,,False
Balticum Auksinis HD,Xbalticum-auksinis,Xbalticum-auksinis,Литва,LT,epgshare-LT,Balticum.Auksinis.lt,name,90,unverified,mapping has not yet been cross-checked against an independent schedule,,False
Delfi TV HD,Xdelfi-tv,Xdelfi-tv,Литва,LT,epgshare-LT,Delfi.TV.lt,name,90,unverified,mapping has not yet been cross-checked against an independent schedule,,False
Viasat Kino World HD,Xtv1000-premium,Xtv1000-premium,Литва,LT,epgshare-LT,Viasat.Kino.World.lt,name-region,96,probable,strong exact match; no country conflict detected,,False
Filmzone HD,Xfilmzone-lt,Xfilmzone-lt,Литва,LT,epgshare-LT,Filmzone+.lt,name,90,unverified,mapping has not yet been cross-checked against an independent schedule,,False
Go3 Films HD,Xtv1000-cee,Xtv1000-cee,Литва,LT,epgshare-LT,Go3.Films.lt,name,90,unverified,mapping has not yet been cross-checked against an independent schedule,,False
Sport 1 HD,Xsport1-lt,Xsport1-lt,Литва,LT,epgshare-LT,Sport.1.lt,name,90,unverified,mapping has not yet been cross-checked against an independent schedule,,False
Go3 Sport 1 HD,Xtvplay-sports,Xtvplay-sports,Литва,LT,epgshare-LT,Go3.Sport.1.lt,name,90,unverified,mapping has not yet been cross-checked against an independent schedule,,False
Go3 Sport 2 HD,Xtvplay-sports-plus,Xtvplay-sports-plus,Литва,LT,epgshare-LT,Go3.Sport.2.lt,name,90,unverified,mapping has not yet been cross-checked against an independent schedule,,False
Go3 Sport 3 HD,Xtv3-sport-3,Xtv3-sport-3,Литва,LT,epgshare-LT,Go3.Sport.3.lt,name,90,unverified,mapping has not yet been cross-checked against an independent schedule,,False
Go3 Sport Open HD,Xtv3-sport-open,Xtv3-sport-open,Литва,LT,epgshare-LT,Go3.Sport.Open.lt,name,90,unverified,mapping has not yet been cross-checked against an independent schedule,,False
TV6,Xtv6-lv,Xtv6-lv,Латвия,LV,epgshare-LV,TV6.HD.lv,name,90,unverified,mapping has not yet been cross-checked against an independent schedule,,False
TV6 HD,Xtv6-lv,Xtv6-lv,Латвия,LV,epgshare-LV,TV6.HD.lv,name,90,unverified,mapping has not yet been cross-checked against an independent schedule,,False
TV3 Life HD,Xlnt,Xlnt,Латвия,LV,epgshare-LV,TV3.Life.HD.lv,name,90,unverified,mapping has not yet been cross-checked against an independent schedule,,False
Go3 Films HD,Xtv1000-premium,Xtv1000-premium,Латвия,LV,epgshare-LV,Go3.Films.HD.lv,name,90,unverified,mapping has not yet been cross-checked against an independent schedule,,False
Kidzone Mini HD,Xkidzone,Xkidzone,Латвия,LV,epgshare-LV,Kidzone.Mini.HD.lv,name,90,unverified,mapping has not yet been cross-checked against an independent schedule,,False
Kidzone Max HD,Xkidzone,Xkidzone,Латвия,LV,epgshare-LV,Kidzone.Max.HD.lv,name,90,unverified,mapping has not yet been cross-checked against an independent schedule,,False
Nick Jr HD,Xnick-jr-baltic,Xnick-jr-baltic,Латвия,LV,epgshare-LV,Nick.Jr.HD.lv,name-region,96,probable,strong exact match; no country conflict detected,,False
Re:TV HD,Xre-tv,Xre-tv,Латвия,LV,epgshare-LV,Re:TV.HD.lv,name,90,unverified,mapping has not yet been cross-checked against an independent schedule,,False
НВК Саха,Xsaxa,Xsaxa,Россия,RU,teleguide-ru,1646,name,90,unverified,mapping has not yet been cross-checked against an independent schedule,,False
Конный мир HD,Xkonny-mir,Xkonny-mir,Спорт,,teleguide-ru,2137,name,90,unverified,mapping has not yet been cross-checked against an independent schedule,,False
Q Arena,Xqsport-kz,Xqsport-kz,Спорт,,teleguide-ru,300174,name,90,unverified,mapping has not yet been cross-checked against an independent schedule,,False
Luxury HD,Xluxury-hd,Xluxury-hd,Разное,,teleguide-ru,1754,name,90,unverified,mapping has not yet been cross-checked against an independent schedule,,False
ТБН,Xtbn-ru,Xtbn-ru,Разное,,teleguide-ru,1638,name,90,unverified,mapping has not yet been cross-checked against an independent schedule,,False
Angel TV,Xangel-tv,Xangel-tv,Разное,,teleguide-ru,2885,name,90,unverified,mapping has not yet been cross-checked against an independent schedule,,False
НТВ Беларусь,Xntv-belarus,Xntv-belarus,Беларусь,BY,teleguide-ru,300053,name,90,unverified,mapping has not yet been cross-checked against an independent schedule,,False
Планета РТР,Xrtr-planeta-eu,Xrtr-planeta-eu,Россия,RU,gabbarit-current,Planeta RTR,name,90,unverified,mapping has not yet been cross-checked against an independent schedule,,False
ТВЦ International,Xtvci,Xtvci,Россия,RU,gabbarit-current,ТВ Центр Международный,name,90,unverified,mapping has not yet been cross-checked against an independent schedule,,False
News Front,,News Front TV,Россия,RU,gabbarit-current,News Front TV,name,90,unverified,mapping has not yet been cross-checked against an independent schedule,,False
Резонанс ТВ,Xrezonans,Xrezonans,Россия,RU,gabbarit-current,Резонанс,name,90,unverified,mapping has not yet been cross-checked against an independent schedule,,False
Хузур ТВ,Xxuzur-tv,Xxuzur-tv,Россия,RU,gabbarit-current,Хузур ТВ (Татарстан),name,90,unverified,mapping has not yet been cross-checked against an independent schedule,,False
Sochi Live,Xsochi-live,Xsochi-live,Россия,RU,gabbarit-current,Sochi Live,name,90,unverified,mapping has not yet been cross-checked against an independent schedule,,False
ТРК 555,,ТРК 555 (Алушта),Россия,RU,gabbarit-current,ТРК 555 (Алушта),name,90,unverified,mapping has not yet been cross-checked against an independent schedule,,False
Волга 24,Xvremia-n,Xvremia-n,Россия,RU,gabbarit-current,Время Н (Нижний Новгород),name,90,unverified,mapping has not yet been cross-checked against an independent schedule,,False
Ветта 24,Xvetta24,Xvetta24,Россия,RU,gabbarit-current,Ветта-24 (Пермь),name,90,unverified,mapping has not yet been cross-checked against an independent schedule,,False
Хузур ТВ,Xxuzur-tv,Xxuzur-tv,Россия,RU,gabbarit-current,Хузур ТВ (Татарстан),name,90,unverified,mapping has not yet been cross-checked against an independent schedule,,False
ICTV2,Xictv-ukraine,Xictv-ukraine,Украинские,UA,gabbarit-current,ICTV 2 HD,name,90,unverified,mapping has not yet been cross-checked against an independent schedule,,False
Новий канал,Xnovy-kanal-ua,Xnovy-kanal-ua,Украинские,UA,gabbarit-current,Новый канал,name,90,unverified,mapping has not yet been cross-checked against an independent schedule,,False
Новий канал HD,Xnovy-kanal-ua,Xnovy-kanal-ua,Украинские,UA,gabbarit-current,Новый канал,name,90,unverified,mapping has not yet been cross-checked against an independent schedule,,False
Униан ТВ,Xunian-tv,Xunian-tv,Украинские,UA,gabbarit-current,Униан ТВ,name,90,unverified,mapping has not yet been cross-checked against an independent schedule,,False
5 канал ПЕРШИЙ.УКРАЇНСЬКИЙ. ІНФОРМАЦІЙНИЙ,X5kanal-ua,X5kanal-ua,Украинские,UA,gabbarit-current,5 канал,name,90,unverified,mapping has not yet been cross-checked against an independent schedule,,False
FreeДОМ,Xua-tv,Xua-tv,Украинские,UA,gabbarit-current,FreeДОМ,name,90,unverified,mapping has not yet been cross-checked against an independent schedule,,False
Перший Західний,Xpershy-zaxidny,Xpershy-zaxidny,Украинские,UA,gabbarit-current,Перший Західний,name,90,unverified,mapping has not yet been cross-checked against an independent schedule,,False
Квартал ТВ,Xkvartal-tv,Xkvartal-tv,Украинские,UA,gabbarit-current,Квартал ТВ,name,90,unverified,mapping has not yet been cross-checked against an independent schedule,,False
Первый Автомобильный,X1auto,X1auto,Украинские,UA,gabbarit-current,Первый автомобильный,name,90,unverified,mapping has not yet been cross-checked against an independent schedule,,False
Дом,Xdom,Xdom,Украинские,UA,gabbarit-current,Дом,name,90,unverified,mapping has not yet been cross-checked against an independent schedule,,False
Первый городской Одесса,,Первый городской (Одесса),Украинские,UA,gabbarit-current,Первый городской (Одесса),name,90,unverified,mapping has not yet been cross-checked against an independent schedule,,False
Апостроф TV,Xapostrof,Xapostrof,Украинские,UA,gabbarit-current,Апостроф TV,name,90,unverified,mapping has not yet been cross-checked against an independent schedule,,False
Первый городской (Кривой Рог),Xpervy-gorodskoy-kryvrig,Xpervy-gorodskoy-kryvrig,Украинские,UA,gabbarit-current,Первый Городской (Кривой Рог),name,90,unverified,mapping has not yet been cross-checked against an independent schedule,,False
Дніпро TV HD,,51 канал,Украинские,UA,gabbarit-current,51 канал,name,90,unverified,mapping has not yet been cross-checked against an independent schedule,,False
Наше любимое кино UA,Xnashe-lubimoe-kino-ua,Xnashe-lubimoe-kino-ua,Кино,,gabbarit-current,Наше Любимое Кино HD UA,name,90,unverified,mapping has not yet been cross-checked against an independent schedule,,False
Premiere HD,Xpremiere-hd,Xpremiere-hd,Кино,,gabbarit-current,Premiere HD,name,90,unverified,mapping has not yet been cross-checked against an independent schedule,,False
Serial HD,Xserial-hd,Xserial-hd,Кино,,gabbarit-current,Serial HD,name,90,unverified,mapping has not yet been cross-checked against an independent schedule,,False
Paradise HD,Xparadise-hd,Xparadise-hd,Кино,,gabbarit-current,Paradise HD,name,90,unverified,mapping has not yet been cross-checked against an independent schedule,,False
Victory HD,Xvictory-hd,Xvictory-hd,Кино,,gabbarit-current,Victory HD,name,90,unverified,mapping has not yet been cross-checked against an independent schedule,,False
USSR HD,Xussr-premieregroup,Xussr-premieregroup,Кино,,gabbarit-current,USSR HD,name,90,unverified,mapping has not yet been cross-checked against an independent schedule,,False
Paradox HD,Xparadox-hd,Xparadox-hd,Кино,,gabbarit-current,Paradox HD,name,90,unverified,mapping has not yet been cross-checked against an independent schedule,,False
BEST Films HD,,Best Films,Кино,,gabbarit-current,Best Films,name,90,unverified,mapping has not yet been cross-checked against an independent schedule,,False
FilmZone Plus,Xfilmzone-plus-lt,Xfilmzone-plus-lt,Кино,,gabbarit-current,FilmZone+ HD,name,90,unverified,mapping has not yet been cross-checked against an independent schedule,,False
Bolt HD Украина,Xbolt,Xbolt,Кино,,gabbarit-current,Bolt (UA),name,90,unverified,mapping has not yet been cross-checked against an independent schedule,,False
Trash TV,Xtrashtv,Xtrashtv,Кино,,gabbarit-current,Trash HD PREMIUM+,name,90,unverified,mapping has not yet been cross-checked against an independent schedule,,False
Fresh TV Armenia,,Fresh TV Armenia,Кинозалы,,gabbarit-current,Fresh TV Armenia,name,90,unverified,mapping has not yet been cross-checked against an independent schedule,,False
YOSSO-C-INQUEST,Xc-inquest-yosso,Xc-inquest-yosso,Кинозалы,,gabbarit-current,C-Inquest,name,90,unverified,mapping has not yet been cross-checked against an independent schedule,,False
YOSSO-C-COMEDY,Xc-comedy-yosso,Xc-comedy-yosso,Кинозалы,,gabbarit-current,C-Comedy,name,90,unverified,mapping has not yet been cross-checked against an independent schedule,,False
Видеокассета VHS,,Видеокасета VHS,Кинозалы,,gabbarit-current,Видеокасета VHS,name,90,unverified,mapping has not yet been cross-checked against an independent schedule,,False
GL Series,Xgoldline-series,Xgoldline-series,Кинозалы,,gabbarit-current,GL Series [Сериалы],name,90,unverified,mapping has not yet been cross-checked against an independent schedule,,False
GL Survival,Xgoldline-survival,Xgoldline-survival,Кинозалы,,gabbarit-current,GL Survival [Выживание],name,90,unverified,mapping has not yet been cross-checked against an independent schedule,,False
GL Детектив,Xgoldline-detektiv,Xgoldline-detektiv,Кинозалы,,gabbarit-current,GL Детектив,name,90,unverified,mapping has not yet been cross-checked against an independent schedule,,False
GL Невский,XGL Невский,XGL Невский,Кинозалы,,gabbarit-current,GL Невский,name,90,unverified,mapping has not yet been cross-checked against an independent schedule,,False
GL Brief,Xgoldline-brief,Xgoldline-brief,Кинозалы,,gabbarit-current,GL Brief [Короткие истории],name,90,unverified,mapping has not yet been cross-checked against an independent schedule,,False
GL Evidence,Xgoldline-evidence,Xgoldline-evidence,Кинозалы,,gabbarit-current,GL Evidence [Улика],name,90,unverified,mapping has not yet been cross-checked against an independent schedule,,False
GL Exist,Xgoldline-exist,Xgoldline-exist,Кинозалы,,gabbarit-current,GL Exist [Существование],name,90,unverified,mapping has not yet been cross-checked against an independent schedule,,False
GL Island,Xgoldline-island,Xgoldline-island,Кинозалы,,gabbarit-current,GL Island [Остров],name,90,unverified,mapping has not yet been cross-checked against an independent schedule,,False
GL Naked&Funny,Xgoldline-naked,Xgoldline-naked,Кинозалы,,gabbarit-current,GL Naked&Funny [Голые и cмешные],name,90,unverified,mapping has not yet been cross-checked against an independent schedule,,False
GL Psycho,Xgoldline-psy,Xgoldline-psy,Кинозалы,,gabbarit-current,GL Psycho [Психо],name,90,unverified,mapping has not yet been cross-checked against an independent schedule,,False
TVPlay DC Comics HD,,TVPlay DC Comics HD,Кинозалы,,gabbarit-current,TVPlay DC Comics HD,name,90,unverified,mapping has not yet been cross-checked against an independent schedule,,False
jk_fargo,,jk_fargo,Кинозалы,,gabbarit-current,jk_fargo,name,90,unverified,mapping has not yet been cross-checked against an independent schedule,,False
Joker:Губка Боб,Xgubka_bob,Xgubka_bob,Кинозалы UA,,gabbarit-current,Joker:Губка Боб,name,90,unverified,mapping has not yet been cross-checked against an independent schedule,,False
Joker:Love,jk_love,jk_love,Кинозалы UA,,gabbarit-current,jk_love,id,99,probable,strong exact match; no country conflict detected,,False
Joker:Альф,jk_Alf,jk_Alf,Кинозалы UA,,gabbarit-current,jk_Alf,id,99,probable,strong exact match; no country conflict detected,,False
Joker:Футурама,jk_futurama,jk_futurama,Кинозалы UA,,gabbarit-current,jk_futurama,id,99,probable,strong exact match; no country conflict detected,,False
Joker:CSI NY,jk_csi_NY,jk_csi_NY,Кинозалы UA,,gabbarit-current,jk_csi_NY,id,99,probable,strong exact match; no country conflict detected,,False
Joker:CSI Vegas,jk_csi_vegas,jk_csi_vegas,Кинозалы UA,,gabbarit-current,jk_csi_vegas,id,99,probable,strong exact match; no country conflict detected,,False
Joker:CSI Miami,jk_csi_m,jk_csi_m,Кинозалы UA,,gabbarit-current,jk_csi_m,id,99,probable,strong exact match; no country conflict detected,,False
Joker:Секретні матеріали,jk_x_files,jk_x_files,Кинозалы UA,,gabbarit-current,jk_x_files,id,99,probable,strong exact match; no country conflict detected,,False
Joker:Друзі,jk_Friends,jk_Friends,Кинозалы UA,,gabbarit-current,jk_Friends,id,99,probable,strong exact match; no country conflict detected,,False
Joker:Дім Дракона,jk_House_Dragon,jk_House_Dragon,Кинозалы UA,,gabbarit-current,jk_House_Dragon,id,99,probable,strong exact match; no country conflict detected,,False
Joker:Шерлок,jk_Sherlock,jk_Sherlock,Кинозалы UA,,gabbarit-current,jk_Sherlock,id,99,probable,strong exact match; no country conflict detected,,False
Joker:Гострі картузи,jk_Gostri_Kartuz,jk_Gostri_Kartuz,Кинозалы UA,,gabbarit-current,jk_Gostri_Kartuz,id,99,probable,strong exact match; no country conflict detected,,False
Joker:Відьмак,jk_Vedmak,jk_Vedmak,Кинозалы UA,,gabbarit-current,jk_Vedmak,id,99,probable,strong exact match; no country conflict detected,,False
Joker:Панда Кун-фу,jk_panda,jk_panda,Кинозалы UA,,gabbarit-current,jk_panda,id,99,probable,strong exact match; no country conflict detected,,False
Joker:Формула,jk_formula,jk_formula,Кинозалы UA,,gabbarit-current,jk_formula,id,99,probable,strong exact match; no country conflict detected,,False
Joker:Тарантіно,jk_Tarantino,jk_Tarantino,Кинозалы UA,,gabbarit-current,jk_Tarantino,id,99,probable,strong exact match; no country conflict detected,,False
Joker:Робокар Полі,jk_Robocar_Poli,jk_Robocar_Poli,Кинозалы UA,,gabbarit-current,jk_Robocar_Poli,id,99,probable,strong exact match; no country conflict detected,,False
Joker:Секс і Місто,jk_sexsity,jk_sexsity,Кинозалы UA,,gabbarit-current,jk_sexsity,id,99,probable,strong exact match; no country conflict detected,,False
Joker:Коломбо,jk_Colombo,jk_Colombo,Кинозалы UA,,gabbarit-current,jk_Colombo,id,99,probable,strong exact match; no country conflict detected,,False
Joker:Американський тато,jk_American_Dad,jk_American_Dad,Кинозалы UA,,gabbarit-current,jk_American_Dad,id,99,probable,strong exact match; no country conflict detected,,False
Joker:Гріфіни,jk_Grifins,jk_Grifins,Кинозалы UA,,gabbarit-current,jk_Grifins,id,99,probable,strong exact match; no country conflict detected,,False
Joker:Русалочка,jk_rusaloshka,jk_rusaloshka,Кинозалы UA,,gabbarit-current,jk_rusaloshka,id,99,probable,strong exact match; no country conflict detected,,False
Joker:Аладдін,jk_aladin,jk_aladin,Кинозалы UA,,gabbarit-current,jk_aladin,id,99,probable,strong exact match; no country conflict detected,,False
Joker:Чіп та Дейл,jk_Chip_Dale,jk_Chip_Dale,Кинозалы UA,,gabbarit-current,jk_Chip_Dale,id,99,probable,strong exact match; no country conflict detected,,False
Joker:Гей Арнольд!,jk_arnold,jk_arnold,Кинозалы UA,,gabbarit-current,jk_arnold,id,99,probable,strong exact match; no country conflict detected,,False
Joker:Свинка Пепа,jk_Pepa_pig,jk_Pepa_pig,Кинозалы UA,,gabbarit-current,jk_Pepa_pig,id,99,probable,strong exact match; no country conflict detected,,False
Joker:Щенячий патруль,jk_PAW_Patrol,jk_PAW_Patrol,Кинозалы UA,,gabbarit-current,jk_PAW_Patrol,id,99,probable,strong exact match; no country conflict detected,,False
Joker:Качині історії,jk_ducks,jk_ducks,Кинозалы UA,,gabbarit-current,jk_ducks,id,99,probable,strong exact match; no country conflict detected,,False
Joker:90-ті,jk_90,jk_90,Кинозалы UA,,gabbarit-current,jk_90,id,99,probable,strong exact match; no country conflict detected,,False
Joker:Леді Баг і Супер кіт,jk_ledi_Bag,jk_ledi_Bag,Кинозалы UA,,gabbarit-current,jk_ledi_Bag,id,99,probable,strong exact match; no country conflict detected,,False
Joker:Пуаро Агати Крісті,jk_Poirot,jk_Poirot,Кинозалы UA,,gabbarit-current,jk_Poirot,id,99,probable,strong exact match; no country conflict detected,,False
Joker:Декстер,jk_Dexter,jk_Dexter,Кинозалы UA,,gabbarit-current,jk_Dexter,id,99,probable,strong exact match; no country conflict detected,,False
Joker:Касл,jk_Castle,jk_Castle,Кинозалы UA,,gabbarit-current,jk_Castle,id,99,probable,strong exact match; no country conflict detected,,False
Joker:Бруклін 9-9,jk_brookllyn,jk_brookllyn,Кинозалы UA,,gabbarit-current,jk_brookllyn,id,99,probable,strong exact match; no country conflict detected,,False
Joker:Фубар,jk_FUBAR,jk_FUBAR,Кинозалы UA,,gabbarit-current,jk_FUBAR,id,99,probable,strong exact match; no country conflict detected,,False
Joker:Кістки,jk_kosty,jk_kosty,Кинозалы UA,,gabbarit-current,jk_kosty,id,99,probable,strong exact match; no country conflict detected,,False
Joker:Пуститися берега,jk_berega,jk_berega,Кинозалы UA,,gabbarit-current,jk_berega,id,99,probable,strong exact match; no country conflict detected,,False
Joker:Мел Гібсон,jk_Mel,jk_Mel,Кинозалы UA,,gabbarit-current,jk_Mel,id,99,probable,strong exact match; no country conflict detected,,False
Joker:Теорія брехні,jk_Lie_To_Me,jk_Lie_To_Me,Кинозалы UA,,gabbarit-current,jk_Lie_To_Me,id,99,probable,strong exact match; no country conflict detected,,False
Joker:Величне століття,jk_Muhtesem,jk_Muhtesem,Кинозалы UA,,gabbarit-current,jk_Muhtesem,id,99,probable,strong exact match; no country conflict detected,,False
Joker:Ван Дамм,jk_Van_Dame,jk_Van_Dame,Кинозалы UA,,gabbarit-current,jk_Van_Dame,id,99,probable,strong exact match; no country conflict detected,,False
Joker:Вітчайдушні домогосподарки,jk_desperate_ukr,jk_desperate_ukr,Кинозалы UA,,gabbarit-current,jk_desperate_ukr,id,99,probable,strong exact match; no country conflict detected,,False
Joker:Маленьке королівство Бена і Холлі,jk_Ben_Holly,jk_Ben_Holly,Кинозалы UA,,gabbarit-current,jk_Ben_Holly,id,99,probable,strong exact match; no country conflict detected,,False
Joker:Гравіті Фолз,jk_Gravity_Falls,jk_Gravity_Falls,Кинозалы UA,,gabbarit-current,jk_Gravity_Falls,id,99,probable,strong exact match; no country conflict detected,,False
Joker:South Park,jk_South_Park,jk_South_Park,Кинозалы UA,,gabbarit-current,jk_South_Park,id,99,probable,strong exact match; no country conflict detected,,False
Joker:Як я зустрів вашу маму,jk_Your_mother,jk_Your_mother,Кинозалы UA,,gabbarit-current,jk_Your_mother,id,99,probable,strong exact match; no country conflict detected,,False
Joker:Теорія великого вибуху,jk_Big_Bang,jk_Big_Bang,Кинозалы UA,,gabbarit-current,jk_Big_Bang,id,99,probable,strong exact match; no country conflict detected,,False
Joker:Cinema,jk_Cinema,jk_Cinema,Кинозалы UA,,gabbarit-current,jk_Cinema,id,99,probable,strong exact match; no country conflict detected,,False
Joker:Cinema2,jk_Cinema2,jk_Cinema2,Кинозалы UA,,gabbarit-current,jk_Cinema2,id,99,probable,strong exact match; no country conflict detected,,False
Joker:Горець,jk_gorets,jk_gorets,Кинозалы UA,,gabbarit-current,jk_gorets,id,99,probable,strong exact match; no country conflict detected,,False
Joker:Mислити як злочинець,jk_Criminal,jk_Criminal,Кинозалы UA,,gabbarit-current,jk_Criminal,id,99,probable,strong exact match; no country conflict detected,,False
Joker:Менталіст,jk_mentalist,jk_mentalist,Кинозалы UA,,gabbarit-current,jk_mentalist,id,99,probable,strong exact match; no country conflict detected,,False
Joker:Пограбування,jk_ograblenie,jk_ograblenie,Кинозалы UA,,gabbarit-current,jk_ograblenie,id,99,probable,strong exact match; no country conflict detected,,False
Joker:Герої,jk_Heroes,jk_Heroes,Кинозалы UA,,gabbarit-current,jk_Heroes,id,99,probable,strong exact match; no country conflict detected,,False
Joker:Корона,jk_korona,jk_korona,Кинозалы UA,,gabbarit-current,jk_korona,id,99,probable,strong exact match; no country conflict detected,,False
Joker:Загублені,jk_lost,jk_lost,Кинозалы UA,,gabbarit-current,jk_lost,id,99,probable,strong exact match; no country conflict detected,,False
Joker:Чорне дзеркало,jk_Black_Mirror,jk_Black_Mirror,Кинозалы UA,,gabbarit-current,jk_Black_Mirror,id,99,probable,strong exact match; no country conflict detected,,False
Joker:Біографічне,jk_biograf,jk_biograf,Кинозалы UA,,gabbarit-current,jk_biograf,id,99,probable,strong exact match; no country conflict detected,,False
Joker:Швидкість,jk_speed,jk_speed,Кинозалы UA,,gabbarit-current,jk_speed,id,99,probable,strong exact match; no country conflict detected,,False
Joker:Краще подзвоніть Солу,jk_Call_Saul,jk_Call_Saul,Кинозалы UA,,gabbarit-current,jk_Call_Saul,id,99,probable,strong exact match; no country conflict detected,,False
Joker:Пінгвіни Мадагаскару,jk_pingvins,jk_pingvins,Кинозалы UA,,gabbarit-current,jk_pingvins,id,99,probable,strong exact match; no country conflict detected,,False
Joker:Ліло і Стіч,jk_Lilo,jk_Lilo,Кинозалы UA,,gabbarit-current,jk_Lilo,id,99,probable,strong exact match; no country conflict detected,,False
jk_doku_Ukraine,jk_doku_Ukraine,jk_doku_Ukraine,Кинозалы UA,,gabbarit-current,jk_doku_Ukraine,id,99,probable,strong exact match; no country conflict detected,,False
jk_Magic,jk_Magic,jk_Magic,Кинозалы UA,,gabbarit-current,jk_Magic,id,99,probable,strong exact match; no country conflict detected,,False
Рік і Марті,jk_Rik_i_Marti,jk_Rik_i_Marti,Кинозалы UA,,gabbarit-current,jk_Rik_i_Marti,id,99,probable,strong exact match; no country conflict detected,,False
jk_dram,jk_dram,jk_dram,Кинозалы UA,,gabbarit-current,jk_dram,id,99,probable,strong exact match; no country conflict detected,,False
jk_fineas,jk_fineas,jk_fineas,Кинозалы UA,,gabbarit-current,jk_fineas,id,99,probable,strong exact match; no country conflict detected,,False
jk_strah,jk_strah,jk_strah,Кинозалы UA,,gabbarit-current,jk_strah,id,99,probable,strong exact match; no country conflict detected,,False
jk_Sliders,jk_Sliders,jk_Sliders,Кинозалы UA,,gabbarit-current,jk_Sliders,id,99,probable,strong exact match; no country conflict detected,,False
jk_Succession,jk_Succession,jk_Succession,Кинозалы UA,,gabbarit-current,jk_Succession,id,99,probable,strong exact match; no country conflict detected,,False
jk_Money_Heist,jk_Money_Heist,jk_Money_Heist,Кинозалы UA,,gabbarit-current,jk_Money_Heist,id,99,probable,strong exact match; no country conflict detected,,False
jk_office,jk_office,jk_office,Кинозалы UA,,gabbarit-current,jk_office,id,99,probable,strong exact match; no country conflict detected,,False
jk_Scrubs,jk_Scrubs,jk_Scrubs,Кинозалы UA,,gabbarit-current,jk_Scrubs,id,99,probable,strong exact match; no country conflict detected,,False
Картковий Будинок,jk_house_of_cards,jk_house_of_cards,Кинозалы UA,,gabbarit-current,jk_house_of_cards,id,99,probable,strong exact match; no country conflict detected,,False
jk_element,jk_element,jk_element,Кинозалы UA,,gabbarit-current,jk_element,id,99,probable,strong exact match; no country conflict detected,,False
jk_Buffy,jk_Buffy,jk_Buffy,Кинозалы UA,,gabbarit-current,jk_Buffy,id,99,probable,strong exact match; no country conflict detected,,False
jk_Stargate,jk_Stargate,jk_Stargate,Кинозалы UA,,gabbarit-current,jk_Stargate,id,99,probable,strong exact match; no country conflict detected,,False
jk_Only_Murders,jk_Only_Murders,jk_Only_Murders,Кинозалы UA,,gabbarit-current,jk_Only_Murders,id,99,probable,strong exact match; no country conflict detected,,False
jk_detektiv,jk_detektiv,jk_detektiv,Кинозалы UA,,gabbarit-current,jk_detektiv,id,99,probable,strong exact match; no country conflict detected,,False
jk_NCIS,jk_NCIS,jk_NCIS,Кинозалы UA,,gabbarit-current,jk_NCIS,id,99,probable,strong exact match; no country conflict detected,,False
jk_dark,jk_dark,jk_dark,Кинозалы UA,,gabbarit-current,jk_dark,id,99,probable,strong exact match; no country conflict detected,,False
jk_timon,jk_timon,jk_timon,Кинозалы UA,,gabbarit-current,jk_timon,id,99,probable,strong exact match; no country conflict detected,,False
jk_Cartoon,jk_Cartoon,jk_Cartoon,Кинозалы UA,,gabbarit-current,jk_Cartoon,id,99,probable,strong exact match; no country conflict detected,,False
jk_Flintstones,jk_Flintstones,jk_Flintstones,Кинозалы UA,,gabbarit-current,jk_Flintstones,id,99,probable,strong exact match; no country conflict detected,,False
House_ukr,XHouse_ukr,XHouse_ukr,Кинозалы UA,,gabbarit-current,Joker:Доктор Хаус,name,90,unverified,mapping has not yet been cross-checked against an independent schedule,,False
jk_grimm,jk_grimm,jk_grimm,Кинозалы UA,,gabbarit-current,jk_grimm,id,99,probable,strong exact match; no country conflict detected,,False
jk_black_cloak,jk_black_cloak,jk_black_cloak,Кинозалы UA,,gabbarit-current,jk_black_cloak,id,99,probable,strong exact match; no country conflict detected,,False
jk_Ritchie,jk_Ritchie,jk_Ritchie,Кинозалы UA,,gabbarit-current,jk_Ritchie,id,99,probable,strong exact match; no country conflict detected,,False
jk_Scorsese,jk_Scorsese,jk_Scorsese,Кинозалы UA,,gabbarit-current,jk_Scorsese,id,99,probable,strong exact match; no country conflict detected,,False
jk_Spilberg,jk_Spilberg,jk_Spilberg,Кинозалы UA,,gabbarit-current,jk_Spilberg,id,99,probable,strong exact match; no country conflict detected,,False
jk_Kopola,jk_Kopola,jk_Kopola,Кинозалы UA,,gabbarit-current,jk_Kopola,id,99,probable,strong exact match; no country conflict detected,,False
jk_Skott,jk_Skott,jk_Skott,Кинозалы UA,,gabbarit-current,jk_Skott,id,99,probable,strong exact match; no country conflict detected,,False
jk_Kameron,jk_Kameron,jk_Kameron,Кинозалы UA,,gabbarit-current,jk_Kameron,id,99,probable,strong exact match; no country conflict detected,,False
jk_Besson,jk_Besson,jk_Besson,Кинозалы UA,,gabbarit-current,jk_Besson,id,99,probable,strong exact match; no country conflict detected,,False
jk_Nolan,jk_Nolan,jk_Nolan,Кинозалы UA,,gabbarit-current,jk_Nolan,id,99,probable,strong exact match; no country conflict detected,,False
jk_King,jk_King,jk_King,Кинозалы UA,,gabbarit-current,jk_King,id,99,probable,strong exact match; no country conflict detected,,False
jk_Crowe,jk_Crowe,jk_Crowe,Кинозалы UA,,gabbarit-current,jk_Crowe,id,99,probable,strong exact match; no country conflict detected,,False
jk_Reeves,jk_Reeves,jk_Reeves,Кинозалы UA,,gabbarit-current,jk_Reeves,id,99,probable,strong exact match; no country conflict detected,,False
jk_Hemsworth,jk_Hemsworth,jk_Hemsworth,Кинозалы UA,,gabbarit-current,jk_Hemsworth,id,99,probable,strong exact match; no country conflict detected,,False
jk_Butler,jk_Butler,jk_Butler,Кинозалы UA,,gabbarit-current,jk_Butler,id,99,probable,strong exact match; no country conflict detected,,False
jk_Kunis,jk_Kunis,jk_Kunis,Кинозалы UA,,gabbarit-current,jk_Kunis,id,99,probable,strong exact match; no country conflict detected,,False
jk_Neeson,jk_Neeson,jk_Neeson,Кинозалы UA,,gabbarit-current,jk_Neeson,id,99,probable,strong exact match; no country conflict detected,,False
jk_Scorpion,jk_Scorpion,jk_Scorpion,Кинозалы UA,,gabbarit-current,jk_Scorpion,id,99,probable,strong exact match; no country conflict detected,,False
Megogo Футбол 1 HD,Xmegogo-football-1,Xmegogo-football-1,Спорт,,gabbarit-current,Megogo Футбол,name,90,unverified,mapping has not yet been cross-checked against an independent schedule,,False
QazSport,Xkazsport,Xkazsport,Спорт,,gabbarit-current,QazSport,name,90,unverified,mapping has not yet been cross-checked against an independent schedule,,False
Q Sport League,Xq-sport-ext,Xq-sport-ext,Спорт,,gabbarit-current,Q SPORT League,name,90,unverified,mapping has not yet been cross-checked against an independent schedule,,False
Sport+ Qazaqstan,Xsport-plus-kz,Xsport-plus-kz,Спорт,,gabbarit-current,SPORT+ Qazaqstan HD,name,90,unverified,mapping has not yet been cross-checked against an independent schedule,,False
TSN 1,,TSN 1,Спорт,,gabbarit-current,TSN 1,name,90,unverified,mapping has not yet been cross-checked against an independent schedule,,False
TSN 3,,TSN 3,Спорт,,gabbarit-current,TSN 3,name,90,unverified,mapping has not yet been cross-checked against an independent schedule,,False
Go3 Sport 1 HD,,Go3 Sport HD LT,Спорт,,gabbarit-current,Go3 Sport HD LT,name,90,unverified,mapping has not yet been cross-checked against an independent schedule,,False
Go3 Sport 2 HD,,Go3 Sport 2 HD LT,Спорт,,gabbarit-current,Go3 Sport 2 HD LT,name,90,unverified,mapping has not yet been cross-checked against an independent schedule,,False
Go3 Sport Open HD,,Go3 Sport Open HD LT,Спорт,,gabbarit-current,Go3 Sport Open HD LT,name,90,unverified,mapping has not yet been cross-checked against an independent schedule,,False
ID Xtra HD,Xid-xtra-ru,Xid-xtra-ru,Познавательные,,gabbarit-current,ID Investigation Discovery (Европа),name,90,unverified,mapping has not yet been cross-checked against an independent schedule,,False
36.6 HD,X36-6-tv,X36-6-tv,Познавательные,,gabbarit-current,36.6,name,90,unverified,mapping has not yet been cross-checked against an independent schedule,,False
Мультимания,Xmultimania,Xmultimania,Детские,,gabbarit-current,Мультимания,name,90,unverified,mapping has not yet been cross-checked against an independent schedule,,False
Телеканал СПАС,Xspas,Xspas,Разное,,gabbarit-current,Спас,name,90,unverified,mapping has not yet been cross-checked against an independent schedule,,False
Euronews EN,Xeuronews-en,Xeuronews-en,Новости,,gabbarit-current,Euronews HD (Eng),name,90,unverified,mapping has not yet been cross-checked against an independent schedule,,False
360 Tune Box HD,X360-tunebox,X360-tunebox,Музыкальные,,gabbarit-current,360 Tune Box,name,90,unverified,mapping has not yet been cross-checked against an independent schedule,,False
InRating TV HD,Xinrating,Xinrating,Музыкальные,,gabbarit-current,InRating HD,name,90,unverified,mapping has not yet been cross-checked against an independent schedule,,False
Viva Latino,,Viva Latino,Музыкальные,,gabbarit-current,Viva Latino,name,90,unverified,mapping has not yet been cross-checked against an independent schedule,,False
Наше Ретро,,#НАШЕ ретро,Музыкальные,,gabbarit-current,#НАШЕ ретро,name,90,unverified,mapping has not yet been cross-checked against an independent schedule,,False
MusicBox UA HD,Xmusicbox-ua-hd,Xmusicbox-ua-hd,Музыкальные,,gabbarit-current,Music Box UA,name,90,unverified,mapping has not yet been cross-checked against an independent schedule,,False
Новое Радио,,Новое Радио,Музыкальные,,gabbarit-current,Новое Радио,name,90,unverified,mapping has not yet been cross-checked against an independent schedule,,False
Now 80s,,NOW 80s,Музыкальные,,gabbarit-current,NOW 80s,name,90,unverified,mapping has not yet been cross-checked against an independent schedule,,False
Now 70s,,NOW 70s,Музыкальные,,gabbarit-current,NOW 70s,name,90,unverified,mapping has not yet been cross-checked against an independent schedule,,False
Первый Музыкальный BY,Xonemuz,Xonemuz,Музыкальные,,gabbarit-current,Первый музыкальный,name,90,unverified,mapping has not yet been cross-checked against an independent schedule,,False
Етно HD,,Етно HD,Музыкальные,,gabbarit-current,Етно HD,name,90,unverified,mapping has not yet been cross-checked against an independent schedule,,False
4fun.TV,X4fun,X4fun,Музыкальные,,gabbarit-current,4Fun TV,name,90,unverified,mapping has not yet been cross-checked against an independent schedule,,False
KroneHit TV,,Kronehit HD,Музыкальные,,gabbarit-current,Kronehit HD,name,90,unverified,mapping has not yet been cross-checked against an independent schedule,,False
DANCE HITS 80,,Dance Hits 80,Музыкальные,,gabbarit-current,Dance Hits 80,name,90,unverified,mapping has not yet been cross-checked against an independent schedule,,False
Музыка 1 International,,Музыка 1,Музыкальные,,gabbarit-current,Музыка 1,name,90,unverified,mapping has not yet been cross-checked against an independent schedule,,False
Музыка 2 International,,Музыка 2,Музыкальные,,gabbarit-current,Музыка 2,name,90,unverified,mapping has not yet been cross-checked against an independent schedule,,False
Ment Pop,,Ment Pop HD,Музыкальные,,gabbarit-current,Ment Pop HD,name,90,unverified,mapping has not yet been cross-checked against an independent schedule,,False
Kiss Kiss,,Kiss Kiss,Музыкальные,,gabbarit-current,Kiss Kiss,name,90,unverified,mapping has not yet been cross-checked against an independent schedule,,False
MIXM HD,,MIXM TV,Музыкальные,,gabbarit-current,MIXM TV,name,90,unverified,mapping has not yet been cross-checked against an independent schedule,,False
RITSA TV,,RITSA TV HD,Музыкальные,,gabbarit-current,RITSA TV HD,name,90,unverified,mapping has not yet been cross-checked against an independent schedule,,False
VeleS Магнитофон,veles-magnitofon,veles-magnitofon,Музыкальные,,gabbarit-current,VeleS Магнитофон,name,90,unverified,mapping has not yet been cross-checked against an independent schedule,,False
Kiss HD,,Kiss,Музыкальные,,gabbarit-current,Kiss,name,90,unverified,mapping has not yet been cross-checked against an independent schedule,,False
M2o TV,,m2o TV,Музыкальные,,gabbarit-current,m2o TV,name,90,unverified,mapping has not yet been cross-checked against an independent schedule,,False
TMF Rus,,TMF,Музыкальные,,gabbarit-current,TMF,name,90,unverified,mapping has not yet been cross-checked against an independent schedule,,False
ММТВ,,ММТВ,Музыкальные,,gabbarit-current,ММТВ,name,90,unverified,mapping has not yet been cross-checked against an independent schedule,,False
NRG 91 Music HD,,NRG 91 TV HD,Музыкальные,,gabbarit-current,NRG 91 TV HD,name,90,unverified,mapping has not yet been cross-checked against an independent schedule,,False
CHD-TV Rock HD,,CHD TV RU Rock,Музыкальные,,gabbarit-current,CHD TV RU Rock,name,90,unverified,mapping has not yet been cross-checked against an independent schedule,,False
Rock TV,,Rock TV,Музыкальные,,gabbarit-current,Rock TV,name,90,unverified,mapping has not yet been cross-checked against an independent schedule,,False
МузТВ,,Муз ТВ,Музыкальные,,gabbarit-current,Муз ТВ,name,90,unverified,mapping has not yet been cross-checked against an independent schedule,,False
Mafi2a,,Mafi2a TV,Музыкальные,,gabbarit-current,Mafi2a TV,name,90,unverified,mapping has not yet been cross-checked against an independent schedule,,False
Clubland TV,XFomixTV,XFomixTV,Музыкальные,,gabbarit-current,Clubland TV,name,90,unverified,mapping has not yet been cross-checked against an independent schedule,,False
M6 Music,Xm6-music-fr,Xm6-music-fr,Музыкальные,,gabbarit-current,M6 Music HD,name,90,unverified,mapping has not yet been cross-checked against an independent schedule,,False
Deejay TV,,DeeJay TV,Музыкальные,,gabbarit-current,DeeJay TV,name,90,unverified,mapping has not yet been cross-checked against an independent schedule,,False
Мир Беларусь HD,Xmir,Xmir,Беларусь,BY,gabbarit-current,Мир HD,name,90,unverified,mapping has not yet been cross-checked against an independent schedule,,False
Звязда,Xzvyazda-by,Xzvyazda-by,Беларусь,BY,gabbarit-current,Звязда,name,90,unverified,mapping has not yet been cross-checked against an independent schedule,,False
Витебск,Xvitebsk,Xvitebsk,Беларусь,BY,gabbarit-current,Витебск,name,90,unverified,mapping has not yet been cross-checked against an independent schedule,,False
VHS HD,Xvhshd,vhs-hd,Кино,,teleguide-rescue,400042,name,90,unverified,mapping has not yet been cross-checked against an independent schedule,,False
Insomnia HD,Xinsomnia-hd,insomnia-hd,Кино,,m3u-edit-all-rescue,INSOMNIA.fr,name,90,unverified,mapping has not yet been cross-checked against an independent schedule,,False
Premiere HD 2,Xpremierehd2,Xpremierehd2,Кино,,m3u-edit-all-rescue,Premiere.2.al,name,90,unverified,mapping has not yet been cross-checked against an independent schedule,,False
Premium HD,Xpremium-hd,premium-hd,Кино,,gabbarit-primary,Premium HD,name,90,unverified,mapping has not yet been cross-checked against an independent schedule,,False
Thriller HD,Xthriller-hd,thriller-hd,Кино,,gabbarit-primary,Thriller HD,name,90,unverified,mapping has not yet been cross-checked against an independent schedule,,False
РуКино HD,Xrukino-hd,Xklirussian,Кино,,gabbarit-primary,РуКино HD,name,90,unverified,mapping has not yet been cross-checked against an independent schedule,,False
BCU Marvel,Xbcu-marvel,Xbcu-marvel,Кинозалы,,gabbarit-primary,BCU Marvel HD,name,90,unverified,mapping has not yet been cross-checked against an independent schedule,,False
BCU Russian HD,Xbcu-russian,Xbcu-russian,Кинозалы,,gabbarit-primary,BCU Russian,name,90,unverified,mapping has not yet been cross-checked against an independent schedule,,False
BCU СССР HD,Xbcu-sssr,Xbcu-sssr,Кинозалы,,gabbarit-primary,BCU СССР HDR,name,90,unverified,mapping has not yet been cross-checked against an independent schedule,,False
VeleS С Новым годом!,velesyear-new,velesyear-new,Кинозалы,,gabbarit-primary,VeleS NewYear,name,90,unverified,mapping has not yet been cross-checked against an independent schedule,,False
VeleS Movie Hits,veles-movie-hits,veles-movie-hits,Кинозалы,,gabbarit-primary,VeleS Movie Hits,name,90,unverified,mapping has not yet been cross-checked against an independent schedule,,False
Наш Кинопоказ HD,Xnash-kinopokaz,Xnash-kinopokaz,Кино,,epgone-full-movie-rescue,2831,name,90,unverified,mapping has not yet been cross-checked against an independent schedule,,False
BCU Cosmo HD,Xbcu-cosmo,Xbcu-cosmo,Кинозалы,,epgone-full-movie-rescue,6176,name,90,unverified,mapping has not yet been cross-checked against an independent schedule,,False
BCU Cosmo HDR,,6176,Кинозалы,,epgone-full-movie-rescue,6176,name,90,unverified,mapping has not yet been cross-checked against an independent schedule,,False
Magic Adventure,Xmagic-adventure,Xmagic-adventure,Кинозалы,,epgone-full-movie-rescue,7487,name,90,unverified,mapping has not yet been cross-checked against an independent schedule,,False
Magic Russian,Xmagic-russian,Xmagic-russian,Кинозалы,,epgone-full-movie-rescue,8754,name,90,unverified,mapping has not yet been cross-checked against an independent schedule,,False
Magic Action,Xmagic-action,Xmagic-action,Кинозалы,,epgone-full-movie-rescue,6253,name,90,unverified,mapping has not yet been cross-checked against an independent schedule,,False
Magic Comedy,Xmagic-comedy,Xmagic-comedy,Кинозалы,,epgone-full-movie-rescue,6250,name,90,unverified,mapping has not yet been cross-checked against an independent schedule,,False
Magic Family,Xmagic-family,Xmagic-family,Кинозалы,,epgone-full-movie-rescue,6337,name,90,unverified,mapping has not yet been cross-checked against an independent schedule,,False
Magic Galaxy,Xmagic-galaxy,Xmagic-galaxy,Кинозалы,,epgone-full-movie-rescue,6254,name,90,unverified,mapping has not yet been cross-checked against an independent schedule,,False
Magic Horror,Xmagic-horror,Xmagic-horror,Кинозалы,,epgone-full-movie-rescue,6255,name,90,unverified,mapping has not yet been cross-checked against an independent schedule,,False
Magic Karate,Xmagic-karate,Xmagic-karate,Кинозалы,,epgone-full-movie-rescue,6248,name,90,unverified,mapping has not yet been cross-checked against an independent schedule,,False
Magic Love,Xmagic-love,Xmagic-love,Кинозалы,,epgone-full-movie-rescue,6338,name,90,unverified,mapping has not yet been cross-checked against an independent schedule,,False
Magic Thriller,Xmagic-thriller,Xmagic-thriller,Кинозалы,,epgone-full-movie-rescue,6252,name,90,unverified,mapping has not yet been cross-checked against an independent schedule,,False
Magic VHS,Xmagic-vhs,Xmagic-vhs,Кинозалы,,epgone-full-movie-rescue,6249,name,90,unverified,mapping has not yet been cross-checked against an independent schedule,,False
RTL HD DE,Xrtl,Xrtl,Германия,DE,epgpw-DE,76740,family-region,92,unverified,mapping has not yet been cross-checked against an independent schedule,,False
Sky Sport Austria HD DE,Xsky-sport-aus,Xsky-sport-aus,Германия,DE,epgpw-DE,438448,family-region,92,unverified,mapping has not yet been cross-checked against an independent schedule,,False
Sky Sport 1 HD DE,Xsky-sport-hd1,Xsky-sport-hd1,Германия,DE,epgpw-DE,401577,family-region,92,unverified,mapping has not yet been cross-checked against an independent schedule,,False
Sky Atlantic HD DE,Xsky-atlantic,Xsky-atlantic,Германия,DE,epgpw-DE,76774,family-region,92,unverified,mapping has not yet been cross-checked against an independent schedule,,False
