playlist_name,tvg_id,status,future_horizon_hours,last_programme_utc,programme_count
Первый канал,Xpervy,OK,109.85,2026-09-07T02:57:00+00:00,261
Первый канал HD,Xpervy,OK,109.85,2026-09-07T02:57:00+00:00,261
Первый канал Европа,Xpervy-kanal-eu,OK,107.24,2026-09-07T00:20:00+00:00,250
Первый канал +2,Xpervy-pl2,OK,101.9,2026-09-06T19:00:00+00:00,205
Первый HD +4,Xpervy-pl4,OK,99.9,2026-09-06T17:00:00+00:00,194
Первый канал +4,Xpervy-pl4,OK,99.9,2026-09-06T17:00:00+00:00,194
Первый канал +6,Xpervy-pl6,OK,97.9,2026-09-06T15:00:00+00:00,196
Первый Канал +8,Xpervy-pl8,OK,101.85,2026-09-06T18:57:00+00:00,256
Россия 1 HD,Xrossia1,OK,103.9,2026-09-06T21:00:00+00:00,170
Россия 1,Xrossia1,OK,103.9,2026-09-06T21:00:00+00:00,170
Россия 1 +2 HD,Xrossia1-pl2,OK,101.9,2026-09-06T19:00:00+00:00,212
Россия 1 +2,Xrossia1-pl2,OK,101.9,2026-09-06T19:00:00+00:00,212
Россия 1 +4 HD,Xrossia1-pl4,OK,99.9,2026-09-06T17:00:00+00:00,211
Россия 1 +4,Xrossia1-pl4,OK,99.9,2026-09-06T17:00:00+00:00,211
Россия 1 +6 HD,Xrossia1-pl6,OK,103.15,2026-09-06T20:15:00+00:00,182
Россия 1 +6,Xrossia1-pl6,OK,103.15,2026-09-06T20:15:00+00:00,182
Россия 1 +9 HD,Xrossia1-pl9,OK,100.15,2026-09-06T17:15:00+00:00,180
Россия 24,Xrossia-24,OK,103.3,2026-09-06T20:24:00+00:00,613
Россия 24 HD,Xrossia-24,OK,103.3,2026-09-06T20:24:00+00:00,613
Планета РТР,Xrtr-planeta-eu,OK,109.07,2026-09-07T02:10:00+00:00,187
ТНТ,Xtnt,OK,109.24,2026-09-07T02:20:00+00:00,307
ТНТ HD,Xtnt,OK,109.24,2026-09-07T02:20:00+00:00,307
ТНТ +2,Xtnt-pl2,OK,109.49,2026-09-07T02:35:00+00:00,307
ТНТ +4,Xtnt-pl4,OK,107.49,2026-09-07T00:35:00+00:00,303
ТНТ +7,Xtnt-pl7,OK,104.49,2026-09-06T21:35:00+00:00,297
ТНТ International HD,Xtnt-int-cis,OK,103.9,2026-09-06T21:00:00+00:00,222
ТНТ4,Xtnt4,OK,103.9,2026-09-06T21:00:00+00:00,404
ТНТ4 HD,Xtnt4,OK,103.9,2026-09-06T21:00:00+00:00,404
ТНТ4 +2,Xtnt4-pl2,OK,101.9,2026-09-06T19:00:00+00:00,399
ТНТ4 +7,Xtnt4-pl7,OK,96.9,2026-09-06T14:00:00+00:00,388
ТНТ4 +4,Xtnt4-pl4,OK,99.9,2026-09-06T17:00:00+00:00,396
НТВ Мир,Xntv-mir,OK,104.49,2026-09-06T21:35:00+00:00,191
НТВ,Xntv,OK,104.74,2026-09-06T21:50:00+00:00,260
НТВ HD,Xntv,OK,104.74,2026-09-06T21:50:00+00:00,260
НТВ +2,Xntv-pl2,OK,102.74,2026-09-06T19:50:00+00:00,258
НТВ +4,Xntv-pl4,OK,100.74,2026-09-06T17:50:00+00:00,255
НТВ +7,Xntv-pl7,OK,97.74,2026-09-06T14:50:00+00:00,254
НТВ Стиль,Xntv-style,OK,104.49,2026-09-06T21:35:00+00:00,302
ТВ3 HD,Xtv3-ru,OK,109.65,2026-09-07T02:45:00+00:00,307
ТВ3 +2,Xtv3-ru-pl2,OK,108.65,2026-09-07T01:45:00+00:00,307
ТВ3 +7,Xtv3-ru-pl7,OK,103.65,2026-09-06T20:45:00+00:00,301
Время,Xvremia,OK,104.07,2026-09-06T21:10:00+00:00,101
Москва 24,Xmoskva-24,OK,104.4,2026-09-06T21:30:00+00:00,553
Санкт-Петербург,Xsankt-peterburg,OK,109.15,2026-09-07T02:15:00+00:00,328
Рен ТВ,Xrentv,OK,106.24,2026-09-06T23:20:00+00:00,205
Рен ТВ HD,Xrentv,OK,106.24,2026-09-06T23:20:00+00:00,205
Рен ТВ +2,Xrentv-pl2,OK,102.82,2026-09-06T19:55:00+00:00,205
Рен ТВ +7,Xrentv-pl7,OK,97.82,2026-09-06T14:55:00+00:00,198
СТС International,sts-int,OK,107.07,2026-09-07T00:10:00+00:00,517
СТС,Xsts,OK,109.07,2026-09-07T02:10:00+00:00,146
СТС HD,Xsts,OK,109.07,2026-09-07T02:10:00+00:00,146
СТС +2,Xsts-pl2,OK,107.07,2026-09-07T00:10:00+00:00,137
СТС +4,Xsts-pl4,OK,105.07,2026-09-06T22:10:00+00:00,137
СТС Love,Xsts-love,OK,108.99,2026-09-07T02:05:00+00:00,479
СТС Love +4,Xsts-love-pl4,OK,106.89,2026-09-06T23:59:00+00:00,476
Пятый Канал,X5kanal-ru,OK,109.15,2026-09-07T02:15:00+00:00,298
Пятый Канал +2,X5kanal-ru-pl2,OK,107.15,2026-09-07T00:15:00+00:00,296
Пятый канал +7,X5kanal-ru-pl7,OK,102.15,2026-09-06T19:15:00+00:00,289
Россия К,Xkultura,OK,103.49,2026-09-06T20:35:00+00:00,262
Россия К +2,Xkultura-pl2,OK,104.4,2026-09-06T21:30:00+00:00,266
Россия К +4,Xkultura-pl4,OK,103.07,2026-09-06T20:10:00+00:00,257
Россия К +7,Xkultura-pl7,OK,100.07,2026-09-06T17:10:00+00:00,253
ТВЦ,Xtvcentr,OK,104.57,2026-09-06T21:40:00+00:00,296
РБК-ТВ,Xrbk,OK,104.57,2026-09-06T21:40:00+00:00,515
ТВЦ International,Xtvci,OK,109.32,2026-09-07T02:25:00+00:00,242
ТВ Центр HD,Xtvcentr,OK,104.57,2026-09-06T21:40:00+00:00,296
ТВЦ +2,Xtvcentr-pl2,OK,103.9,2026-09-06T21:00:00+00:00,233
ТВЦ +7,Xtvcentr-pl7,OK,103.82,2026-09-06T20:55:00+00:00,233
ОТР,Xotr,OK,104.74,2026-09-06T21:50:00+00:00,296
RTVi,Xrtvi,OK,109.4,2026-09-07T02:30:00+00:00,253
Перец,Xperec-int,OK,107.57,2026-09-07T00:40:00+00:00,151
Пятница,Xpiatnica,OK,104.57,2026-09-06T21:40:00+00:00,209
Пятница HD,Xpiatnica,OK,104.57,2026-09-06T21:40:00+00:00,209
Пятница +7,piatnica-pl7,OK,97.57,2026-09-06T14:40:00+00:00,202
Пятница +4,piatnica-pl4,OK,100.57,2026-09-06T17:40:00+00:00,209
Пятница +2,piatnica-pl2,OK,102.57,2026-09-06T19:40:00+00:00,205
Суббота,Xsuper,OK,104.57,2026-09-06T21:40:00+00:00,443
Настоящее время HD,Xnastoyaschee-vremia,OK,104.4,2026-09-06T21:30:00+00:00,277
Ю+,Xyu,OK,107.82,2026-09-07T00:55:00+00:00,107
Ю+ 2,yu-pl2,OK,105.82,2026-09-06T22:55:00+00:00,104
Ю+ 4,yu-pl4,OK,103.82,2026-09-06T20:55:00+00:00,107
Ю+ 7,yu-pl7,OK,100.82,2026-09-06T17:55:00+00:00,108
Мир,Xmir,OK,109.32,2026-09-07T02:25:00+00:00,249
Мир +4,Xmir-pl4,OK,103.65,2026-09-06T20:45:00+00:00,193
Мир +7,Xmir-pl7,OK,100.65,2026-09-06T17:45:00+00:00,192
Звезда HD,Xzvezda,OK,103.9,2026-09-06T21:00:00+00:00,246
Звезда,Xzvezda,OK,103.9,2026-09-06T21:00:00+00:00,246
Звезда +2,Xzvezda-pl2,OK,101.9,2026-09-06T19:00:00+00:00,257
Звезда Плюс,Xzvezda-plus,OK,104.4,2026-09-06T21:30:00+00:00,323
Домашний,Xdomashny,OK,108.9,2026-09-07T02:00:00+00:00,288
Звезда +7,Xzvezda-pl7,OK,96.9,2026-09-06T14:00:00+00:00,228
Домашний HD,Xdomashny,OK,108.9,2026-09-07T02:00:00+00:00,288
Домашний +4,Xdomashny-pl4,OK,105.32,2026-09-06T22:25:00+00:00,285
Домашний +2,Xdomashny-pl2,OK,107.32,2026-09-07T00:25:00+00:00,285
Севастополь 24 HD,Xsevastopol-24,OK,104.65,2026-09-06T21:45:00+00:00,360
КРЫМ 24,Xkrym24,OK,104.4,2026-09-06T21:30:00+00:00,737
Первый Крымский,Xpervy-krymsky,OK,104.29,2026-09-06T21:23:00+00:00,364
НТС Севастополь,Xnts-sevastopol,OK,104.57,2026-09-06T21:40:00+00:00,595
Миллет,Xmillet,OK,103.49,2026-09-06T20:35:00+00:00,345
Евпатория 24,Xewpatorya24,OK,30.9,2026-09-03T20:00:00+00:00,76
Первый Севастопольский,Xpervy-sevastopolsky,OK,103.9,2026-09-06T21:00:00+00:00,153
Симферополь 24,Xsimfer24,OK,32.82,2026-09-03T21:55:00+00:00,325
Легендарный 24 HD,Xlegendarny24,OK,32.4,2026-09-03T21:30:00+00:00,287
Че!,Xche,OK,109.32,2026-09-07T02:25:00+00:00,360
Москва Доверие,Xdoverie,OK,109.65,2026-09-07T02:45:00+00:00,329
Че +2,che-pl2,OK,108.15,2026-09-07T01:15:00+00:00,360
Че +4,che-pl4,OK,106.15,2026-09-06T23:15:00+00:00,358
Че +7,che-pl7,OK,103.15,2026-09-06T20:15:00+00:00,354
Известия HD,Xizvestia,OK,104.89,2026-09-06T21:59:00+00:00,2033
ВМЕСТЕ-РФ,Xvmeste-rf,OK,103.74,2026-09-06T20:50:00+00:00,653
Соловьев.Live,Xsolovjinypomiot,OK,32.9,2026-09-03T22:00:00+00:00,69
Своё ТВ Ставрополь,Xsvoyo-tv-stavropol,OK,109.82,2026-09-07T02:55:00+00:00,387
ОТВ Екатеринбург,Xotv-eburg,OK,102.49,2026-09-06T19:35:00+00:00,413
Красная линия,Xkrasnaya-linia,OK,105.49,2026-09-06T22:35:00+00:00,218
Белгород 24,Xbelgorod24,OK,104.4,2026-09-06T21:30:00+00:00,243
Астрахань 24,Xastraxan24,OK,103.77,2026-09-06T20:52:00+00:00,383
Архыз 24,Xarxyz24,OK,104.82,2026-09-06T21:55:00+00:00,389
Хузур ТВ,Xxuzur-tv,OK,104.74,2026-09-06T21:50:00+00:00,333
Тамыр,Xtamyr,OK,102.4,2026-09-06T19:30:00+00:00,642
Курай,Xkuraj,OK,102.34,2026-09-06T19:26:00+00:00,221
ТКР Рязань,Xtrk-ryazan,OK,104.15,2026-09-06T21:15:00+00:00,246
ЛДПР ТВ,Xldpr-tv,OK,104.65,2026-09-06T21:45:00+00:00,517
TV Губерния,Xtv-guberniya,OK,108.65,2026-09-07T01:45:00+00:00,285
Ника ТВ,Xnika-tv,OK,108.65,2026-09-07T01:45:00+00:00,357
Осетия-Ирыстон,Xosetia-iryston,OK,104.32,2026-09-06T21:25:00+00:00,354
НТМ,Xntm,OK,103.4,2026-09-06T20:30:00+00:00,352
Открытый мир,Xotkryty-mir,OK,109.24,2026-09-07T02:20:00+00:00,371
Первый Ярославский,Xpervy-yaroslavsky,OK,104.65,2026-09-06T21:45:00+00:00,357
Первый Ростовский,Xpervy-rostovsky,OK,102.9,2026-09-06T20:00:00+00:00,385
МТВ Волгоград,Xmtv-volgograd,OK,104.4,2026-09-06T21:30:00+00:00,326
Аист,Xaist,OK,102.82,2026-09-06T19:55:00+00:00,312
12 канал Омск,X12-omsk,OK,106.4,2026-09-06T23:30:00+00:00,299
Катунь 24,Xkatun-24,OK,98.9,2026-09-06T16:00:00+00:00,597
Енисей регион,Xenisey-region,OK,100.4,2026-09-06T17:30:00+00:00,489
С1 Сургут,Xs1-surgut,OK,106.9,2026-09-07T00:00:00+00:00,511
86 Сургут,X86-surgut,OK,108.9,2026-09-07T02:00:00+00:00,349
Волга,Xvolga,OK,106.49,2026-09-06T23:35:00+00:00,229
Волга 24,Xvremia-n,OK,103.9,2026-09-06T21:00:00+00:00,826
Ветта 24,Xvetta24,OK,103.9,2026-09-06T21:00:00+00:00,467
Колыма-Плюс,Xkolyma-plus,OK,101.9,2026-09-06T19:00:00+00:00,511
БСТ,Xbst,OK,101.9,2026-09-06T19:00:00+00:00,406
Щёлково,Xschelkovo,OK,106.15,2026-09-06T23:15:00+00:00,325
ТНВ-Планета,Xtnv-planeta,OK,104.74,2026-09-06T21:50:00+00:00,276
ТНВ-Татарстан,Xtnv,OK,103.9,2026-09-06T21:00:00+00:00,313
NEXT-TV,Xnext-tv,OK,104.85,2026-09-06T21:57:00+00:00,444
Мордовия 24,Xmordovia-24,OK,104.15,2026-09-06T21:15:00+00:00,487
НТРК Ингушетия,Xntrk-ingushetia,OK,35.65,2026-09-04T00:45:00+00:00,277
Брянская Губерния,Xbrianskaya-gubernia,OK,107.9,2026-09-07T01:00:00+00:00,347
ТВК Красноярск,Xtvk-krasnoyarsk,OK,105.4,2026-09-06T22:30:00+00:00,322
Экспресс,Xexpress,OK,104.82,2026-09-06T21:55:00+00:00,281
РГВК Дагестан,Xrgvk-dagestan,OK,103.07,2026-09-06T20:10:00+00:00,369
Грозный,Xgrozny,OK,109.24,2026-09-07T02:20:00+00:00,299
Тео-ТВ,Xteotv,OK,103.32,2026-09-06T20:25:00+00:00,270
Евразия,Xevrasia,OK,102.57,2026-09-06T19:40:00+00:00,500
НТС Иркутск,Xnts-irkutsk,OK,100.2,2026-09-06T17:18:00+00:00,279
ТВ-ИН (Магнитогорск),Xtv-in,OK,101.9,2026-09-06T19:00:00+00:00,267
НВК Саха,Xsaxa,OK,96.9,2026-09-06T14:00:00+00:00,367
Алмазный край,Xalmazny-kray,OK,99.15,2026-09-06T16:15:00+00:00,485
Раменское ТВ,Xramenskoe-tv,OK,103.4,2026-09-06T20:30:00+00:00,201
Новый век (Тамбов),Xnovy-vek-tambov,OK,105.24,2026-09-06T22:20:00+00:00,251
Север,Xsever,OK,103.24,2026-09-06T20:20:00+00:00,222
Салям,Xsalam,OK,32.57,2026-09-03T21:40:00+00:00,244
Дзержинск ТВ,Xdzenzhinsk-tv,OK,104.4,2026-09-06T21:30:00+00:00,282
Якутия 24,Xyakutia24,OK,103.4,2026-09-06T20:30:00+00:00,428
Прима,Xprima,OK,98.9,2026-09-06T16:00:00+00:00,212
Тивиком HD,Xtivikom,OK,99.57,2026-09-06T16:40:00+00:00,289
АСТВ Южно-Сахалинск,Xastvus,OK,96.79,2026-09-06T13:53:00+00:00,1159
Майдан,Xmaydan,OK,103.9,2026-09-06T21:00:00+00:00,601
Теледом HD,Xteledom,OK,105.65,2026-09-06T22:45:00+00:00,268
Самотлор (Нижневартовск),Xsamotlor-nv,OK,101.49,2026-09-06T18:35:00+00:00,273
1+1,X1plus1,OK,108.9,2026-09-07T02:00:00+00:00,247
1+1 HD,X1plus1,OK,108.9,2026-09-07T02:00:00+00:00,247
1+1 Україна,X1plus1-ukraina,OK,108.99,2026-09-07T02:05:00+00:00,120
1+1 Україна HD,X1plus1-ukraina,OK,108.99,2026-09-07T02:05:00+00:00,120
1+1 International HD,X1plus1-int,OK,107.65,2026-09-07T00:45:00+00:00,139
2+2,X2plus2,OK,109.49,2026-09-07T02:35:00+00:00,106
2+2 HD,X2plus2,OK,109.49,2026-09-07T02:35:00+00:00,106
ICTV,Xictv-ua,OK,108.9,2026-09-07T02:00:00+00:00,247
ICTV HD,Xictv-ua,OK,108.9,2026-09-07T02:00:00+00:00,247
ICTV2,Xictv-ukraine,OK,106.74,2026-09-06T23:50:00+00:00,137
Ми - Україна,Xmy-ukraina,OK,108.9,2026-09-07T02:00:00+00:00,247
Ми - Україна+,Xmy-ukraina-plus,OK,109.15,2026-09-07T02:15:00+00:00,288
Новий канал,Xnovy-kanal-ua,OK,107.4,2026-09-07T00:30:00+00:00,170
Новий канал HD,Xnovy-kanal-ua,OK,107.4,2026-09-07T00:30:00+00:00,170
UA:Перший,Xua-pershy,OK,107.57,2026-09-07T00:40:00+00:00,414
UA: Київ,Xua-kyiv,OK,108.82,2026-09-07T01:55:00+00:00,224
СТБ,Xstb-ua,OK,107.65,2026-09-07T00:45:00+00:00,277
СТБ HD,Xstb-ua,OK,107.65,2026-09-07T00:45:00+00:00,277
Super+,Xsuperplus,OK,107.27,2026-09-07T00:22:00+00:00,301
Дизель Шоу,X6147,OK,58.44,2026-09-04T23:32:26+00:00,107
НТН,Xntn-ua,OK,106.9,2026-09-07T00:00:00+00:00,143
НТН HD,Xntn-ua,OK,106.9,2026-09-07T00:00:00+00:00,143
Интер,Xinter-ua,OK,108.9,2026-09-07T02:00:00+00:00,247
Интер HD,Xinter-ua,OK,108.9,2026-09-07T02:00:00+00:00,247
Интер+,Xinter-plus-ua,OK,109.82,2026-09-07T02:55:00+00:00,319
Интер+ HD,Xinter-plus-ua,OK,109.82,2026-09-07T02:55:00+00:00,319
ТЕТ,Xtet-ua,OK,109.65,2026-09-07T02:45:00+00:00,213
ТЕТ HD,Xtet-ua,OK,109.65,2026-09-07T02:45:00+00:00,213
Униан ТВ,Xunian-tv,OK,106.9,2026-09-07T00:00:00+00:00,118
К1,Xk1-ua,OK,35.4,2026-09-04T00:30:00+00:00,220
К1 HD,Xk1-ua,OK,35.4,2026-09-04T00:30:00+00:00,220
К2,Xk2-ua,OK,109.4,2026-09-07T02:30:00+00:00,267
К2 HD,Xk2-ua,OK,109.4,2026-09-07T02:30:00+00:00,267
Армія TV HD,Xarmia-tv-ua,OK,14.5,2026-09-03T03:36:00+00:00,305
Фронт,Xfront-ua,OK,104.35,2026-09-06T21:27:00+00:00,423
5 канал ПЕРШИЙ.УКРАЇНСЬКИЙ. ІНФОРМАЦІЙНИЙ,X5kanal-ua,OK,108.65,2026-09-07T01:45:00+00:00,355
Eспресо TV,Xespreso-tv,OK,103.9,2026-09-06T21:00:00+00:00,266
Прямий HD,Xpriamyj,OK,104.24,2026-09-06T21:20:00+00:00,179
FreeДОМ,Xua-tv,OK,108.9,2026-09-07T02:00:00+00:00,387
Перший Західний,Xpershy-zaxidny,OK,109.74,2026-09-07T02:50:00+00:00,339
ATR,Xatr-ua,OK,107.9,2026-09-07T01:00:00+00:00,29
RAZ 3 HD,Xkvartal-tv,OK,109.65,2026-09-07T02:45:00+00:00,204
Мега HD,Xmega-ua,OK,107.24,2026-09-07T00:20:00+00:00,297
Мега,Xmega-ua,OK,107.24,2026-09-07T00:20:00+00:00,297
Enter-фільм,Xenter-film,OK,107.9,2026-09-07T01:00:00+00:00,150
Enter-фільм HD,Xenter-film,OK,107.9,2026-09-07T01:00:00+00:00,150
Оце HD,Xotse,OK,107.82,2026-09-07T00:55:00+00:00,252
Рада,Xrada-ua,OK,108.9,2026-09-07T02:00:00+00:00,269
Бігуді,Xbigudi,OK,109.4,2026-09-07T02:30:00+00:00,132
Первый Автомобильный,X1auto,OK,102.9,2026-09-06T20:00:00+00:00,103
Исландия,Xislandiya,OK,104.04,2026-09-06T21:08:00+00:00,197
Сонце,Xsonce-ua,OK,103.9,2026-09-06T21:00:00+00:00,38
Кус-кус,Xkus-kus,OK,109.4,2026-09-07T02:30:00+00:00,1103
Zoom HD,Xzoom-ua,OK,109.4,2026-09-07T02:30:00+00:00,332
ТРК Київ,Xkyiv-ua,OK,105.15,2026-09-06T22:15:00+00:00,81
Дом,Xdom,OK,109.49,2026-09-07T02:35:00+00:00,148
UA:Культура,Xkultura-ua,OK,109.57,2026-09-07T02:40:00+00:00,229
UA:Одесcа,Xua-odesa,OK,108.82,2026-09-07T01:55:00+00:00,224
UA: Херсон,Xua-xerson,OK,108.82,2026-09-07T01:55:00+00:00,224
ПТРК (Павлоград),Xptrk-pavlograd,OK,104.9,2026-09-06T22:00:00+00:00,218
Апостроф TV,Xapostrof,OK,106.49,2026-09-06T23:35:00+00:00,140
Караван ТВ,Xkaravan-tv,OK,103.9,2026-09-06T21:00:00+00:00,29
ТВА,Xtva-ua,OK,108.99,2026-09-07T02:05:00+00:00,290
ОТБ Галичина,Xotb-galychyna,OK,104.82,2026-09-06T21:55:00+00:00,417
Рівне-1,Xrivne1,OK,101.9,2026-09-06T19:00:00+00:00,28
Первый городской (Кривой Рог),Xpervy-gorodskoy-kryvrig,OK,104.4,2026-09-06T21:30:00+00:00,386
Розпакуй.TV,Xrozpakujtv,OK,108.9,2026-09-07T02:00:00+00:00,230
Сонце+,Xsonce-ua,OK,103.9,2026-09-06T21:00:00+00:00,38
LUX TV,luxtv,OK,106.89,2026-09-06T23:59:00+00:00,348
Viasat Kino HD,Xtv1000-cee,OK,108.15,2026-09-07T01:15:00+00:00,122
Viasat Kino Action HD,Xtv1000-action-cee,OK,108.32,2026-09-07T01:25:00+00:00,128
Viasat True Crime CEE,Xviasat-true-crime-cee,OK,109.15,2026-09-07T02:15:00+00:00,249
Viasat Kino Comedy HD,Xvip-comedy-cee,OK,109.4,2026-09-07T02:30:00+00:00,125
Viasat Kino World,Xtv1000-worldkino,OK,108.57,2026-09-07T01:40:00+00:00,137
Viasat Serial,Xviasat-serial,OK,109.57,2026-09-07T02:40:00+00:00,288
Viju TV1000,Xtv1000,OK,104.07,2026-09-06T21:10:00+00:00,141
Viju TV1000 HD,Xtv1000,OK,104.07,2026-09-06T21:10:00+00:00,141
Viju TV1000 Action,Xtv1000-action,OK,104.32,2026-09-06T21:25:00+00:00,127
Viju TV1000 Action HD,Xtv1000-action,OK,104.32,2026-09-06T21:25:00+00:00,127
Viju TV1000 Новелла,Xviju-tv1000-novella,OK,105.57,2026-09-06T22:40:00+00:00,109
Viju TV1000 Русское кино HD,Xtv1000-russkoe-kino,OK,104.57,2026-09-06T21:40:00+00:00,168
Viju TV1000 Русское кино,Xtv1000-russkoe-kino,OK,104.57,2026-09-06T21:40:00+00:00,168
Viju TV1000 Romantica,Xviju-tv1000-romantica,OK,103.4,2026-09-06T20:30:00+00:00,171
Viju+ Serial HD,Xvip-serial,OK,104.74,2026-09-06T21:50:00+00:00,244
Viju+ Comedy HD,Xvip-comedy,OK,104.24,2026-09-06T21:20:00+00:00,146
Viju+ Megahit HD,Xvip-megahit,OK,103.24,2026-09-06T20:20:00+00:00,134
Viju+ Premiere HD,Xvip-premiere,OK,103.9,2026-09-06T21:00:00+00:00,147
Душевное HD,Xdushevnoe-hd,OK,103.74,2026-09-06T20:50:00+00:00,177
Наше любимое HD,Xnashe-lubimoe,OK,107.57,2026-09-07T00:40:00+00:00,150
Наше любимое кино UA,Xnashe-lubimoe-kino-ua,OK,107.57,2026-09-07T00:40:00+00:00,168
Наше Мужское HD,Xnashe-muzhskoe,OK,104.65,2026-09-06T21:45:00+00:00,261
KION Хит,Xkion-xit,OK,103.82,2026-09-06T20:55:00+00:00,258
Хит HD,Xkhit,OK,104.24,2026-09-06T21:20:00+00:00,183
Блокбастер HD,Xblokbaster,OK,102.65,2026-09-06T19:45:00+00:00,123
Остросюжетное HD,Xostrosiuzhetnoe-hd,OK,104.82,2026-09-06T21:55:00+00:00,172
Страшное HD,Xstrashnoe-hd,OK,109.4,2026-09-07T02:30:00+00:00,161
Киноужас HD,Xkinouzhas,OK,103.32,2026-09-06T20:25:00+00:00,142
Про Любовь HD,Xpro-lyubov,OK,104.15,2026-09-06T21:15:00+00:00,134
Кинопремьера HD,Xkinopremiera-hd,OK,104.4,2026-09-06T21:30:00+00:00,135
Камеди HD,Xkamedi,OK,104.82,2026-09-06T21:55:00+00:00,163
Кинохит,Xkinoxit,OK,103.49,2026-09-06T20:35:00+00:00,128
Киносемья,Xkinosemiya,OK,103.74,2026-09-06T20:50:00+00:00,150
Киносемья HD,Xkinosemiya,OK,103.74,2026-09-06T20:50:00+00:00,150
Киносвидание,Xkinosvidanie,OK,103.9,2026-09-06T21:00:00+00:00,111
Кинокомедия,Xkinokomedia,OK,104.32,2026-09-06T21:25:00+00:00,139
Шокирующее,Xshokiruyushchee-hd,OK,104.07,2026-09-06T21:10:00+00:00,134
Комедийное,Xkomedijnoe-hd,OK,104.57,2026-09-06T21:40:00+00:00,135
Лавстори HD,Xlavstori,OK,104.24,2026-09-06T21:20:00+00:00,277
AMEDIA 1 HD,Xamedia1,OK,109.32,2026-09-07T02:25:00+00:00,305
Amedia 1,Xamedia1,OK,109.32,2026-09-07T02:25:00+00:00,305
Amedia 2,Xamedia2,OK,109.15,2026-09-07T02:15:00+00:00,283
Amedia Hit,Xamedia-hit,OK,109.65,2026-09-07T02:45:00+00:00,316
AMEDIA Premium HD,Xamedia-premium,OK,109.4,2026-09-07T02:30:00+00:00,277
Amedia premium,Xamedia-premium,OK,109.4,2026-09-07T02:30:00+00:00,277
Fox Life HD,Xfoxlife,OK,109.07,2026-09-07T02:10:00+00:00,334
Fox Life,Xfoxlife,OK,109.07,2026-09-07T02:10:00+00:00,334
Fox HD,Xfox,OK,109.49,2026-09-07T02:35:00+00:00,318
Fox,Xfox,OK,109.49,2026-09-07T02:35:00+00:00,318
.black,Xsony-turbo,OK,104.82,2026-09-06T21:55:00+00:00,240
.red SD,Xsony-enter,OK,108.57,2026-09-07T01:40:00+00:00,270
.red HD,Xsony-tv,OK,104.74,2026-09-06T21:50:00+00:00,277
.sci-fi,Xsony-scifi,OK,103.49,2026-09-06T20:35:00+00:00,304
AMC,amc,OK,102.9,2026-09-06T20:00:00+00:00,120
Premiere HD 1,Xpremierehd1,OK,79.75,2026-09-05T20:51:00+00:00,86
Premiere HD 2,Xpremierehd2,OK,8.4,2026-09-02T21:30:00+00:00,61
Premiere HD 3,Xpremierehd3,OK,32.39,2026-09-03T21:29:00+00:00,88
Premiere HD 4,Xpremierehd4,OK,56.45,2026-09-04T21:33:00+00:00,100
Bollywood HD,Xbollywood-hd,OK,104.65,2026-09-06T21:45:00+00:00,96
TV XXI,Xtvxxi,OK,109.57,2026-09-07T02:40:00+00:00,122
Epic,Xepic,OK,106.24,2026-09-06T23:20:00+00:00,162
Epic Drama HD,XEpic.Drama.ro,OK,108.99,2026-09-07T02:05:00+00:00,147
НТВ Сериал,Xntv-serial,OK,104.4,2026-09-06T21:30:00+00:00,254
НТВ Хит,Xntv-xit,OK,104.6,2026-09-06T21:42:00+00:00,323
Кинопоказ,Xkinopokaz,OK,103.57,2026-09-06T20:40:00+00:00,124
Киносат,Xkinosat,OK,104.24,2026-09-06T21:20:00+00:00,137
Кино ТВ HD,Xkino-tv,OK,108.57,2026-09-07T01:40:00+00:00,130
NOW Series HD,Xnow-series,OK,107.15,2026-09-07T00:15:00+00:00,347
Cine+ HD,Xcine-plus,OK,107.57,2026-09-07T00:40:00+00:00,116
Cine+ Hit HD,Xcine-plus-hit-hd,OK,109.4,2026-09-07T02:30:00+00:00,125
Cine+ Legend,Xcine-plus-ledend,OK,107.4,2026-09-07T00:30:00+00:00,120
Твоє Кіно Хіт,Xtvoje-kino-xit,OK,106.32,2026-09-06T23:25:00+00:00,117
Твоє Кіно Action,Xtvoje-kino-action,OK,106.4,2026-09-06T23:30:00+00:00,114
Твоє Кіно Relax,Xtvoje-kino-relax,OK,106.99,2026-09-07T00:05:00+00:00,118
FilmUA Drama,Xfilmua-drama,OK,107.57,2026-09-07T00:40:00+00:00,276
Kinowood,Xkinowood,OK,106.57,2026-09-06T23:40:00+00:00,138
Воен ТВ,Xvoentv-by,OK,105.07,2026-09-06T22:10:00+00:00,196
Муви ТВ,Xmuvitv,OK,104.92,2026-09-06T22:01:00+00:00,96
VHS-ка HD,Xvhs-ka,OK,104.74,2026-09-06T21:50:00+00:00,130
Plan B,Xplan-b,OK,103.07,2026-09-06T20:10:00+00:00,159
Киноджем 1 HD,Xkinojam1,OK,104.82,2026-09-06T21:55:00+00:00,180
Киноджем 2 HD,Xkinojam2,OK,104.32,2026-09-06T21:25:00+00:00,150
DetectiveJam,Xdetectivejam,OK,110.07,2026-09-07T03:10:00+00:00,77
FamilyJam,Xfamilyjam,OK,108.49,2026-09-07T01:35:00+00:00,162
Go3 Films,Xtv1000-premium,OK,104.57,2026-09-06T21:40:00+00:00,112
FilmBox,Xfilmbox-ru,OK,104.4,2026-09-06T21:30:00+00:00,138
FilmBox Arthouse,Xfilmbox-arthouse,OK,109.57,2026-09-07T02:40:00+00:00,176
Дорама,Xdorama,OK,108.99,2026-09-07T02:05:00+00:00,193
Дорама HD,Xdorama,OK,108.99,2026-09-07T02:05:00+00:00,193
Star Cinema HD,Xstar-cinema-ua,OK,109.65,2026-09-07T02:45:00+00:00,102
Star Cinema,Xstar-cinema-ua,OK,109.65,2026-09-07T02:45:00+00:00,102
Киносериал,Xq-kino-alem,OK,59.15,2026-09-05T00:15:00+00:00,238
Кинодрама,Xq-kino-hit,OK,58.57,2026-09-04T23:40:00+00:00,227
Семейное Кино,Xsemejnoe-kino-kz,OK,58.9,2026-09-05T00:00:00+00:00,93
Премиум Кино,Xpremium-kino-kz,OK,57.9,2026-09-04T23:00:00+00:00,90
Кинобоевик,Xkinoboevik-kz,OK,59.9,2026-09-05T01:00:00+00:00,145
Мировое Кино,Xmirovoe-kino-kz,OK,59.9,2026-09-05T01:00:00+00:00,148
Романтичное HD,Xromantichnoe,OK,106.9,2026-09-07T00:00:00+00:00,222
Bolt HD,Xbolt-ru,OK,109.74,2026-09-07T02:50:00+00:00,271
Bolt HD Украина,Xbolt,OK,109.32,2026-09-07T02:25:00+00:00,280
KinoLiving HD,Xkinoliving,OK,103.82,2026-09-06T20:55:00+00:00,190
Kino 1,Xkino-1,OK,109.82,2026-09-07T02:55:00+00:00,318
Kino 24,Xkino-24,OK,103.05,2026-09-06T20:09:00+00:00,120
ProKino,Xprokino,OK,109.4,2026-09-07T02:30:00+00:00,204
Start World HD,Xstart-world,OK,109.32,2026-09-07T02:25:00+00:00,254
Start World,Xstart-world,OK,109.32,2026-09-07T02:25:00+00:00,254
Start Air HD,Xstart-air,OK,109.4,2026-09-07T02:30:00+00:00,248
Start Air,Xstart-air,OK,109.4,2026-09-07T02:30:00+00:00,248
САПФИР,Xsapfir,OK,104.24,2026-09-06T21:20:00+00:00,238
Кинеко,Xkineko,OK,104.32,2026-09-06T21:25:00+00:00,187
Родное кино,Xrodnoe-kino,OK,103.49,2026-09-06T20:35:00+00:00,157
Дом Кино,Xdomkino,OK,104.57,2026-09-06T21:40:00+00:00,97
Дом кино премиум HD,Xdomkino-premium,OK,104.82,2026-09-06T21:55:00+00:00,119
Еврокино,Xevrokino,OK,103.82,2026-09-06T20:55:00+00:00,147
Русский роман,Xrussky-roman,OK,109.65,2026-09-07T02:45:00+00:00,87
Русский Иллюзион,Xrussky-illuzion,OK,103.49,2026-09-06T20:35:00+00:00,129
Мосфильм. Золотая коллекция,Xmosfilm,OK,107.9,2026-09-07T01:00:00+00:00,173
Мосфильм HD,Xmosfilm,OK,107.9,2026-09-07T01:00:00+00:00,173
Иллюзион +,Xilluzion-plus,OK,104.74,2026-09-06T21:50:00+00:00,1174
Мужское кино,Xmuzhskoe-kino,OK,104.32,2026-09-06T21:25:00+00:00,140
Наше новое кино,Xnashe-novoe-kino,OK,104.32,2026-09-06T21:25:00+00:00,125
Trash TV,Xtrashtv,OK,103.5,2026-09-06T20:36:00+00:00,135
Победа,Xpobeda,OK,103.9,2026-09-06T21:00:00+00:00,81
День Победы HD,Xdenpobedy,OK,103.9,2026-09-06T21:00:00+00:00,164
Комедия,Xrusskaya-komedia,OK,109.49,2026-09-07T02:35:00+00:00,153
Русский бестселлер,Xrussky-bestseller,OK,108.24,2026-09-07T01:20:00+00:00,253
Русский детектив,Xrussky-detektiv,OK,109.32,2026-09-07T02:25:00+00:00,266
Киномикс,Xkinomiks,OK,104.49,2026-09-06T21:35:00+00:00,119
Киносерия,Xkinoseria,OK,104.74,2026-09-06T21:50:00+00:00,240
Любимое кино HD,Xlubimoe-kino,OK,103.65,2026-09-06T20:45:00+00:00,120
Любимое кино,Xlubimoe-kino,OK,103.65,2026-09-06T20:45:00+00:00,120
Мир сериала,Xmir-seriala,OK,104.65,2026-09-06T21:45:00+00:00,254
Cinema,Xcinema-ru,OK,108.82,2026-09-07T01:55:00+00:00,128
Индия,Xzee-tv,OK,104.82,2026-09-06T21:55:00+00:00,570
Индийское Кино,Xindiyskoe-kino,OK,103.65,2026-09-06T20:45:00+00:00,78
Феникс+ Кино,Xfeniks-plus-kino,OK,103.9,2026-09-06T21:00:00+00:00,224
ТВ3,Xtv3-ru,OK,109.65,2026-09-07T02:45:00+00:00,307
НСТ,Xnst,OK,109.4,2026-09-07T02:30:00+00:00,148
Shot TV,Xshot-tv,OK,105.75,2026-09-06T22:51:00+00:00,623
Russian Extreme Ultra HD,Xrussian-extreme-uhd,OK,82.99,2026-09-06T00:05:00+00:00,215
ТСВ,Xtcb,OK,102.9,2026-09-06T20:00:00+00:00,196
Apple TV+ Woman's Story,Xmovify-kino,OK,102.72,2026-09-06T19:49:00+00:00,130
Apple TV+ Action Time,Xmovify-series,OK,104.3,2026-09-06T21:24:00+00:00,155
Amazon Prime Video Men's Club,Xmovify-history,OK,104.44,2026-09-06T21:32:00+00:00,167
BCU Action HD,Xbcu-action,OK,102.87,2026-09-06T19:58:00+00:00,133
BCU Comedy HD,Xbcu-comedy,OK,107.54,2026-09-07T00:38:00+00:00,134
BCU Catastrophe HD,Xbcu-catastrophe,OK,104.6,2026-09-06T21:42:00+00:00,115
BCU STARS HD,Xbcu-stars,OK,106.02,2026-09-06T23:07:00+00:00,129
BCU Fantastic HD,Xbcu-fantastic,OK,104.65,2026-09-06T21:45:00+00:00,115
BCU Reality HD,Xbcu-reality,OK,107.62,2026-09-07T00:43:00+00:00,113
BCU FilMystic HD,Xbcu-filmystic,OK,106.45,2026-09-06T23:33:00+00:00,131
BCU History HD,Xbcu-history,OK,105.67,2026-09-06T22:46:00+00:00,95
BCU Kinorating HD,Xbcu-kinorating,OK,104.64,2026-09-06T21:44:00+00:00,196
BCU Premiere HD,Xbcu-premiere,OK,107.5,2026-09-07T00:36:00+00:00,141
BCU Romantic HD,Xbcu-romantic,OK,106.72,2026-09-06T23:49:00+00:00,193
BCU TruMotion HD,Xbcu-trumotion,OK,106.89,2026-09-06T23:59:00+00:00,115
BCU VHS HD,Xbcu-vhs,OK,105.29,2026-09-06T22:23:00+00:00,124
BCU Кинозал Premiere 1 HD,Xbcu-kinozal-prem-1,OK,107.6,2026-09-07T00:42:00+00:00,142
BCU Кинозал Premiere 2 HD,Xbcu-kinozal-prem-2,OK,105.4,2026-09-06T22:30:00+00:00,97
BCU Кинозал Premiere 3 HD,Xbcu-kinozal-prem-3,OK,106.44,2026-09-06T23:32:00+00:00,155
BCU Survival HD,Xbcu-survival,OK,106.65,2026-09-06T23:45:00+00:00,133
BCU СВАТЫ HD,Xbcu-svaty,OK,107.6,2026-09-07T00:42:00+00:00,295
BCU Ruserial HD,Xbcu-ruserial,OK,104.9,2026-09-06T22:00:00+00:00,110
BCU Criminal HD,Xbcu-criminal,OK,107.65,2026-09-07T00:45:00+00:00,129
BCU Premiere 3 HDR,Xbcu-media-3-hdr,OK,106.32,2026-09-06T23:25:00+00:00,120
BCU Premiere HDR,Xbcu-premiere,OK,107.5,2026-09-07T00:36:00+00:00,141
BCU Fantastic HDR,Xbcu-fantastic,OK,104.65,2026-09-06T21:45:00+00:00,115
BCU Action HDR,Xbcu-action,OK,102.87,2026-09-06T19:58:00+00:00,133
BCU FilMystic HDR,Xbcu-filmystic,OK,106.45,2026-09-06T23:33:00+00:00,131
VeleS 60FPS,Xveles-60fps,OK,7.12,2026-09-02T20:13:00+00:00,66
VeleS Аниме,veles-anime,OK,43.27,2026-09-04T08:22:00+00:00,98
VeleS Dj Set,veles-djset,STALE,-1.33,2026-09-02T11:46:00+00:00,92
VeleS Kids,veles-kids,OK,83.05,2026-09-06T00:09:00+00:00,171
Tricolor Cinema 1,Xzal-01-tricolor,OK,35.64,2026-09-04T00:44:00+00:00,69
Tricolor Cinema 2,Xzal-02-tricolor,OK,35.17,2026-09-04T00:16:00+00:00,114
Tricolor Cinema 3,Xzal-03-tricolor,OK,34.32,2026-09-03T23:25:00+00:00,186
Tricolor Cinema 4,Xzal-04-tricolor,OK,59.84,2026-09-05T00:56:00+00:00,80
Tricolor Cinema 5,Xzal-05-tricolor,OK,35.45,2026-09-04T00:33:00+00:00,194
Tricolor Cinema 6,Xzal-06-tricolor,OK,35.45,2026-09-04T00:33:00+00:00,102
Tricolor Cinema 7,Xzal-07-tricolor,OK,35.89,2026-09-04T00:59:00+00:00,3749
Tricolor Cinema 8,Xzal-08-tricolor,OK,35.49,2026-09-04T00:35:00+00:00,290
Fresh Soviet,Xfresh-soviet,OK,101.57,2026-09-06T18:40:00+00:00,149
Fresh Series,Xfresh-series,OK,103.19,2026-09-06T20:17:00+00:00,289
KBC-В.О.В. HD,X39821,OK,94.37,2026-09-06T11:27:45+00:00,76
KBC-Comics HD,X39800,OK,94.87,2026-09-06T11:58:03+00:00,56
KBC-Elite comedy's HD,X35448,OK,94.39,2026-09-06T11:29:17+00:00,71
KBC-Fantastic HD,X39795,OK,94.71,2026-09-06T11:48:07+00:00,68
KBC-History HD,X39796,OK,95.36,2026-09-06T12:27:19+00:00,61
KBC-Newfilm HD,X39048,OK,94.14,2026-09-06T11:14:05+00:00,67
KBC-WAR HD,X42051,OK,95.83,2026-09-06T12:55:21+00:00,63
KBC-Russian Комедия HD,X36168,OK,94.7,2026-09-06T11:47:35+00:00,79
KBC-Видак HD,X36251,OK,94.68,2026-09-06T11:46:27+00:00,58
KBC-ГАЙ Ritchie & Tarantino,X39819,OK,94.22,2026-09-06T11:19:02+00:00,59
KBC-ДрамаTic HD,X36732,OK,94.26,2026-09-06T11:21:09+00:00,66
KBC-Вестерн HD,X39825,OK,94.96,2026-09-06T12:03:07+00:00,66
KBC-Кошмарное HD,X36277,OK,94.56,2026-09-06T11:39:22+00:00,75
KBC-Страна СССР,X36506,OK,95.46,2026-09-06T12:33:18+00:00,83
KBC-Animals HD,X39823,OK,94.34,2026-09-06T11:26:22+00:00,142
KBC-MusKino HD,X39822,OK,96.27,2026-09-06T13:21:50+00:00,66
KBC-СпортМикс HD,X35525,OK,94.54,2026-09-06T11:38:09+00:00,60
KBC-ГОБЛИН HD,X42054,OK,95.58,2026-09-06T12:40:18+00:00,62
KBC-Шпионское HD,X39820,OK,94.65,2026-09-06T11:44:56+00:00,61
KBC-АНИМЕ HD,X42053,OK,94.41,2026-09-06T11:30:32+00:00,107
KBC-Легендарное HD,X39826,OK,94.59,2026-09-06T11:41:16+00:00,67
YOSSO TV VHS,Xyosso-vhs,OK,63.35,2026-09-05T04:27:00+00:00,102
YOSSO TV Русские фильмы,Xyosso-rusfilm,OK,63.77,2026-09-05T04:52:00+00:00,102
YOSSO TV Советские фильмы,Xyosso-sovfilm,OK,64.32,2026-09-05T05:25:00+00:00,129
YOSSO TV New Кино,Xyosso-newkino,OK,40.89,2026-09-04T05:59:00+00:00,90
YOSSO TV Трагичное,Xyosso-tragic,OK,64.2,2026-09-05T05:18:00+00:00,97
YOSSO TV Забавное,Xyosso-zabavno,OK,64.3,2026-09-05T05:24:00+00:00,106
YOSSO BEST 60fps,Xyosso-best60fps,OK,64.75,2026-09-05T05:51:00+00:00,100
YOSSO TV BEST,Xyosso-best,OK,63.85,2026-09-05T04:57:00+00:00,94
YOSSO TV Ковбойское,Xyosso-cowboy,OK,63.94,2026-09-05T05:02:00+00:00,105
YOSSO TV Adrenaline,Xyosso-adventure,OK,64.92,2026-09-05T06:01:00+00:00,95
YOSSO TV Adventure,Xyosso-adventure,OK,64.92,2026-09-05T06:01:00+00:00,95
YOSSO TV OBLIVION,Xyosso-oblivion,OK,64.22,2026-09-05T05:19:00+00:00,99
YOSSO TV Thriller,Xyosso-thriller,OK,63.49,2026-09-05T04:35:00+00:00,107
CineMan,Xcineman,OK,107.79,2026-09-07T00:53:00+00:00,137
CineMan Action,Xcineman-action,OK,106.6,2026-09-06T23:42:00+00:00,124
CineMan Комедия,Xcineman-comedy,OK,107.12,2026-09-07T00:13:00+00:00,138
CineMan Катастрофы,Xcineman-katastrofy,OK,106.27,2026-09-06T23:22:00+00:00,124
CineMan Лесник,Xcineman-lesnik,OK,107.47,2026-09-07T00:34:00+00:00,286
CineMan Marvel,Xcineman-marvel,OK,105.99,2026-09-06T23:05:00+00:00,106
CineMan Melodrama,Xcineman-melodrama,OK,106.87,2026-09-06T23:58:00+00:00,128
CineMan Ментовские Войны,Xcineman-musw,OK,107.35,2026-09-07T00:27:00+00:00,291
CineMan MiniSeries,Xcineman-miniseries,OK,107.75,2026-09-07T00:51:00+00:00,261
CineMan Пёс,Xcineman-pes,OK,107.5,2026-09-07T00:36:00+00:00,272
CineMan Premium,Xcineman-premium,OK,106.52,2026-09-06T23:37:00+00:00,119
CineMan РуКино,Xcineman-rukino,OK,107.67,2026-09-07T00:46:00+00:00,148
CineMan Симпсоны,Xcineman-simps,OK,107.89,2026-09-07T00:59:00+00:00,624
CineMan Скорая помощь,Xcineman-skorpom,OK,107.25,2026-09-07T00:21:00+00:00,306
CineMan Сваты,Xcineman-svaty,OK,107.74,2026-09-07T00:50:00+00:00,293
CineMan Thriller,Xcineman-thriller,OK,106.45,2026-09-06T23:33:00+00:00,131
CineMan Top,Xcineman-top,OK,105.59,2026-09-06T22:41:00+00:00,107
CineMan Ужасы,Xcineman-uzhasy,OK,107.15,2026-09-07T00:15:00+00:00,142
CineMan VHS,Xcineman-vhs,OK,106.84,2026-09-06T23:56:00+00:00,131
CineMan Глухарь + Карпов,Xcineman-gluhar,OK,107.2,2026-09-07T00:18:00+00:00,312
BCU Biography HDR,Xbcu-biography-hdr,OK,107.67,2026-09-07T00:46:00+00:00,107
BOX Franchise HD,Xbox-franchise,OK,106.5,2026-09-06T23:36:00+00:00,115
BOX Hybrid HD,Xbox-hybrid,OK,107.75,2026-09-07T00:51:00+00:00,139
BOX Gangster HD,Xbox-gangster,OK,106.74,2026-09-06T23:50:00+00:00,121
BOX Oscar HD,Xbox-oscar,OK,107.2,2026-09-07T00:18:00+00:00,106
BOX Memory HD,Xbox-memory,OK,107.84,2026-09-07T00:56:00+00:00,221
BOX Serial HD,Xbox-serial,OK,107.7,2026-09-07T00:48:00+00:00,278
BOX Game HD,Xbox-game,OK,106.77,2026-09-06T23:52:00+00:00,171
BOX Spy HD,Xbox-spy,OK,106.84,2026-09-06T23:56:00+00:00,123
BOX Western HD,Xbox-western,OK,82.92,2026-09-06T00:01:00+00:00,104
BOX Zombie HD,Xbox-zombie,OK,82.65,2026-09-05T23:45:00+00:00,82
BOX Cyber HD,Xbox-cyber,OK,103.84,2026-09-06T20:56:00+00:00,125
BOX Ghost HD,Xbox-ghost,OK,107.27,2026-09-07T00:22:00+00:00,150
BOX Stories HD,Xbox-stories,OK,83.4,2026-09-06T00:30:00+00:00,399
BOX Fantasy HD,Xbox-fantasy,OK,103.59,2026-09-06T20:41:00+00:00,115
BOX Mayday HD,Xbox-myday,OK,104.72,2026-09-06T21:49:00+00:00,303
GL Series,Xgoldline-series,OK,76.15,2026-09-05T17:15:00+00:00,264
GL Survival,Xgoldline-survival,OK,76.14,2026-09-05T17:14:00+00:00,265
GL Детектив,Xgoldline-detektiv,OK,75.79,2026-09-05T16:53:00+00:00,171
GL Brief,Xgoldline-brief,OK,76.39,2026-09-05T17:29:00+00:00,265
GL Evidence,Xgoldline-evidence,OK,15.3,2026-09-03T04:24:00+00:00,199
GL Exist,Xgoldline-exist,OK,75.84,2026-09-05T16:56:00+00:00,279
GL Island,Xgoldline-island,OK,75.2,2026-09-05T16:18:00+00:00,264
GL Naked&Funny,Xgoldline-naked,OK,76.2,2026-09-05T17:18:00+00:00,414
GL Psycho,Xgoldline-psy,OK,76.02,2026-09-05T17:07:00+00:00,245
NEXT Volt,Xnext-volt,OK,111.64,2026-09-07T04:44:00+00:00,114
NEXT Blaze,Xnext-blaze,OK,112.42,2026-09-07T05:31:00+00:00,108
NEXT Spark,Xnext-spark,OK,111.8,2026-09-07T04:54:00+00:00,141
NEXT Mythic,Xnext-mythic,OK,112.24,2026-09-07T05:20:00+00:00,142
NEXT Shadow,Xnext-shadow,OK,111.65,2026-09-07T04:45:00+00:00,138
NEXT Nova,Xnext-nova,OK,112.3,2026-09-07T05:24:00+00:00,113
NEXT Vibe,Xnext-vibe,OK,110.95,2026-09-07T04:03:00+00:00,120
NEXT Aura,Xnext-aura,OK,112.52,2026-09-07T05:37:00+00:00,123
NEXT Venture,Xnext-venture,OK,112.19,2026-09-07T05:17:00+00:00,137
NEXT Epic,Xnext-epic,OK,112.94,2026-09-07T06:02:00+00:00,114
NEXT Horizon,Xnext-horizon,OK,112.04,2026-09-07T05:08:00+00:00,126
NEXT Joy,Xnext-joy,OK,111.45,2026-09-07T04:33:00+00:00,140
NEXT Echo,Xnext-echo,OK,111.6,2026-09-07T04:42:00+00:00,111
NEXT Fusion,Xnext-fusion,OK,110.94,2026-09-07T04:02:00+00:00,107
NEXT Vision,Xnext-vision,OK,111.24,2026-09-07T04:20:00+00:00,102
NEXT Bolt,Xnext-bolt,OK,112.37,2026-09-07T05:28:00+00:00,126
NEXT Pulse,Xnext-pulse,OK,112.64,2026-09-07T05:44:00+00:00,135
NEXT Strike,Xnext-strike,OK,111.84,2026-09-07T04:56:00+00:00,113
NEXT Quest,Xnext-quest,OK,111.79,2026-09-07T04:53:00+00:00,143
NEXT Peak,Xnext-peak,OK,112.07,2026-09-07T05:10:00+00:00,122
MM 007 HD,Xminimax-007,OK,39.55,2026-09-04T04:39:00+00:00,81
MM Flip UHD,Xminimax-flip,OK,16.92,2026-09-03T06:01:00+00:00,71
MM Honey HD,Xminimax-honey,OK,111.25,2026-09-07T04:21:00+00:00,239
MM Live Planet HD,Xminimax-live-planet,OK,110.94,2026-09-07T04:02:00+00:00,284
MM NewFilm 2 HD,Xminimax-newfilm2,OK,111.37,2026-09-07T04:28:00+00:00,136
MM NewFilm 3 HD,Xminimax-newfilm3,OK,73.67,2026-09-05T14:46:00+00:00,115
MM NewFilm RU HD,Xminimax-newfilmru,OK,61.9,2026-09-05T03:00:00+00:00,112
MM UFO HD,Xminimax-ufo,OK,111.35,2026-09-07T04:27:00+00:00,130
MM USSR 1941-1945 HD,Xminimax-ussr-1941-1945,OK,112.17,2026-09-07T05:16:00+00:00,119
MM USSR Детектив HD,Xminimax-ussr-detektiv,OK,111.37,2026-09-07T04:28:00+00:00,186
MM USSR Комедия HD,Xminimax-ussr-komedija,OK,112.04,2026-09-07T05:08:00+00:00,150
MM USSR Приключения HD,Xminimax-ussr-prikluchenija,OK,86.42,2026-09-06T03:31:00+00:00,107
MM USSR Драма HD,Xminimax-ussr-fantastika,OK,111.77,2026-09-07T04:52:00+00:00,148
MM Боевик HD,Xminimax-boevik,OK,111.55,2026-09-07T04:39:00+00:00,140
MM Боевик Classic HD,Xminimax-boevik_classic,OK,63.42,2026-09-05T04:31:00+00:00,112
MM Вестерн HD,Xminimax-western,OK,97.72,2026-09-06T14:49:00+00:00,131
MM Воронины HD,Xminimax-voronini,OK,111.17,2026-09-07T04:16:00+00:00,579
MM Затмение HD,Xminimax-zatmenie,OK,112.35,2026-09-07T05:27:00+00:00,147
MM История HD,Xminimax-istorija,OK,95.77,2026-09-06T12:52:00+00:00,106
MM Катастрофа HD,Xminimax-katastrofa,OK,108.07,2026-09-07T01:10:00+00:00,123
MM Киберпанк HD,Xminimax-kiberpunk,OK,112.09,2026-09-07T05:11:00+00:00,134
MM Комедия Classic HD,Xminimax-comedy_classic,OK,21.6,2026-09-03T10:42:00+00:00,88
MM Комедия HD,Xminimax-comedy,OK,85.52,2026-09-06T02:37:00+00:00,129
MM Криминал HD,Xminimax-kriminal,OK,112.12,2026-09-07T05:13:00+00:00,120
MM Крутые 90-е HD,Xminimax-krutie-90-e,OK,111.1,2026-09-07T04:12:00+00:00,246
MM Кунг-Фу HD,Xminimax-kungfu,OK,112.17,2026-09-07T05:16:00+00:00,141
MM Мифология HD,Xminimax-mifologija,OK,93.94,2026-09-06T11:02:00+00:00,238
MM Нуар HD,Xminimax-nuar,OK,112.22,2026-09-07T05:19:00+00:00,157
MM Погружение HD,Xminimax-pogrujenie,OK,111.1,2026-09-07T04:12:00+00:00,148
MM Полицейский С Рублёвки HD,Xminimax-police,OK,53.82,2026-09-04T18:55:00+00:00,323
MM Приключения HD,Xminimax-prikluchenija,OK,111.62,2026-09-07T04:43:00+00:00,120
MM Роскино HD,Xminimax-roskino,OK,112.0,2026-09-07T05:06:00+00:00,136
MM Сваты HD,Xminimax-svati,OK,16.85,2026-09-03T05:57:00+00:00,178
MM Семейный 1 HD,Xminimax-family1,OK,111.89,2026-09-07T04:59:00+00:00,138
MM Семейный 2 HD,Xminimax-family2,OK,112.07,2026-09-07T05:10:00+00:00,168
MM Ситком HD,Xminimax-sitkom,OK,111.02,2026-09-07T04:07:00+00:00,351
MM Ситком 2.0 HD,Xminimax-sitkom20,OK,111.19,2026-09-07T04:17:00+00:00,576
MM Скорость HD,Xminimax-skorost,OK,111.6,2026-09-07T04:42:00+00:00,138
MM Спорт HD,Xminimax-sport,OK,69.9,2026-09-05T11:00:00+00:00,107
MM Супергерои HD,Xminimax-supergeroi,OK,111.95,2026-09-07T05:03:00+00:00,119
MM Триллер HD,Xminimax-triller,OK,111.79,2026-09-07T04:53:00+00:00,133
MM Ужастик HD,Xminimax-ujastik,OK,111.25,2026-09-07T04:21:00+00:00,257
MM Ужасы Classic HD,Xminimax-ujasi-classic,OK,110.9,2026-09-07T04:00:00+00:00,151
MM Ужасы HD,Xminimax-ujasi,OK,111.6,2026-09-07T04:42:00+00:00,145
MM Фантастика HD,Xminimax-fantastika,OK,111.0,2026-09-07T04:06:00+00:00,133
MM Фобия HD,Xminimax-fobija,OK,111.62,2026-09-07T04:43:00+00:00,153
MM Celebrity HD,Xminimax-celebrity,OK,84.49,2026-09-06T01:35:00+00:00,103
MM Classic HD,Xminimax-classic,OK,112.32,2026-09-07T05:25:00+00:00,184
MM Translation HD,Xminimax-translation,OK,112.19,2026-09-07T05:17:00+00:00,127
MM Драма HD,Xminimax-drama,OK,44.09,2026-09-04T09:11:00+00:00,85
MM Микромир HD,Xminimax-micromir,OK,65.67,2026-09-05T06:46:00+00:00,286
MM Макромир HD,Xminimax-makromir,OK,111.4,2026-09-07T04:30:00+00:00,297
MM Мегамир HD,Xminimax-megamir,EXPIRING_SOON,5.24,2026-09-02T18:20:00+00:00,169
MS Prisons HD,Xminimax-ms-prisons,OK,111.39,2026-09-07T04:29:00+00:00,233
MM Агата Кристи HD,Xminimax-agata,OK,111.5,2026-09-07T04:36:00+00:00,251
MM Стивен Кинг HD,Xminimax-st-king,OK,111.7,2026-09-07T04:48:00+00:00,245
Joker:Сімсони,XSimson,OK,11.0,2026-09-03T00:05:39+00:00,67
Joker:Губка Боб,Xgubka_bob,OK,11.15,2026-09-03T00:14:38+00:00,67
jk_Cinema3,jk_Cinema3,OK,12.1,2026-09-03T01:11:40+00:00,14
jk_serial,jk_serial,OK,10.91,2026-09-03T00:00:22+00:00,31
jk_Magic,jk_Magic,OK,10.93,2026-09-03T00:01:42+00:00,33
jk_90210,jk_90210,OK,11.26,2026-09-03T00:21:13+00:00,33
jk_dram,jk_dram,OK,13.02,2026-09-03T02:06:39+00:00,13
jk_fineas,jk_fineas,OK,11.12,2026-09-03T00:12:41+00:00,64
jk_strah,jk_strah,OK,11.07,2026-09-03T00:10:03+00:00,14
jk_Sliders,jk_Sliders,OK,11.48,2026-09-03T00:34:50+00:00,35
jk_Succession,jk_Succession,OK,11.3,2026-09-03T00:23:38+00:00,24
jk_Money_Heist,jk_Money_Heist,OK,11.32,2026-09-03T00:24:54+00:00,31
jk_office,jk_office,OK,10.96,2026-09-03T00:03:12+00:00,61
jk_Scrubs,jk_Scrubs,OK,11.06,2026-09-03T00:09:06+00:00,69
jk_element,jk_element,OK,11.28,2026-09-03T00:22:42+00:00,35
jk_Buffy,jk_Buffy,OK,11.12,2026-09-03T00:13:06+00:00,33
jk_Melrose_Place,jk_Melrose_Place,OK,11.26,2026-09-03T00:21:10+00:00,32
jk_Only_Murders,jk_Only_Murders,OK,10.99,2026-09-03T00:05:06+00:00,42
jk_detektiv,jk_detektiv,OK,11.2,2026-09-03T00:17:56+00:00,13
jk_NCIS,jk_NCIS,OK,11.21,2026-09-03T00:18:15+00:00,35
jk_dark,jk_dark,OK,11.55,2026-09-03T00:38:32+00:00,27
jk_balance,jk_balance,OK,11.0,2026-09-03T00:05:51+00:00,34
jk_timon,jk_timon,OK,11.2,2026-09-03T00:17:38+00:00,72
jk_Cartoon,jk_Cartoon,OK,11.02,2026-09-03T00:07:02+00:00,200
jk_Flintstones,jk_Flintstones,OK,11.22,2026-09-03T00:18:56+00:00,58
The_Last_of_Us,XThe_Last_of_Us,OK,11.66,2026-09-03T00:45:19+00:00,26
House_ukr,XHouse_ukr,OK,10.95,2026-09-03T00:02:51+00:00,34
jk_grimm,jk_grimm,OK,11.48,2026-09-03T00:34:42+00:00,35
jk_kids,jk_kids,OK,11.97,2026-09-03T01:04:13+00:00,18
jk_black_cloak,jk_black_cloak,OK,11.1,2026-09-03T00:11:37+00:00,64
jk_boys,jk_boys,OK,11.16,2026-09-03T00:15:13+00:00,24
jk_Winx,jk_Winx,OK,11.1,2026-09-03T00:12:01+00:00,55
Joker: Фантастика,Xfantastika,OK,12.12,2026-09-03T01:12:45+00:00,26
jk_Morning_Show,jk_Morning_Show,OK,11.34,2026-09-03T00:26:09+00:00,27
jk_Ritchie,jk_Ritchie,OK,11.91,2026-09-03T01:00:12+00:00,10
jk_Scorsese,jk_Scorsese,OK,11.94,2026-09-03T01:01:58+00:00,11
Joker: Wednesday,XWednesday,OK,11.37,2026-09-03T00:28:05+00:00,28
jk_Spilberg,jk_Spilberg,OK,12.9,2026-09-03T01:59:50+00:00,12
jk_Kopola,jk_Kopola,OK,12.4,2026-09-03T01:29:56+00:00,11
jk_Skott,jk_Skott,OK,11.32,2026-09-03T00:24:43+00:00,11
jk_Kameron,jk_Kameron,OK,11.98,2026-09-03T01:04:40+00:00,12
jk_Besson,jk_Besson,OK,12.2,2026-09-03T01:17:56+00:00,16
jk_Nolan,jk_Nolan,OK,11.45,2026-09-03T00:32:54+00:00,8
jk_King,jk_King,OK,13.42,2026-09-03T02:31:06+00:00,14
jk_Crowe,jk_Crowe,OK,12.3,2026-09-03T01:23:35+00:00,13
jk_Reeves,jk_Reeves,OK,10.93,2026-09-03T00:01:28+00:00,13
jk_Hemsworth,jk_Hemsworth,OK,11.72,2026-09-03T00:48:50+00:00,11
jk_Butler,jk_Butler,OK,11.8,2026-09-03T00:53:37+00:00,14
jk_Kunis,jk_Kunis,OK,12.17,2026-09-03T01:15:52+00:00,14
jk_Neeson,jk_Neeson,OK,11.03,2026-09-03T00:07:50+00:00,12
jk_Scorpion,jk_Scorpion,OK,11.2,2026-09-03T00:17:54+00:00,35
jk_duva,jk_duva,OK,10.96,2026-09-03T00:03:16+00:00,22
jk_Emeli,jk_Emeli,OK,11.45,2026-09-03T00:32:33+00:00,46
Bear TV Добірка Фільмів UA HD,bear_tv_dobirka_filmiv,OK,112.16,2026-09-07T05:15:21+00:00,111
Bear TV Домашній Кінозал UA HD,bear_tv_domashniy_kinozal,OK,111.12,2026-09-07T04:12:46+00:00,111
Bear TV ФільмМанія UA HD,bear_tv_filmmaniya,OK,111.57,2026-09-07T04:39:58+00:00,102
Bear TV Фільмовий День UA HD,bear_tv_filmovyy_den,OK,111.01,2026-09-07T04:06:15+00:00,103
Bear TV Фільмовий Мікс UA HD,bear_tv_filmovyy_miks,OK,112.32,2026-09-07T05:25:01+00:00,94
Bear TV Фільми 24 UA HD,bear_tv_filmy_24,OK,111.16,2026-09-07T04:15:23+00:00,96
Bear TV Фільм за Фільмом UA HD,bear_tv_film_za_filmom,OK,111.87,2026-09-07T04:57:40+00:00,102
Bear TV Хіт Фільм UA HD,bear_tv_hit_film,OK,112.13,2026-09-07T05:13:34+00:00,104
Bear TV КіноАтмосфера UA HD,bear_tv_kinoatmosfera,OK,111.3,2026-09-07T04:23:41+00:00,104
Bear TV Кіно Без Перерви UA HD,bear_tv_kinobezperervy,OK,111.82,2026-09-07T04:54:39+00:00,94
Bear TV КіноХвиля UA HD,bear_tv_kinohvylya,OK,110.96,2026-09-07T04:03:23+00:00,97
Bear TV КіноКлуб UA HD,bear_tv_kinoklub,OK,111.32,2026-09-07T04:25:04+00:00,99
Bear TV КіноКолекція UA HD,bear_tv_kinokolektsiya,OK,112.28,2026-09-07T05:22:41+00:00,103
Bear TV КіноЛінія UA HD,bear_tv_kinoliniya,OK,112.27,2026-09-07T05:21:40+00:00,99
Bear TV КіноМарафон UA HD,bear_tv_kinomarafon,OK,111.86,2026-09-07T04:57:25+00:00,101
Bear TV КіноМікс UA HD,bear_tv_kinomiks,OK,112.0,2026-09-07T05:06:02+00:00,103
Bear TV КіноНастрій UA HD,bear_tv_kinonastriy,OK,111.44,2026-09-07T04:31:58+00:00,99
Bear TV КіноПланета UA HD,bear_tv_kinoplaneta,OK,111.0,2026-09-07T04:06:01+00:00,96
Bear TV КіноПлюс UA HD,bear_tv_kinoplyus,OK,112.19,2026-09-07T05:16:59+00:00,99
Bear TV КіноПотік UA HD,bear_tv_kinopotik,OK,111.22,2026-09-07T04:19:14+00:00,95
Bear TV КіноСвіт UA HD,bear_tv_kinosvit,OK,112.67,2026-09-07T05:45:51+00:00,98
Bear TV КіноТайм UA HD,bear_tv_kinotaym,OK,111.47,2026-09-07T04:33:47+00:00,100
Bear TV КіноВечір UA HD,bear_tv_kinovechir,OK,112.69,2026-09-07T05:47:19+00:00,99
Bear TV Кінозал UA HD,bear_tv_kinozal,OK,111.05,2026-09-07T04:08:31+00:00,100
Bear TV Легенди Кіно UA HD,bear_tv_legendy_kino,OK,111.66,2026-09-07T04:45:23+00:00,96
Bear TV МегаФільм UA HD,bear_tv_megafilm,OK,112.44,2026-09-07T05:31:56+00:00,100
Bear TV Movie UA HD,bear_tv_movie_ua,OK,111.95,2026-09-07T05:02:29+00:00,107
Bear TV Мульт 24 UA HD,bear_tv_mult_24,OK,113.1,2026-09-07T06:11:37+00:00,75
Bear TV Мульт Анімація UA HD,bear_tv_mult_animatsiya,OK,111.89,2026-09-07T04:58:56+00:00,89
Bear TV Дитячий Світ UA HD,bear_tv_mult_dytyachyy_svit,OK,111.03,2026-09-07T04:07:25+00:00,106
Bear TV Мульт Хіт UA HD,bear_tv_mult_hit,OK,111.74,2026-09-07T04:50:12+00:00,103
Bear TV Kids Кіно UA HD,bear_tv_mult_kids_kino,OK,111.02,2026-09-07T04:06:41+00:00,115
Bear TV Малий Екран UA HD,bear_tv_mult_malyy_ekran,OK,111.03,2026-09-07T04:07:25+00:00,106
Bear TV Мульт Мікс UA HD,bear_tv_mult_miks,OK,111.03,2026-09-07T04:07:44+00:00,95
Bear TV Сімейні Мульти UA HD,bear_tv_mult_simeyni,OK,111.15,2026-09-07T04:14:45+00:00,98
Bear TV МультСвіт UA HD,bear_tv_mult_svit,OK,111.26,2026-09-07T04:21:20+00:00,76
Bear TV МультЗал UA HD,bear_tv_mult_zal,OK,111.37,2026-09-07T04:28:01+00:00,108
Bear TV Нічний Сеанс UA HD,bear_tv_nichnyy_seans,OK,111.08,2026-09-07T04:10:32+00:00,92
Bear TV Прем'єра UA HD,bear_tv_prem_yera,OK,112.29,2026-09-07T05:23:00+00:00,100
Bear TV Сеанс 24 UA HD,bear_tv_seans_24,OK,112.41,2026-09-07T05:30:20+00:00,93
Bear TV Сімейний Вечір UA HD,bear_tv_simeynyy_vechir,OK,112.41,2026-09-07T05:30:25+00:00,98
Bear TV Світ Кіно UA HD,bear_tv_svit_kino,OK,111.96,2026-09-07T05:03:15+00:00,92
Bear TV Топ Кіно UA HD,bear_tv_top_kino,OK,111.3,2026-09-07T04:23:29+00:00,97
Bear TV Український Сеанс UA HD,bear_tv_ukrayinskyy_seans,OK,112.29,2026-09-07T05:22:55+00:00,98
Bear TV Улюблені Фільми UA HD,bear_tv_ulyubleni_filmy,OK,111.03,2026-09-07T04:07:28+00:00,109
Bear TV Вечірнє Кіно UA HD,bear_tv_vechirnye_kino,OK,111.92,2026-09-07T05:01:00+00:00,91
Bear TV Велике Кіно UA HD,bear_tv_velyke_kino,OK,111.07,2026-09-07T04:09:40+00:00,101
Bear TV Великий Екран UA HD,bear_tv_velykyy_ekran,OK,111.0,2026-09-07T04:05:33+00:00,92
Bear TV Вибір Глядача UA HD,bear_tv_vybir_glyadacha,OK,111.89,2026-09-07T04:59:13+00:00,101
Bear TV Золота Колекція UA HD,bear_tv_zolota_kolektsiya,OK,111.82,2026-09-07T04:55:02+00:00,96
BCU Ultra 4K,Xbcu-ultra4k,OK,103.59,2026-09-06T20:41:00+00:00,118
BCU Premiere Ultra 4K,Xbcu-premiere-4k,OK,107.14,2026-09-07T00:14:00+00:00,118
BCU Сваты 4K,Xbcu-svaty,OK,107.6,2026-09-07T00:42:00+00:00,295
Кино UHD 4k,Xkino-ultra-hd,OK,104.79,2026-09-06T21:53:00+00:00,192
CineMan Relax 4K,Xcineman-relax,OK,107.04,2026-09-07T00:08:00+00:00,113
BOX Serial 4K,Xbox-serial4k,OK,107.84,2026-09-07T00:56:00+00:00,292
BOX Remast 4K,Xbox-remast-4k,OK,107.45,2026-09-07T00:33:00+00:00,120
BOX Relax 4K,Xbox-relax,OK,96.72,2026-09-06T13:49:00+00:00,19
YOSSO-4K,Xyosso-4k,OK,64.2,2026-09-05T05:18:00+00:00,88
Bear TV МегаКадр RU UHD,000101_MegaKadr,OK,111.77,2026-09-07T04:52:10+00:00,81
Bear TV Золотой Экран RU UHD,000102_GoldenScreen,OK,111.36,2026-09-07T04:27:12+00:00,86
Bear TV КиноВремя RU UHD,000104_KinoTime,OK,112.02,2026-09-07T05:07:06+00:00,88
Bear TV КиноМир RU UHD,000105_SerialWorld,OK,111.09,2026-09-07T04:11:26+00:00,84
Bear TV Хитовый Экран RU UHD,000109_SerialHit,OK,111.46,2026-09-07T04:33:16+00:00,85
Bear TV Фильмонавт RU UHD,000110_Filmonavt,OK,112.18,2026-09-07T05:16:50+00:00,90
Bear TV КиноГоризонт RU UHD,000113_KinoHorizon,OK,112.4,2026-09-07T05:29:34+00:00,81
Bear TV Сюжет ТВ RU UHD,000115_SyuzhetTV,OK,111.71,2026-09-07T04:48:34+00:00,82
Bear TV Кадр Плюс RU UHD,000116_KadrPlus,OK,111.88,2026-09-07T04:58:19+00:00,84
Bear TV КиноПульс RU UHD,000117_KinoPulse,OK,112.22,2026-09-07T05:18:57+00:00,89
Bear TV Экран 24 RU UHD,000121_Ekran24,OK,112.46,2026-09-07T05:33:19+00:00,83
Bear TV Ночной Сеанс RU UHD,000130_NightSeans,OK,110.99,2026-09-07T04:05:21+00:00,80
Bear TV Премьера Live RU UHD,000131_PremiereLive,OK,112.94,2026-09-07T06:02:00+00:00,87
Bear TV КиноМаршрут RU UHD,000132_KinoMarshrut,OK,113.03,2026-09-07T06:07:18+00:00,83
Bear TV Легенды Экрана RU UHD,000133_LegendsEkrana,OK,112.28,2026-09-07T05:22:26+00:00,70
Bear TV КиноВолна RU UHD,000135_MovieWave,OK,112.05,2026-09-07T05:08:31+00:00,88
Bear TV КиноОрбита RU UHD,000137_CinemaOrbit,OK,112.87,2026-09-07T05:58:09+00:00,71
Bear TV Галактика Кино RU UHD,000139_FilmGalaxy,OK,111.7,2026-09-07T04:47:41+00:00,75
Bear TV КиноСфера RU UHD,000141_KinoSphere,OK,111.26,2026-09-07T04:21:31+00:00,78
Bear TV КиноДрайв RU UHD,000143_KinoDrive,OK,112.06,2026-09-07T05:09:18+00:00,82
Bear TV Блокбастер ТВ RU UHD,000144_BlockbusterTV,OK,111.59,2026-09-07T04:41:07+00:00,79
Bear TV Фильм Канал RU UHD,000199_FilmKanal,OK,112.5,2026-09-07T05:35:28+00:00,83
Bear TV КиноЛиния RU UHD,000201_KinoLine,OK,111.58,2026-09-07T04:40:21+00:00,87
Bear TV КиноЗвезда RU UHD,000202_MovieStar,OK,111.38,2026-09-07T04:28:48+00:00,84
Bear TV КиноАрена RU UHD,000203_KinoArena,OK,112.52,2026-09-07T05:36:44+00:00,82
Bear TV Экран Будущего RU UHD,000204_EkranFuture,OK,111.25,2026-09-07T04:20:58+00:00,80
Bear TV Кино Нова RU UHD,000205_CinemaNova,OK,112.33,2026-09-07T05:25:37+00:00,85
Bear TV КиноФокус RU UHD,000206_KinoFocus,OK,111.4,2026-09-07T04:29:38+00:00,84
Bear TV ФильмПоток RU UHD,000207_FilmPotok,OK,112.43,2026-09-07T05:31:27+00:00,84
Bear TV КиноМикс RU UHD,000208_KinoMix,OK,112.62,2026-09-07T05:42:42+00:00,72
Bear TV КиноКлассика RU UHD,000209_KinoClassic,OK,112.5,2026-09-07T05:35:38+00:00,87
Bear TV СуперСеанс RU UHD,000210_SuperSeans,OK,112.34,2026-09-07T05:25:52+00:00,80
Bear TV КиноДом RU UHD,000211_HDKinoDom,OK,111.15,2026-09-07T04:14:27+00:00,79
Bear TV КиноПланета RU UHD,000212_KinoPlanet,OK,112.48,2026-09-07T05:34:33+00:00,88
Bear TV КиноНочь RU UHD,000213_MovieNight,OK,112.13,2026-09-07T05:13:23+00:00,77
Bear TV КиноПортал RU UHD,000214_KinoPortal,OK,112.32,2026-09-07T05:24:56+00:00,85
Bear TV Экран Премиум RU UHD,000215_EkranPremium,OK,111.59,2026-09-07T04:41:22+00:00,86
Bear TV КиноСвет RU UHD,000216_KinoSvet,OK,112.94,2026-09-07T06:02:21+00:00,76
Bear TV ФильмЭкспресс RU UHD,000217_FilmExpress,OK,112.64,2026-09-07T05:44:12+00:00,83
Bear TV Парк Кино RU UHD,000218_SerialPark,OK,111.26,2026-09-07T04:21:09+00:00,85
Bear TV Время Кино RU UHD,000219_CinemaTime,OK,111.46,2026-09-07T04:33:11+00:00,82
Bear TV КиноМаяк RU UHD,000220_KinoMayak,OK,111.11,2026-09-07T04:12:04+00:00,79
Bear TV КиноБаза RU UHD,000221_KinoBaza,OK,112.7,2026-09-07T05:48:00+00:00,86
Bear TV ФильмЗона RU UHD,000222_FilmZone,OK,111.11,2026-09-07T04:12:18+00:00,95
Bear TV КиноИмперия RU UHD,000223_KinoEmpire,OK,112.38,2026-09-07T05:28:46+00:00,93
Bear TV Экран Хит RU UHD,000224_EkranHit,OK,111.92,2026-09-07T05:00:46+00:00,85
Bear TV Линия Кино RU UHD,000225_MovieLine,OK,112.28,2026-09-07T05:22:50+00:00,77
Bear TV КиноРитм RU UHD,000226_KinoRhythm,OK,113.04,2026-09-07T06:08:22+00:00,87
Bear TV Сеанс 24/7 RU UHD,000227_Seans247,OK,111.63,2026-09-07T04:43:19+00:00,85
Bear TV Киномания RU UHD,009999_KinoMania,OK,112.77,2026-09-07T05:52:04+00:00,74
Eurosport,Xeurosport1,OK,104.4,2026-09-06T21:30:00+00:00,113
Eurosport HD,XEurosport.1.HD.ro,OK,57.65,2026-09-04T22:45:00+00:00,44
Eurosport 4K,Xeurosport1,OK,104.4,2026-09-06T21:30:00+00:00,113
Eurosport 2,XEurosport.1.HD.ro,OK,57.65,2026-09-04T22:45:00+00:00,44
Eurosport 2 HD,XEurosport.2.HD.ro,OK,57.9,2026-09-04T23:00:00+00:00,50
Матч! ПРЕМЬЕР,Xmatch-premier,OK,104.65,2026-09-06T21:45:00+00:00,189
Матч Премьер HD,Xmatch-premier,OK,104.65,2026-09-06T21:45:00+00:00,189
Матч Арена,Xmatch-arena,OK,101.32,2026-09-06T18:25:00+00:00,168
Матч! Арена HD,Xmatch-arena,OK,101.32,2026-09-06T18:25:00+00:00,168
Матч! Планета,Xmatch-planeta,OK,103.82,2026-09-06T20:55:00+00:00,158
Матч ТВ,Xmatch-tv,OK,104.65,2026-09-06T21:45:00+00:00,185
Матч! HD,Xmatch-tv,OK,104.65,2026-09-06T21:45:00+00:00,185
Матч! 50fps,Xmatch-tv,OK,104.65,2026-09-06T21:45:00+00:00,185
Матч! Боец HD,Xmatch-boets,OK,103.49,2026-09-06T20:35:00+00:00,164
МАТЧ! Страна,Xmatch-nash-sport,OK,103.49,2026-09-06T20:35:00+00:00,231
Матч! Страна HD,Xmatch-nash-sport,OK,103.49,2026-09-06T20:35:00+00:00,231
Матч! Игра,Xmatch-igra,OK,104.74,2026-09-06T21:50:00+00:00,176
Матч! Игра HD,Xmatch-igra,OK,104.74,2026-09-06T21:50:00+00:00,176
Матч! Футбол 1 HD,Xmatch-football1,OK,104.57,2026-09-06T21:40:00+00:00,138
Матч Футбол 1,Xmatch-football1,OK,104.57,2026-09-06T21:40:00+00:00,138
Матч! Футбол 2 HD,Xmatch-football2,OK,102.82,2026-09-06T19:55:00+00:00,128
Матч! Футбол 3 HD,Xmatch-football3,OK,104.4,2026-09-06T21:30:00+00:00,137
Megogo Спорт HD,Xmegogo-sport,OK,54.9,2026-09-04T20:00:00+00:00,134
Megogo Футбол 1 HD,Xmegogo-football-1,OK,54.82,2026-09-04T19:55:00+00:00,140
Megogo Футбол 2 HD,Xmegogo-football-2,OK,54.9,2026-09-04T20:00:00+00:00,142
Megogo Футбол 3 HD,Xmegogo-football-3,OK,56.65,2026-09-04T21:45:00+00:00,143
Megogo Футбол 4 HD,Xmegogo-football-4,OK,104.9,2026-09-06T22:00:00+00:00,38
Megogo Футбол 5 HD,Xmegogo-football-5,OK,101.15,2026-09-06T18:15:00+00:00,30
Megogo Гонг,Xmegogo-gong,OK,103.57,2026-09-06T20:40:00+00:00,195
Setanta Sports Ukraine,Xsetanta-ua,OK,108.4,2026-09-07T01:30:00+00:00,114
Setanta Sports HD 50fps,Xsetanta-ua,OK,108.4,2026-09-07T01:30:00+00:00,114
Setanta Sports+ HD 50fps,Xsetanta-plus-ua,OK,108.4,2026-09-07T01:30:00+00:00,107
Setanta Sports+ Ukraine,Xsetanta-plus-ua,OK,108.4,2026-09-07T01:30:00+00:00,107
Setanta Sports 1 HD,Xsetanta-sports,OK,108.9,2026-09-07T02:00:00+00:00,119
Setanta Sports 2 HD,Xsetanta-sports-plus,OK,108.9,2026-09-07T02:00:00+00:00,105
Setanta Qazaqstan,Xsetanta-kz,OK,107.9,2026-09-07T01:00:00+00:00,160
Суспільне Спорт,Xsuspilne-sport-ua,OK,108.82,2026-09-07T01:55:00+00:00,224
Суспільне Спорт 50FPS,Xsuspilne-sport-ua,OK,108.82,2026-09-07T01:55:00+00:00,224
DiviSport,Xdivisport,OK,101.4,2026-09-06T18:30:00+00:00,120
Dynamo Kyiv TV,Xdynamo-kyiv-tv,OK,108.65,2026-09-07T01:45:00+00:00,128
Футбол,Xfootball-ru,OK,102.99,2026-09-06T20:05:00+00:00,140
Футбол HD,Xfootball-ru,OK,102.99,2026-09-06T20:05:00+00:00,140
Viju+ Sport,Xviasat-sport,OK,102.9,2026-09-06T20:00:00+00:00,125
Viju+ Sport HD,Xviasat-sport,OK,102.9,2026-09-06T20:00:00+00:00,125
Окко Спорт HD,Xokko-sport,OK,106.49,2026-09-06T23:35:00+00:00,126
Окко Футбол HD,Xokko-football,OK,108.32,2026-09-07T01:25:00+00:00,153
Окко.Прайм Спорт,Xokko-sport-2,OK,108.32,2026-09-07T01:25:00+00:00,166
Окко Чемпионат,Xokko-chemp,OK,128.9,2026-09-07T22:00:00+00:00,55
Старт Триумф HD,Xstart-triumf,OK,103.32,2026-09-06T20:25:00+00:00,153
Старт HD,Xstart,OK,102.9,2026-09-06T20:00:00+00:00,164
КХЛ,Xkxl,OK,104.74,2026-09-06T21:50:00+00:00,172
KHL Prime,Xkxl-hd,OK,104.82,2026-09-06T21:55:00+00:00,189
Хоккейный,Xxokkejny,OK,33.15,2026-09-03T22:15:00+00:00,82
Бокс ТВ,Xbox-tv,OK,104.4,2026-09-06T21:30:00+00:00,369
Sport 1 UA,Xsport1-ua,OK,103.9,2026-09-06T21:00:00+00:00,122
Sport 2 UA,Xsport2-ua,OK,103.07,2026-09-06T20:10:00+00:00,122
NBA TV,Xnba-tv,OK,98.4,2026-09-06T15:30:00+00:00,189
Мир Баскетбола,Xmir-basketbola,OK,104.82,2026-09-06T21:55:00+00:00,118
Мяч,Xfootbolny,OK,35.32,2026-09-04T00:25:00+00:00,87
Авто Плюс,Xavto-plus,OK,104.82,2026-09-06T21:55:00+00:00,1063
Extreme Sports,Xextreme-sports,OK,104.4,2026-09-06T21:30:00+00:00,201
Спортивный,Xsportivny,OK,35.57,2026-09-04T00:40:00+00:00,109
UDAR,Xufc,OK,100.9,2026-09-06T18:00:00+00:00,83
Живи активно HD,Xzhivi-aktivno,OK,100.64,2026-09-06T17:44:00+00:00,523
Русский Экстрим,Xrussky-ekstrim,OK,104.49,2026-09-06T21:35:00+00:00,274
Точка отрыва,Xtochka-otryva,OK,104.4,2026-09-06T21:30:00+00:00,442
Авто 24,Xavto24,OK,104.24,2026-09-06T21:20:00+00:00,690
Cars & Stars TV HD,Xcars-n-stars,OK,107.89,2026-09-07T00:59:00+00:00,6393
FightBox,Xfightbox-hd,OK,107.15,2026-09-07T00:15:00+00:00,110
TRACE Sport Stars,Xtrace-sport-stars,OK,104.4,2026-09-06T21:30:00+00:00,451
Fast&FunBox,Xfastfunbox-hd,OK,104.4,2026-09-06T21:30:00+00:00,440
MAINCAST SPORT,Xmaincast-sport,OK,102.82,2026-09-06T19:55:00+00:00,154
UPL.TV HD,Xupltv,OK,108.4,2026-09-07T01:30:00+00:00,118
QazSport,Xkazsport,OK,106.65,2026-09-06T23:45:00+00:00,146
BOX_SPORT_LIVE_1_HD,Xbox-sportcast-live1,OK,101.74,2026-09-06T18:50:00+00:00,42
BOX_SPORT_LIVE_2_HD,Xbox-sportcast-live2,OK,99.24,2026-09-06T16:20:00+00:00,18
BOX_SPORT_LIVE_3_HD,Xbox-sportcast-live3,OK,98.9,2026-09-06T16:00:00+00:00,14
BOX_SPORT_LIVE_4_HD,Xbox-sportcast-live4,OK,76.24,2026-09-05T17:20:00+00:00,4
BeIN Sport 1 HD,Xbein-sport-1,OK,30.49,2026-09-03T19:35:00+00:00,138
BeIN Sport 2 HD,Xbein-sport-2,OK,32.4,2026-09-03T21:30:00+00:00,101
BeIN Sport 3 HD,Xbein-sport-3,OK,31.15,2026-09-03T20:15:00+00:00,101
BeIN Sport 4 HD,Xbein-sport-4,OK,30.9,2026-09-03T20:00:00+00:00,107
TNT Sport 1 HD,Xbt-sport1,OK,110.65,2026-09-07T03:45:00+00:00,190
TNT Sport 2 HD,Xbt-sport2,OK,108.9,2026-09-07T02:00:00+00:00,223
TNT Sport 3 HD,Xbt-sport3,OK,110.65,2026-09-07T03:45:00+00:00,218
Sky Sports Mix,Xsky-sports-mix,OK,107.9,2026-09-07T01:00:00+00:00,263
Movistar Formula 1,Xno_epg_sport,OK,111.9,2026-09-07T05:00:00+00:00,116
Fox Sport 1 HD,Xno_epg_sport,OK,111.9,2026-09-07T05:00:00+00:00,116
Fox Sport 2 HD,Xno_epg_sport,OK,111.9,2026-09-07T05:00:00+00:00,116
Sky Sport Bundesliga HD,Xsky-sport-bl1,OK,110.9,2026-09-07T04:00:00+00:00,35
BOX Be ON Edge HD,Xbox-beonedge,OK,107.82,2026-09-07T00:55:00+00:00,127
BOX Be ON Edge 1 Live HD,Xbox-beonedge1live,OK,105.4,2026-09-06T22:30:00+00:00,74
BOX SportCast Live 1 HD,Xbox-sportcast-live1,OK,101.74,2026-09-06T18:50:00+00:00,42
BOX SportCast Live 2 HD,Xbox-sportcast-live2,OK,99.24,2026-09-06T16:20:00+00:00,18
BOX SportCast Live 3 HD,Xbox-sportcast-live3,OK,98.9,2026-09-06T16:00:00+00:00,14
BOX SportCast Live 4 HD,Xbox-sportcast-live4,OK,76.24,2026-09-05T17:20:00+00:00,4
Diema Sport HD,Xdiema-sport-1,OK,104.65,2026-09-06T21:45:00+00:00,152
Diema Sport 2 HD,Xdiema-sport-2,OK,103.9,2026-09-06T21:00:00+00:00,140
Diema Sport 3 HD,Xdiema-sport-3,OK,104.57,2026-09-06T21:40:00+00:00,163
Sport 1 Baltic,Xsport1-baltic,OK,103.9,2026-09-06T21:00:00+00:00,128
V Sport Ultra HD,Xv-sport-ultrahd,OK,6.9,2026-09-02T20:00:00+00:00,33
NHL Network,Xnhl-network-us,OK,110.9,2026-09-07T04:00:00+00:00,185
Sky Sports Tennis,Xsky-sports-tennis,OK,112.4,2026-09-07T05:30:00+00:00,128
Sky Sports Football UK,Xsky-sports-football,OK,110.65,2026-09-07T03:45:00+00:00,446
Discovery Channel HD,Xdiscovery-channel,OK,106.9,2026-09-07T00:00:00+00:00,272
National Geographic,XNational.Geographic.HD.ro,OK,55.9,2026-09-04T21:00:00+00:00,89
Nat Geo Wild HD,Xnat-geo-wild,OK,109.57,2026-09-07T02:40:00+00:00,318
Animal Planet HD,Xanimal-planet-eu,OK,107.4,2026-09-07T00:30:00+00:00,267
DocuBox HD,Xdocubox-hd,OK,104.57,2026-09-06T21:40:00+00:00,391
HGTV HD,Xhgtv,OK,107.4,2026-09-07T00:30:00+00:00,351
HD Life,Xhd-life,OK,104.32,2026-09-06T21:25:00+00:00,342
Viasat History HD CEE,Xhistory-viasat-en,OK,108.9,2026-09-07T02:00:00+00:00,210
Viasat Nature,Xviasat-nature-cee,OK,109.74,2026-09-07T02:50:00+00:00,295
Viasat Explore,Xviasat-explore-cee,OK,109.49,2026-09-07T02:35:00+00:00,238
Viasat History HD,Xviasat-history,OK,104.65,2026-09-06T21:45:00+00:00,250
Viju Explore HD,Xviasat-explore,OK,104.82,2026-09-06T21:55:00+00:00,330
Viju History HD,Xviasat-history,OK,104.65,2026-09-06T21:45:00+00:00,250
Viju Nature HD,Xviasat-nature,OK,104.24,2026-09-06T21:20:00+00:00,285
Viju+ Planet HD,Xviasat-nature-history-hd,OK,104.49,2026-09-06T21:35:00+00:00,371
TLC HD,X76699,OK,82.9,2026-09-06T00:00:00+00:00,84
Big Planet HD,Xbig-planet,OK,104.24,2026-09-06T21:20:00+00:00,345
Travel Channel HD,Xtravel-channel-pl,OK,110.32,2026-09-07T03:25:00+00:00,299
RTG HD,Xrtg-hd,OK,31.9,2026-09-03T21:00:00+00:00,260
H2 HD,Xh2,OK,104.4,2026-09-06T21:30:00+00:00,291
The Explorers,Xthe-explorers,OK,107.72,2026-09-07T00:49:00+00:00,1383
Travel+Adventure HD,Xtravel-adventure,OK,109.49,2026-09-07T02:35:00+00:00,360
Travel XP HD,Xtravel-xp-hd,OK,104.4,2026-09-06T21:30:00+00:00,451
Travel XP 4K,Xtravel-xp-hd,OK,104.4,2026-09-06T21:30:00+00:00,451
Глазами туриста HD,Xglazami-turista,OK,109.49,2026-09-07T02:35:00+00:00,417
Приключения HD,Xprikluchenia-hd,OK,104.57,2026-09-06T21:40:00+00:00,405
Большая Азия HD,Xbolshaya-azia,OK,104.49,2026-09-06T21:35:00+00:00,627
Поехали HD,Xpoexali,OK,104.49,2026-09-06T21:35:00+00:00,313
Живая природа HD,Xzhivaya-priroda,OK,109.85,2026-09-07T02:57:00+00:00,4556
Живая планета,Xzhivaya-planeta,OK,109.65,2026-09-07T02:45:00+00:00,418
Рыболов,Xoxotnik-i-rybolov,OK,104.65,2026-09-06T21:45:00+00:00,452
Охотник и рыболов HD,Xoxotnik-i-rybolov-hd,OK,104.49,2026-09-06T21:35:00+00:00,485
Охота и Рыбалка,Xoxota-i-rybalka,OK,104.74,2026-09-06T21:50:00+00:00,514
Рыбалка HD,Xrybalka,OK,107.24,2026-09-07T00:20:00+00:00,452
Диалоги о рыбалке,Xdialogi-o-rybalke,OK,104.74,2026-09-06T21:50:00+00:00,419
Дикая охота HD,Xdikaya-oxota-hd,OK,104.24,2026-09-06T21:20:00+00:00,404
Дикая рыбалка HD,Xdikaya-rybalka-hd,OK,104.82,2026-09-06T21:55:00+00:00,428
Continent E,Xcontinent-e,OK,104.32,2026-09-06T21:25:00+00:00,374
Трофей HD,Xtrofey,OK,104.4,2026-09-06T21:30:00+00:00,391
Загородная Жизнь,Xzagorodnaya-zhizn,OK,104.74,2026-09-06T21:50:00+00:00,575
Загородный,Xzagorodny,OK,104.19,2026-09-06T21:17:00+00:00,424
Усадьба,Xusadba,OK,104.82,2026-09-06T21:55:00+00:00,696
6 соток,X6sotok,OK,104.55,2026-09-06T21:39:00+00:00,574
Дача HD,Xdacha,OK,109.74,2026-09-07T02:50:00+00:00,383
Дикий,Xdikiy,OK,103.99,2026-09-06T21:05:00+00:00,381
Арсенал HD,Xarsenaltv,OK,103.9,2026-09-06T21:00:00+00:00,291
Мужской,Xmuzhskoy,OK,104.65,2026-09-06T21:45:00+00:00,566
Наука 2.0,Xnauka-20,OK,109.15,2026-09-07T02:15:00+00:00,374
Моя Планета,Xmoya-planeta,OK,104.24,2026-09-06T21:20:00+00:00,378
Планета HD,Xmoya-planeta,OK,104.24,2026-09-06T21:20:00+00:00,378
Совершенно секретно,Xsovsek,OK,104.55,2026-09-06T21:39:00+00:00,304
Кто есть кто,Xkto-est-kto,OK,103.4,2026-09-06T20:30:00+00:00,315
История,Xistoria,OK,109.15,2026-09-07T02:15:00+00:00,280
365 дней ТВ,X365-dnej,OK,104.07,2026-09-06T21:10:00+00:00,295
Психология 21,Xpsixologia-21,OK,104.74,2026-09-06T21:50:00+00:00,504
Вопросы и ответы,Xvoprosy-i-otvety,OK,104.49,2026-09-06T21:35:00+00:00,281
360°,X360-podmoskovie,OK,109.4,2026-09-07T02:30:00+00:00,478
36.6 HD,X36-6-tv,OK,109.74,2026-09-07T02:50:00+00:00,823
Оружие,Xoruzhie,OK,104.65,2026-09-06T21:45:00+00:00,413
Terra,Xterra-ru,OK,104.82,2026-09-06T21:55:00+00:00,368
Terra HD,Xterra-ru,OK,104.82,2026-09-06T21:55:00+00:00,368
Домашние Животные,Xdomashnie-zhivotnye,OK,109.65,2026-09-07T02:45:00+00:00,696
Ocean TV,Xocean-tv,OK,107.9,2026-09-07T01:00:00+00:00,348
Sea TV HD,Xsea-tv,OK,104.24,2026-09-06T21:20:00+00:00,359
Galaxy,Xgalaxy-tv,OK,104.82,2026-09-06T21:55:00+00:00,350
Моя стихия,Xmorskoy,OK,104.22,2026-09-06T21:19:00+00:00,359
Телепутешествия,Xteleputeshestvia,OK,104.57,2026-09-06T21:40:00+00:00,365
В мире животных HD,Xv-mire-zhivotnyx-hd,OK,104.49,2026-09-06T21:35:00+00:00,302
Первый Космический HD,Xeureka-hd,OK,103.07,2026-09-06T20:10:00+00:00,350
Quiz TV,Xquiz-tv,OK,109.15,2026-09-07T02:15:00+00:00,257
Світло HD,Xepoque,OK,109.8,2026-09-07T02:54:00+00:00,368
Наука,Xnauka,OK,104.05,2026-09-06T21:09:00+00:00,377
Терра,Xterra,OK,104.47,2026-09-06T21:34:00+00:00,395
Фауна,Xfauna,OK,104.4,2026-09-06T21:30:00+00:00,370
Масон ТВ,Xmason-tv,OK,104.17,2026-09-06T21:16:00+00:00,458
Чемодан ТВ HD,Xchemodan,OK,109.4,2026-09-07T02:30:00+00:00,414
UTravel,Xutravel,OK,109.82,2026-09-07T02:55:00+00:00,469
CGTN Русский,Xcctv-ru,OK,103.4,2026-09-06T20:30:00+00:00,441
BOX Docu HD,Xbox-docu,OK,107.5,2026-09-07T00:36:00+00:00,232
BOX Travel HD,Xbox-travel,OK,83.79,2026-09-06T00:53:00+00:00,255
Curiosity Stream HD,Xcuriosity-stream,OK,104.65,2026-09-06T21:45:00+00:00,523
Nautical Channel,Xnautical-channel,OK,105.4,2026-09-06T22:30:00+00:00,422
ЕГЭ ТВ,Xege-tv,OK,104.57,2026-09-06T21:40:00+00:00,849
Кто Куда,Xmir-uvlecheniy,OK,104.49,2026-09-06T21:35:00+00:00,632
Драйв,Xdrive,OK,104.15,2026-09-06T21:15:00+00:00,475
Ключ,Xkluch,OK,109.4,2026-09-07T02:30:00+00:00,234
Т24,Xtexno-24,OK,108.65,2026-09-07T01:45:00+00:00,163
myZen.tv HD,Xmyzen-tv,OK,104.65,2026-09-06T21:45:00+00:00,297
RTG TV,Xrtg-tv,OK,110.9,2026-09-07T04:00:00+00:00,578
Зоопарк,Xzoopark,OK,104.32,2026-09-06T21:25:00+00:00,245
Пёс и Ко,Xpes-i-ko,OK,109.4,2026-09-07T02:30:00+00:00,145
MM Открытия HD,Xminimax-otkritiya,OK,111.29,2026-09-07T04:23:00+00:00,555
Museum 4K,Xmuseum-4k,OK,104.49,2026-09-06T21:35:00+00:00,347
Глазами туриста 4K,Xglazami-turista-4k,OK,83.59,2026-09-06T00:41:00+00:00,359
Quadro 4K,Xquadro4k,OK,103.9,2026-09-06T21:00:00+00:00,327
RAZ 1,Xraz1,OK,109.57,2026-09-07T02:40:00+00:00,269
RAZ 2,Xraz2,OK,109.24,2026-09-07T02:20:00+00:00,217
Gulli,Xgulli-girl,OK,104.29,2026-09-06T21:23:00+00:00,409
Jim Jam,Xjimjam,OK,105.85,2026-09-06T22:57:00+00:00,1289
Duck TV,Xducktv,OK,107.87,2026-09-07T00:58:00+00:00,5249
Tiji TV,Xtiji,OK,104.09,2026-09-06T21:11:00+00:00,584
СТС kids,Xsts-kids-hd,OK,106.12,2026-09-06T23:13:00+00:00,1281
СТС Kids HD,Xsts-kids-hd,OK,106.12,2026-09-06T23:13:00+00:00,1281
Cartoon Network,XCartoon.Network.ro,OK,56.15,2026-09-04T21:15:00+00:00,412
Cartoon Classics,Xcartoon-classics,OK,104.82,2026-09-06T21:55:00+00:00,1004
NIKI Kids,Xniki-kids,OK,104.79,2026-09-06T21:53:00+00:00,1274
NIKI Junior,Xniki-junior,OK,104.87,2026-09-06T21:58:00+00:00,1283
Детский мир,Xdetsky-mir,OK,104.82,2026-09-06T21:55:00+00:00,1299
Уникум,Xdetsky,OK,104.49,2026-09-06T21:35:00+00:00,736
Лёва HD,Xliova,OK,109.57,2026-09-07T02:40:00+00:00,661
Пингвин Лоло,Xpingvin-lolo,OK,104.74,2026-09-06T21:50:00+00:00,1219
BCU Мультсериал,Xbcu-multserial,OK,107.3,2026-09-07T00:24:00+00:00,626
BCU Kids+ HD,Xbcu-kids-plus,OK,104.8,2026-09-06T21:54:00+00:00,128
BCU Kids 4K,Xbcu-kids-4k,OK,107.07,2026-09-07T00:10:00+00:00,154
BCU Little HD,Xbcu-little,OK,107.82,2026-09-07T00:55:00+00:00,1626
KBC-Союзмультзал,X39798,OK,94.26,2026-09-06T11:21:20+00:00,465
KBC-Family Animation HD,X38589,OK,94.3,2026-09-06T11:23:31+00:00,99
YOSSO TV Kids,Xyosso-kids,OK,82.77,2026-09-05T23:52:00+00:00,157
Kids TV,Xkidstv,OK,104.87,2026-09-06T21:58:00+00:00,1162
Умка,Xumka,OK,107.82,2026-09-07T00:55:00+00:00,1703
Карусель,Xkarusel,OK,104.32,2026-09-06T21:25:00+00:00,217
Мульт,Xmult,OK,107.9,2026-09-07T01:00:00+00:00,152
Мультимания,Xmultimania,OK,106.65,2026-09-06T23:45:00+00:00,104
СуперГерои,Xmalysh,OK,104.54,2026-09-06T21:38:00+00:00,1106
В гостях у сказки,Xv-gostiax-u-skazki,OK,104.82,2026-09-06T21:55:00+00:00,1084
Пиксель HD,Xpixel,OK,108.9,2026-09-07T02:00:00+00:00,413
Пиксель,Xpixel,OK,108.9,2026-09-07T02:00:00+00:00,413
Плюс Плюс,Xplusplus,OK,109.57,2026-09-07T02:40:00+00:00,342
Da Vinci Learning,Xda-vinci,OK,104.8,2026-09-06T21:54:00+00:00,970
Ani,Xani,OK,105.9,2026-09-06T23:00:00+00:00,95
Cine+ Kids,Xcine-plus-kids,OK,107.15,2026-09-07T00:15:00+00:00,157
Капитан Фантастика,Xginger-hd,OK,104.62,2026-09-06T21:43:00+00:00,794
2x2,X2na2,OK,104.57,2026-09-06T21:40:00+00:00,646
KinoKazka,Xkinokazka,OK,103.65,2026-09-06T20:45:00+00:00,293
Мама,Xmama,OK,108.15,2026-09-07T01:15:00+00:00,271
Чижик,Xchizhik,OK,104.7,2026-09-06T21:48:00+00:00,391
Радость моя,Xradost-moya,OK,102.9,2026-09-06T20:00:00+00:00,271
Детское кино HD,Xdetskoe-kino,OK,104.87,2026-09-06T21:58:00+00:00,2280
О!,Xo_,OK,103.24,2026-09-06T20:20:00+00:00,181
ТипТоп HD,Xtiptop,OK,104.8,2026-09-06T21:54:00+00:00,305
Cartoons 90,Xcartoons-90,OK,107.75,2026-09-07T00:51:00+00:00,609
Cartoons Short,Xcartoons-short,OK,107.82,2026-09-07T00:55:00+00:00,1879
Cartoons Big,Xcartoons-big,OK,106.89,2026-09-06T23:59:00+00:00,152
FAN HD,Xfanhd,OK,109.82,2026-09-07T02:55:00+00:00,245
BOX Anime HD,Xbox-anime,OK,107.37,2026-09-07T00:28:00+00:00,136
BOX M.Serial HD,Xbox-m-serial,OK,107.67,2026-09-07T00:46:00+00:00,730
MM Walt Disney HD,Xminimax-walt-disney,OK,110.99,2026-09-07T04:05:00+00:00,639
CineMan KIDS 4K,Xcineman-kids4k,OK,107.3,2026-09-07T00:24:00+00:00,195
КВН ТВ,Xkvn-tv,OK,102.9,2026-09-06T20:00:00+00:00,134
ТВОЁ ТВ HD - ЮМОР,Xtvoetv-humor,OK,112.5,2026-09-07T05:36:00+00:00,265
ТВОЁ ТВ HD,Xtvoyo-tv-hd,OK,14.9,2026-09-03T04:00:00+00:00,108
Luxury HD,Xluxury-hd,OK,104.4,2026-09-06T21:30:00+00:00,366
Зал суда,Xzal-suda,OK,109.37,2026-09-07T02:28:00+00:00,324
НТВ Право,Xntv-pravo,OK,104.32,2026-09-06T21:25:00+00:00,253
Бобер,Xbobior,OK,104.4,2026-09-06T21:30:00+00:00,155
Закон,Xzakon-tv,OK,104.79,2026-09-06T21:53:00+00:00,297
8 канал,X8kanal-eu,OK,109.74,2026-09-07T02:50:00+00:00,342
Fashion TV HD,Xfashion-tv,OK,103.9,2026-09-06T21:00:00+00:00,223
FashionBox,Xfashionbox-hd,OK,104.4,2026-09-06T21:30:00+00:00,281
Доктор,Xdoktor,OK,104.65,2026-09-06T21:45:00+00:00,324
Здоровое ТВ,Xzdorovoe-tv,OK,104.74,2026-09-06T21:50:00+00:00,603
Театр,Xteatr,OK,19.49,2026-09-03T08:35:00+00:00,121
Кухня ТВ,Xkuxnia-tv,OK,104.4,2026-09-06T21:30:00+00:00,546
FoodTime,Xeda-hd,OK,104.57,2026-09-06T21:40:00+00:00,508
Первый вегетарианский,Xpervy-vegetariansky,OK,104.49,2026-09-06T21:35:00+00:00,614
Союз,Xsoyuz,OK,104.4,2026-09-06T21:30:00+00:00,856
Ретро,Xretro-tv,OK,103.9,2026-09-06T21:00:00+00:00,272
ТБН,Xtbn-ru,OK,103.99,2026-09-06T21:05:00+00:00,428
Успех,Xuspex,OK,104.74,2026-09-06T21:50:00+00:00,478
Ностальгия,Xnostalgia,OK,108.9,2026-09-07T02:00:00+00:00,305
Живи!,Xzhivi,OK,103.9,2026-09-06T21:00:00+00:00,473
Сарафан,Xsarafan,OK,108.99,2026-09-07T02:05:00+00:00,252
Телеканал СПАС,Xspas,OK,109.07,2026-09-07T02:10:00+00:00,266
EWTN Украина,Xewtn-ua,OK,104.74,2026-09-06T21:50:00+00:00,522
English Club TV,Xenglish-club-tv,OK,105.65,2026-09-06T22:45:00+00:00,1523
CNN,Xcnn,OK,105.9,2026-09-06T23:00:00+00:00,268
CNBC,Xcnbc-europe,OK,109.4,2026-09-07T02:30:00+00:00,402
Euronews EN,Xeuronews-en,OK,108.47,2026-09-07T01:34:00+00:00,880
Bloomberg,Xbloomberg,OK,105.4,2026-09-06T22:30:00+00:00,241
RT Doc,Xrtd-ru,OK,104.4,2026-09-06T21:30:00+00:00,460
Мир 24,Xmir-24,OK,109.65,2026-09-07T02:45:00+00:00,808
France 24,Xfrance-24,OK,105.75,2026-09-06T22:51:00+00:00,1042
Дождь,Xdozhd,OK,108.57,2026-09-07T01:40:00+00:00,447
OstWest,Xostwest,OK,105.4,2026-09-06T22:30:00+00:00,361
OstWest24,Xostwest24,OK,104.4,2026-09-06T21:30:00+00:00,329
Жара HD,Xzhara,OK,102.07,2026-09-06T19:10:00+00:00,204
Жара,Xzhara,OK,102.07,2026-09-06T19:10:00+00:00,204
МУЗ,Xmuztv,OK,107.9,2026-09-07T01:00:00+00:00,231
Fon Music,Xtnt-music,OK,104.4,2026-09-06T21:30:00+00:00,223
Европа Плюс ТВ,Xeuropa-plus-tv,OK,103.9,2026-09-06T21:00:00+00:00,287
Megogo Live HD,Xmegogo-live,OK,102.9,2026-09-06T20:00:00+00:00,117
Bridge TV hits,Xbridge-tv-dance,OK,113.9,2026-09-07T07:00:00+00:00,46
Bridge TV Rock,Xbridge-tv-rock,OK,111.9,2026-09-07T05:00:00+00:00,68
Bridge TV Classic,Xbridge-tv-classic,OK,111.9,2026-09-07T05:00:00+00:00,48
Bridge TV Deluxe,Xbridge-hd,OK,110.9,2026-09-07T04:00:00+00:00,232
Bridge TV,Xbridge-tv,OK,113.07,2026-09-07T06:10:00+00:00,99
Bridge TV Шлягер,Xbridge-tv-shlager,OK,122.9,2026-09-07T16:00:00+00:00,42
360 Tune Box HD,X360-tunebox,OK,103.9,2026-09-06T21:00:00+00:00,225
InRating TV HD,Xinrating,OK,103.74,2026-09-06T20:50:00+00:00,124
Muzvar HD,Xmuzwar,OK,108.9,2026-09-07T02:00:00+00:00,230
Trace Latina,Xtrace-latina-fr,OK,104.9,2026-09-06T22:00:00+00:00,169
Mezzo,Xmezzo,OK,104.4,2026-09-06T21:30:00+00:00,162
Mezzo Live HD,Xmezzo-live-hd,OK,102.9,2026-09-06T20:00:00+00:00,167
Шансон ТВ,Xshanson-tv,OK,103.15,2026-09-06T20:15:00+00:00,153
Мультимузыка,Xmultimuzyka,OK,108.9,2026-09-07T02:00:00+00:00,337
RU.TV,Xru-tv-by,OK,104.9,2026-09-06T22:00:00+00:00,149
Музыка,Xmuzyka-pervogo,OK,101.4,2026-09-06T18:30:00+00:00,209
Music Box,Xmusicbox,OK,104.4,2026-09-06T21:30:00+00:00,430
M1 HD,Xm1-ua,OK,103.9,2026-09-06T21:00:00+00:00,71
M2 HD,Xm2-ua,OK,102.9,2026-09-06T20:00:00+00:00,46
О2ТВ,Xo2tv,OK,103.9,2026-09-06T21:00:00+00:00,117
Ля-минор,Xla-minor,OK,103.9,2026-09-06T21:00:00+00:00,99
Bridge TV русский хит,Xbridge-tv-ruxit,OK,112.9,2026-09-07T06:00:00+00:00,54
MCM Top,Xmcm-top,OK,100.9,2026-09-06T18:00:00+00:00,47
Black,Xsony-turbo,OK,104.82,2026-09-06T21:55:00+00:00,240
Страна FM,Xradio-strana-fm-tv,OK,101.9,2026-09-06T19:00:00+00:00,181
Stars.TV,Xstars-tv,OK,108.9,2026-09-07T02:00:00+00:00,83
Матур ТВ,Xmatur-tv,OK,105.9,2026-09-06T23:00:00+00:00,72
Первый Музыкальный BY,Xonemuz,OK,111.9,2026-09-07T05:00:00+00:00,116
4Fun Kids,X4fun-gold,OK,108.9,2026-09-07T02:00:00+00:00,188
4Fun Dance,X4fun-dance,OK,108.9,2026-09-07T02:00:00+00:00,109
4fun.TV,X4fun,OK,108.9,2026-09-07T02:00:00+00:00,159
Eska TV HD,Xeskatv,OK,109.9,2026-09-07T03:00:00+00:00,384
Eska Rock TV HD,Xeskatv-rock,OK,109.9,2026-09-07T03:00:00+00:00,136
KBC-НАШ ROCK,X39824,OK,95.84,2026-09-06T12:56:19+00:00,85
YOSSO TV Music Hits,Xyosso-musichits,OK,63.37,2026-09-05T04:28:00+00:00,62
BOX Music 4K,Xbox-music-4k,OK,104.94,2026-09-06T22:02:00+00:00,129
M6 Music,Xm6-music-fr,OK,54.24,2026-09-04T19:20:00+00:00,59
Vantage Music,Xvantage-music,OK,113.9,2026-09-07T07:00:00+00:00,158
Vantage Dance,Xvantage-dance,OK,126.9,2026-09-07T20:00:00+00:00,34
Vantage Rock,Xvantage-rock,OK,118.9,2026-09-07T12:00:00+00:00,26
Vantage Classic,Xvantage-classic,OK,116.9,2026-09-07T10:00:00+00:00,96
Беларусь 1,Xbelarus1,OK,105.19,2026-09-06T22:17:00+00:00,242
Беларусь 2,Xbelarus2,OK,104.99,2026-09-06T22:05:00+00:00,181
Беларусь 3,Xbelarus3,OK,104.57,2026-09-06T21:40:00+00:00,207
Беларусь 5,Xbelarus5,OK,104.82,2026-09-06T21:55:00+00:00,127
БелРос HD,Xbelros,OK,108.57,2026-09-07T01:40:00+00:00,277
Беларусь 24,Xbelarus24,OK,103.74,2026-09-06T20:50:00+00:00,419
РТР HD,Xrtr-belarus,OK,104.4,2026-09-06T21:30:00+00:00,212
СТВ,Xstv-by,OK,105.82,2026-09-06T22:55:00+00:00,229
ОНТ,Xont-by,OK,106.4,2026-09-06T23:30:00+00:00,221
Спорт ТВ [BY],Xsport-tv-by,OK,102.49,2026-09-06T19:35:00+00:00,95
8 канал Беларусь,X8kanal-by,OK,107.9,2026-09-07T01:00:00+00:00,236
НТВ Беларусь,Xntv-belarus,OK,104.15,2026-09-06T21:15:00+00:00,266
Мир Беларусь HD,Xmir,OK,109.32,2026-09-07T02:25:00+00:00,249
ТВ3 Беларусь,Xtv3-by,OK,104.4,2026-09-06T21:30:00+00:00,141
Звязда,Xzvyazda-by,OK,108.99,2026-09-07T02:05:00+00:00,268
СкиФ Витебск,Xskif-vitebsk,OK,104.9,2026-09-06T22:00:00+00:00,122
Яснае ТВ HD,Xminsk-tv,OK,108.57,2026-09-07T01:40:00+00:00,593
Витебск,Xvitebsk,OK,105.15,2026-09-06T22:15:00+00:00,328
Первый Информационный HD,Xpervy-info-by,OK,109.32,2026-09-07T02:25:00+00:00,866
TV1 HD,Xtv1-lt,OK,103.82,2026-09-06T20:55:00+00:00,233
2TV HD,Xliuks,OK,103.9,2026-09-06T21:00:00+00:00,79
TV3 HD,Xtv3-lv,OK,104.74,2026-09-06T21:50:00+00:00,256
TV6 HD,Xtv6-lv,OK,102.9,2026-09-06T20:00:00+00:00,261
TV8 HD,Xtv8-lt,OK,101.9,2026-09-06T19:00:00+00:00,246
LTV1,Xltv1,OK,104.65,2026-09-06T21:45:00+00:00,371
LTV7,Xltv7,OK,104.49,2026-09-06T21:35:00+00:00,261
BTV HD,Xbtv,OK,104.24,2026-09-06T21:20:00+00:00,213
LNK HD,Xlnk,OK,103.07,2026-09-06T20:10:00+00:00,230
LRT HD,Xlrt-tv,OK,104.4,2026-09-06T21:30:00+00:00,351
Lietuvos ryto TV HD,Xlietuvos-ryto-televizija,OK,101.4,2026-09-06T18:30:00+00:00,280
TV3 Plus,Xtv3-plus-lt,OK,100.24,2026-09-06T17:20:00+00:00,260
LRT Plius HD,Xlrt-kultura,OK,103.65,2026-09-06T20:45:00+00:00,289
Balticum TV HD,Xbalticum-tv,OK,101.9,2026-09-06T19:00:00+00:00,204
Balticum Platinum HD,Xbalticum-platinum,OK,101.9,2026-09-06T19:00:00+00:00,196
Balticum Auksinis HD,Xbalticum-auksinis,OK,101.9,2026-09-06T19:00:00+00:00,103
Info TV HD,Xinfo-tv,OK,103.9,2026-09-06T21:00:00+00:00,276
Delfi TV HD,Xdelfi-tv,OK,102.07,2026-09-06T19:10:00+00:00,316
Viasat Kino World HD,Xtv1000-premium,OK,104.57,2026-09-06T21:40:00+00:00,112
Filmzone Plus HD,Xfilmzone-lt,OK,100.9,2026-09-06T18:00:00+00:00,122
Filmzone HD,Xfilmzone-lt,OK,100.9,2026-09-06T18:00:00+00:00,122
Epic Drama,Xepik-drama,OK,108.99,2026-09-07T02:05:00+00:00,194
Go3 Films HD,Xtv1000-premium,OK,104.57,2026-09-06T21:40:00+00:00,112
Kidzone Max HD,Xkidzone,OK,106.9,2026-09-07T00:00:00+00:00,574
Sport 1 HD,X18e7a585715561d4bb2606977deb20f6,OK,86.9,2026-09-06T04:00:00+00:00,99
Go3 Sport 1 HD,tvplay-sports,OK,104.65,2026-09-06T21:45:00+00:00,93
Go3 Sport 2 HD,tvplay-sports-plus,OK,104.49,2026-09-06T21:35:00+00:00,84
Go3 Sport 3 HD,Xtv3-sport-3,OK,102.9,2026-09-06T20:00:00+00:00,130
Go3 Sport Open HD,tv3-sport-open,OK,101.99,2026-09-06T19:05:00+00:00,94
Movify Kino,Xmovify-kino,OK,102.72,2026-09-06T19:49:00+00:00,130
Re TV,ReTV.lv@SD,OK,109.49,2026-09-07T02:35:00+00:00,366
Sea TV,Xsea-tv,OK,104.24,2026-09-06T21:20:00+00:00,359
TV3 Life,Xlnt,OK,103.07,2026-09-06T20:10:00+00:00,215
TV6,Xtv6-lv,OK,102.9,2026-09-06T20:00:00+00:00,261
LTV1 HD,Xltv1,OK,104.65,2026-09-06T21:45:00+00:00,371
LTV7 HD,Xltv7,OK,104.49,2026-09-06T21:35:00+00:00,261
TV3 Plus HD,X3-plus-latvia,OK,109.74,2026-09-07T02:50:00+00:00,218
TV3 Life HD,Xlnt,OK,103.07,2026-09-06T20:10:00+00:00,215
STV Pirma!,Xstv-pirma!,OK,102.99,2026-09-06T20:05:00+00:00,191
360 TV HD,X360-lv,OK,104.65,2026-09-06T21:45:00+00:00,371
Kidzone Mini HD,Xkidzone,OK,106.9,2026-09-07T00:00:00+00:00,574
Re:TV HD,Xre-tv,OK,109.49,2026-09-07T02:35:00+00:00,366
LRT Lituanica,Xlrt-lituanica,OK,101.9,2026-09-06T19:00:00+00:00,249
BTV,Xbtv,OK,104.24,2026-09-06T21:20:00+00:00,213
ETV,Xetv-ee,OK,105.49,2026-09-06T22:35:00+00:00,268
ETV 2,Xetv2-ee,OK,104.99,2026-09-06T22:05:00+00:00,435
ETV+ HD,Xetv-plus-ee,OK,105.15,2026-09-06T22:15:00+00:00,246
Kanal 2,Xkanal-2-ee,OK,105.32,2026-09-06T22:25:00+00:00,223
TV3,Xtv3-ee,OK,105.82,2026-09-06T22:55:00+00:00,228
Viasat Kino,Xtv1000-cee,OK,108.15,2026-09-07T01:15:00+00:00,122
Duo 3,Xsony-channel-ee,OK,105.4,2026-09-06T22:30:00+00:00,209
Duo 5,Xkanal-12-ee,OK,104.15,2026-09-06T21:15:00+00:00,112
Duo 4,Xkanal-11-ee,OK,105.32,2026-09-06T22:25:00+00:00,185
Eesti Kanal,Xeesti-kanal,OK,105.65,2026-09-06T22:45:00+00:00,259
RTL HD DE,Xrtl,OK,110.82,2026-09-07T03:55:00+00:00,232
RTL UHD,Xrtl,OK,110.82,2026-09-07T03:55:00+00:00,232
RTL UP HD,X76722,OK,82.9,2026-09-06T00:00:00+00:00,101
RTL Live HD DE,X76673,OK,82.9,2026-09-06T00:00:00+00:00,107
RTL Crime HD DE,X76700,OK,82.9,2026-09-06T00:00:00+00:00,106
RTL Passion HD,X76804,OK,82.9,2026-09-06T00:00:00+00:00,141
Sat.1 HD DE,Xsat1,OK,110.65,2026-09-07T03:45:00+00:00,215
SAT.1 Gold HD,X76716,OK,82.9,2026-09-06T00:00:00+00:00,106
Sky Sport Austria HD DE,Xsky-sport-aus,OK,98.9,2026-09-06T16:00:00+00:00,160
Sky Sports F1 HD,Xsky-sports-f1,OK,107.9,2026-09-07T01:00:00+00:00,265
Sky Sport Top Event HD,X10675,OK,82.9,2026-09-06T00:00:00+00:00,45
Sky Sport Golf HD,Xsky-sports-golf,OK,110.9,2026-09-07T04:00:00+00:00,156
Sky Sport 1 HD DE,Xsky-sport-hd1,OK,105.4,2026-09-06T22:30:00+00:00,201
Sky Sport Mix,X10785,OK,82.9,2026-09-06T00:00:00+00:00,65
Sky Sport Tennis HD,X10634,OK,58.9,2026-09-05T00:00:00+00:00,27
ORF SPORT+,X76756,OK,82.9,2026-09-06T00:00:00+00:00,89
ESports 1,XeSports1.de,OK,38.99,2026-09-04T04:05:00+00:00,19
Sport 1+,XSPORT1+.de,OK,37.9,2026-09-04T03:00:00+00:00,51
Eurosport 1 HD,X76619,OK,82.9,2026-09-06T00:00:00+00:00,33
SAT.1 emotions HD,Xtnt-serie-de,OK,110.15,2026-09-07T03:15:00+00:00,294
Sky Crime,X10908,OK,82.9,2026-09-06T00:00:00+00:00,111
Sky One HD,X401732,OK,82.9,2026-09-06T00:00:00+00:00,109
Sky Showcase HD,X10918,OK,82.9,2026-09-06T00:00:00+00:00,99
Sky Nature,X10640,OK,82.9,2026-09-06T00:00:00+00:00,97
Sky Documentaries,X10620,OK,82.9,2026-09-06T00:00:00+00:00,98
Sky Krimi HD,X76663,OK,82.9,2026-09-06T00:00:00+00:00,85
Sky Cinema Premieren HD,Xsky-cinema-premieren,OK,110.4,2026-09-07T03:30:00+00:00,128
Sky Cinema Family HD,Xsky-cinema-family,OK,110.15,2026-09-07T03:15:00+00:00,133
Sky Cinema Action HD,Xsky-cinema-action,OK,109.49,2026-09-07T02:35:00+00:00,125
Sky Cinema Highlights,X321554,OK,82.9,2026-09-06T00:00:00+00:00,42
Sky Atlantic HD DE,Xsky-atlantic,OK,110.74,2026-09-07T03:50:00+00:00,293
Comedy Central HD DE,X76742,OK,82.9,2026-09-06T00:00:00+00:00,188
Universal TV HD DE,X76662,OK,82.9,2026-09-06T00:00:00+00:00,111
NOW HD,X76694,OK,82.9,2026-09-06T00:00:00+00:00,24
VOX HD DE,Xvox,OK,110.57,2026-09-07T03:40:00+00:00,245
Warner TV Serie HD,X76806,OK,82.9,2026-09-06T00:00:00+00:00,105
Warner TV Comedy HD,X76679,OK,82.9,2026-09-06T00:00:00+00:00,212
Warner TV Film HD,X76645,OK,82.9,2026-09-06T00:00:00+00:00,42
One HD,X991623,OK,59.57,2026-09-05T00:40:00+00:00,135
Phoenix HD,X76649,OK,82.9,2026-09-06T00:00:00+00:00,106
Geo Television HD,X76800,OK,82.9,2026-09-06T00:00:00+00:00,84
Discovery HD DE,X76686,OK,82.9,2026-09-06T00:00:00+00:00,104
Kabel Eins Doku HD,X76715,OK,82.9,2026-09-06T00:00:00+00:00,105
Toggo HD,X76767,OK,82.9,2026-09-06T00:00:00+00:00,198
Toggo Plus HD,X76789,OK,82.9,2026-09-06T00:00:00+00:00,208
Cartoon Network DE,X76763,OK,82.9,2026-09-06T00:00:00+00:00,396
Disney HD DE,X76786,OK,82.9,2026-09-06T00:00:00+00:00,163
Jukebox,X76615,OK,82.9,2026-09-06T00:00:00+00:00,28
Das Erste HD,X76674,OK,82.9,2026-09-06T00:00:00+00:00,116
arte HD DE,Xarte-hd,OK,110.65,2026-09-07T03:45:00+00:00,267
ZDFinfo HD,X76718,OK,82.9,2026-09-06T00:00:00+00:00,114
ZDFneo HD,X76739,OK,82.9,2026-09-06T00:00:00+00:00,114
ZDF HD DE,Xzdf,OK,110.74,2026-09-07T03:50:00+00:00,328
SIXX HD DE,X76614,OK,82.9,2026-09-06T00:00:00+00:00,96
Kabel Eins HD,Xkabel-1,OK,110.4,2026-09-07T03:30:00+00:00,248
Kabel Eins classic HD,X76725,OK,82.9,2026-09-06T00:00:00+00:00,52
ProSieben HD DE,Xprosieben,OK,108.9,2026-09-07T02:00:00+00:00,311
ProSieben Maxx HD DE,Xprosieben-maxx,OK,110.65,2026-09-07T03:45:00+00:00,445
NITRO HD,X76787,OK,82.9,2026-09-06T00:00:00+00:00,103
Romance TV DE,X76624,OK,82.9,2026-09-06T00:00:00+00:00,67
3 Sat HD DE,X76682,OK,82.9,2026-09-06T00:00:00+00:00,130
NDR HD DE,X76748,OK,82.9,2026-09-06T00:00:00+00:00,146
SWR Fernsehen RP HD,X76693,OK,82.9,2026-09-06T00:00:00+00:00,124
HR HD DE,X76648,OK,82.9,2026-09-06T00:00:00+00:00,137
Bibel TV HD,X76794,OK,82.9,2026-09-06T00:00:00+00:00,183
Anixe HD DE,X76745,OK,82.9,2026-09-06T00:00:00+00:00,117
Motorvision TV DE,X76630,OK,82.9,2026-09-06T00:00:00+00:00,137
ORF 2 HD,X76616,OK,82.9,2026-09-06T00:00:00+00:00,171
ORF 3 HD,X76734,OK,82.9,2026-09-06T00:00:00+00:00,91
ATV DE,X76810,OK,82.9,2026-09-06T00:00:00+00:00,101
ATV 2 DE,X76638,OK,82.9,2026-09-06T00:00:00+00:00,71
KIKA HD DE,X76680,OK,82.9,2026-09-06T00:00:00+00:00,145
Crime + Investigation,X76667,OK,82.9,2026-09-06T00:00:00+00:00,100
QVC HD,X76697,OK,82.9,2026-09-06T00:00:00+00:00,80
QVC ZWEI HD,X76618,OK,82.9,2026-09-06T00:00:00+00:00,80
DF1 HD,X182674,OK,82.9,2026-09-06T00:00:00+00:00,96
RiC NEU,X76731,OK,82.9,2026-09-06T00:00:00+00:00,114
oe24.TV HD,X100304,OK,178.9,2026-09-10T00:00:00+00:00,266
Heimatkanal,X76675,OK,82.9,2026-09-06T00:00:00+00:00,80
1-2-3.tv HD,X123.tv.de,OK,40.9,2026-09-04T06:00:00+00:00,65
HSE Extra HD,X76737,OK,82.9,2026-09-06T00:00:00+00:00,80
Channel 9 HD,Xערוץ.9.שידור.חי.il,OK,34.99,2026-09-04T00:05:00+00:00,94
Keshet 12 HD,X991603,OK,58.99,2026-09-05T00:05:00+00:00,185
Reshet 13 HD,X991604,OK,60.07,2026-09-05T01:10:00+00:00,237
now 14 HD,X991622,OK,61.9,2026-09-05T03:00:00+00:00,167
Channel 24,X991612,OK,37.4,2026-09-04T02:30:00+00:00,273
Kan 11 HD,X991576,OK,59.2,2026-09-05T00:18:00+00:00,223
Hot Cinema 1 HD,X991584,OK,60.35,2026-09-05T01:27:00+00:00,92
Hot Cinema 2 HD,X991585,OK,59.44,2026-09-05T00:32:00+00:00,102
Hot Cinema 3 HD,X991586,OK,59.62,2026-09-05T00:43:00+00:00,107
Hot Cinema 4 HD,X991587,OK,60.09,2026-09-05T01:11:00+00:00,99
Hot 3 HD,X991599,OK,59.45,2026-09-05T00:33:00+00:00,257
Hot 8 HD,Xערוץ.8.שידור.חי.il,OK,35.49,2026-09-04T00:35:00+00:00,74
BollyWood HD,XBollywood.Series.il,OK,104.65,2026-09-06T21:45:00+00:00,96
HOT Zone HD,X991583,OK,59.55,2026-09-05T00:39:00+00:00,255
Yam Tiсhoni HD,X991600,OK,59.05,2026-09-05T00:09:00+00:00,233
Hop!,X991589,OK,58.9,2026-09-05T00:00:00+00:00,769
One 2 HD,X991784,OK,59.12,2026-09-05T00:13:00+00:00,153
Sport 2 HD,X991796,OK,60.07,2026-09-05T01:10:00+00:00,180
Sport 3 HD,X991788,OK,59.57,2026-09-05T00:40:00+00:00,134
Sport 4 HD,X991783,OK,58.99,2026-09-05T00:05:00+00:00,145
Sport 5 HD,X991606,OK,59.07,2026-09-05T00:10:00+00:00,179
Sport 5 Stars HD,X991790,OK,59.49,2026-09-05T00:35:00+00:00,111
Sport 5 Plus HD,X991605,OK,59.07,2026-09-05T00:10:00+00:00,163
Sport 5 Live HD,X991593,OK,58.99,2026-09-05T00:05:00+00:00,130
Home+,X991573,OK,59.12,2026-09-05T00:13:00+00:00,242
Super!,Xsuperplus,OK,107.27,2026-09-07T00:22:00+00:00,301
Travel XP,Xtravel-xp-hd,OK,104.4,2026-09-06T21:30:00+00:00,451
Polsat HD,Xpolsat,OK,110.57,2026-09-07T03:40:00+00:00,205
Polsat 2,Xpolsat2,OK,110.65,2026-09-07T03:45:00+00:00,291
TVP Polonia,Xtvp-polonia,OK,110.82,2026-09-07T03:55:00+00:00,399
TVN Siedem HD,XTVN.7.HD.pl,OK,63.9,2026-09-05T05:00:00+00:00,114
TVP 1 HD,Xtvp1,OK,110.32,2026-09-07T03:25:00+00:00,336
TVP 2 HD,Xtvp2,OK,110.49,2026-09-07T03:35:00+00:00,264
TVP 3 HD,Xtvp3,OK,110.65,2026-09-07T03:45:00+00:00,473
TVP Kultura,Xtvp-kultura,OK,110.32,2026-09-07T03:25:00+00:00,212
TVP Rozrywka,XTVP.Rozrywka.pl,OK,64.07,2026-09-05T05:10:00+00:00,181
TV4 HD PL,Xtv4-pl,OK,110.32,2026-09-07T03:25:00+00:00,250
TV6 HD PL,Xtv6-pl,OK,110.32,2026-09-07T03:25:00+00:00,243
BBC Lifestyle HD,XBBC.Lifestyle.HD.pl,OK,64.74,2026-09-05T05:50:00+00:00,122
BBC Brit HD,XBBC.Brit.HD.pl,OK,64.65,2026-09-05T05:45:00+00:00,119
13 Ulica HD,X13ulica-pl,OK,110.15,2026-09-07T03:15:00+00:00,162
TVN 24 HD,Xtvn24-pl,OK,110.57,2026-09-07T03:40:00+00:00,405
TVP INFO HD,Xtvp-info,OK,110.59,2026-09-07T03:41:00+00:00,760
Polsat News,Xpolsat-news,OK,110.57,2026-09-07T03:40:00+00:00,367
Polsat News 2,Xpolsat-news-2,OK,109.9,2026-09-07T03:00:00+00:00,297
Polsat Film HD PL,Xpolsat-film,OK,110.82,2026-09-07T03:55:00+00:00,185
TVP Seriale HD,Xtvp-seriale,OK,110.57,2026-09-07T03:40:00+00:00,296
Ale Kino+ HD,Xale-kino-plus,OK,110.07,2026-09-07T03:10:00+00:00,170
AMC HD PL,XAMC.HD.pl,OK,65.24,2026-09-05T06:20:00+00:00,68
Polsat Play HD PL,Xpolsat-play,OK,109.9,2026-09-07T03:00:00+00:00,345
Polsat Cafe HD PL,Xpolsat-cafe,OK,109.9,2026-09-07T03:00:00+00:00,259
E! Entertainment,XE!.Entertainment.HD.pl,OK,64.74,2026-09-05T05:50:00+00:00,130
TeleToon+ HD,Xteletoon-pl,OK,109.24,2026-09-07T02:20:00+00:00,783
Romance TV HD,XRomance.TV.HD.pl,OK,65.32,2026-09-05T06:25:00+00:00,70
Warner TV,Xwarner-pl,OK,110.07,2026-09-07T03:10:00+00:00,199
Kino TV HD,Xkino-tv-pl,OK,110.57,2026-09-07T03:40:00+00:00,146
Cinemax HD,Xcinemax,OK,109.32,2026-09-07T02:25:00+00:00,145
Cinemax 2 HD,Xcinemax2,OK,109.57,2026-09-07T02:40:00+00:00,133
CANAL+ Film HD,Xcanal-pl-film,OK,110.32,2026-09-07T03:25:00+00:00,181
CANAL+ Family HD,Xcanal-pl-family,OK,110.82,2026-09-07T03:55:00+00:00,251
CANAL+ Seriale HD,Xcanal-pl-seriale,OK,110.74,2026-09-07T03:50:00+00:00,293
CANAL+ Premium HD,Xcanal-pl-premium,OK,110.74,2026-09-07T03:50:00+00:00,177
FilmBox Action HD PL,Xfilmbox-action-pl,OK,108.99,2026-09-07T02:05:00+00:00,126
FilmBox Family HD PL,Xfilmbox-family-pl,OK,109.49,2026-09-07T02:35:00+00:00,142
FilmBox Premium HD PL,Xfilmbox-premium-pl,OK,110.65,2026-09-07T03:45:00+00:00,123
FilmBox Extra HD PL,Xfilmbox-extra-pl,OK,109.57,2026-09-07T02:40:00+00:00,137
HBO HD,XHBO.HD.ro,OK,57.09,2026-09-04T22:11:00+00:00,53
HBO2 HD,Xhbo2-hd,OK,109.99,2026-09-07T03:05:00+00:00,144
HBO3 HD,Xhbo3-hd,OK,110.32,2026-09-07T03:25:00+00:00,187
WP HD,XWP.pl,OK,63.9,2026-09-05T05:00:00+00:00,147
SciFi HD,XSCI.FI.HD.pl,OK,63.99,2026-09-05T05:05:00+00:00,107
Planete+ HD PL,Xplanete-pl,OK,110.4,2026-09-07T03:30:00+00:00,307
Polsat Viasat Nature HD,Xpolsat-viasat-nature,OK,110.82,2026-09-07T03:55:00+00:00,248
Discovery Channel HD PL,Xdiscovery-channel-pl,OK,109.9,2026-09-07T03:00:00+00:00,231
Discovery Life HD PL,Xdiscovery-life-pl,OK,110.65,2026-09-07T03:45:00+00:00,281
Discovery History HD PL,Xdiscovery-historia-pl,OK,110.4,2026-09-07T03:30:00+00:00,259
ID Investigation Discovery PL,XID.HD.pl,OK,63.9,2026-09-05T05:00:00+00:00,123
History 2 HD,Xh2-pl,OK,109.99,2026-09-07T03:05:00+00:00,248
History HD,Xhistory-pl,OK,110.49,2026-09-07T03:35:00+00:00,263
TVP Historia HD,Xtvp-historia,OK,110.32,2026-09-07T03:25:00+00:00,264
CANAL+ Kuchnia HD,Xcanal-pl-kuchnia,OK,110.82,2026-09-07T03:55:00+00:00,381
Sport Klub PL,Xsportklub-pl,OK,108.9,2026-09-07T02:00:00+00:00,141
TVP Sport HD,Xtvp-sport,OK,109.4,2026-09-07T02:30:00+00:00,158
Eleven Sports 1 4K,Xeleven-sports-1,OK,109.9,2026-09-07T03:00:00+00:00,205
Eleven Sports 1 HD,Xeleven-sports-1,OK,109.9,2026-09-07T03:00:00+00:00,205
Eleven Sports 2 HD,Xeleven-sports-2,OK,109.9,2026-09-07T03:00:00+00:00,175
Eleven Sports 3 HD,Xeleven-sports-3,OK,109.9,2026-09-07T03:00:00+00:00,209
CANAL+ Sport 1 HD PL,Xcanal-pl-sport-1,OK,110.24,2026-09-07T03:20:00+00:00,157
CANAL+ Sport 3 HD PL,Xcanal-pl-sport-3,OK,109.4,2026-09-07T02:30:00+00:00,156
CANAL+ Sport 4 HD PL,Xcanal-pl-sport-4,OK,109.4,2026-09-07T02:30:00+00:00,125
CANAL+ Sport 5 HD PL,Xcanal-pl-sport-5,OK,109.69,2026-09-07T02:47:00+00:00,125
Eurosport 1 HD PL,Xeurosport1-pl,OK,109.9,2026-09-07T03:00:00+00:00,114
Eurosport 2 HD PL,Xeurosport2-pl,OK,109.9,2026-09-07T03:00:00+00:00,128
FightBox HD,Xfightbox-hd,OK,107.15,2026-09-07T00:15:00+00:00,110
Motowizija,Xmotowizja-pl,OK,110.4,2026-09-07T03:30:00+00:00,312
Extreme Sport,Xextreme-sports,OK,104.4,2026-09-06T21:30:00+00:00,201
Polsat Sport,Xpolsat-sport,OK,106.9,2026-09-07T00:00:00+00:00,101
Polsat Sport 2,Xpolsat-sport-extra,OK,107.9,2026-09-07T01:00:00+00:00,101
Polsat Sport 3,Xpolsat-sport-extra,OK,107.9,2026-09-07T01:00:00+00:00,101
Polsat Sport Premium 1 HD,Xpolsat-sport-pr1,OK,105.9,2026-09-06T23:00:00+00:00,116
Polsat Sport Premium 2 HD,Xpolsat-sport-pr2,OK,105.9,2026-09-06T23:00:00+00:00,140
Polsat Sport Premium 3 HD,Xpolsat-sport-pr3,OK,105.9,2026-09-06T23:00:00+00:00,91
Polsat Sport Premium 4 HD,Xpolsat-sport-pr4,OK,105.9,2026-09-06T23:00:00+00:00,79
Polsat Sport Premium 5 HD,Xpolsat-sport-pr5,OK,105.9,2026-09-06T23:00:00+00:00,73
Polsat Games HD,Xpolsat-games,OK,110.4,2026-09-07T03:30:00+00:00,356
Polsat Sport Fight,Xpolsat-sport-fight,OK,111.49,2026-09-07T04:35:00+00:00,148
Zoom TV,XZOOM.TV.HD.pl,OK,63.9,2026-09-05T05:00:00+00:00,119
Polo TV,XPolo.TV.HD.pl,OK,63.9,2026-09-05T05:00:00+00:00,138
Sundance HD,Xsundance-pl,OK,110.82,2026-09-07T03:55:00+00:00,177
Puls 2 HD,XPULS.2.HD.pl,OK,63.9,2026-09-05T05:00:00+00:00,257
Polsat Music HD,Xpolsat-music,OK,109.9,2026-09-07T03:00:00+00:00,231
Paramount Network,Xparamount-network-pl,OK,109.99,2026-09-07T03:05:00+00:00,145
1 TV,X1TV_GE,OK,127.82,2026-09-07T20:55:00+00:00,129
Imedi TV,Ximedi,OK,106.65,2026-09-06T23:45:00+00:00,112
Palitra News,XPalitra_news,OK,102.9,2026-09-06T20:00:00+00:00,478
GDS TV,XGDS,OK,110.9,2026-09-07T04:00:00+00:00,87
Adjara TV,XAdjara,OK,132.4,2026-09-08T01:30:00+00:00,133
Pirveli,XTVPirveli,OK,110.9,2026-09-07T04:00:00+00:00,85
Rustavi 2,XRustavi2,OK,110.9,2026-09-07T04:00:00+00:00,59
Comedy Arkhi,XComedyArkhi,OK,134.9,2026-09-08T04:00:00+00:00,62
Formula,XFormula,OK,102.99,2026-09-06T20:05:00+00:00,159
Marao,XMarao,OK,102.9,2026-09-06T20:00:00+00:00,63
Ertsulovneba,XErtsulovneba,OK,108.9,2026-09-07T02:00:00+00:00,272
BMG,XBMG,OK,102.9,2026-09-06T20:00:00+00:00,358
Euronews Georgia,XEURONEWS_GE,OK,62.9,2026-09-05T04:00:00+00:00,70
Silk Universal,XSilk_Universal,OK,63.49,2026-09-05T04:35:00+00:00,76
Setanta Sports 2,XSetanta Sports 2,OK,132.9,2026-09-08T02:00:00+00:00,69
Moldova 1 HD,Xmoldova-1,OK,108.74,2026-09-07T01:50:00+00:00,568
Moldova 2 HD,Xmoldova-2,OK,109.74,2026-09-07T02:50:00+00:00,471
N4,Xn4,OK,104.4,2026-09-06T21:30:00+00:00,154
ARTE,Xarte-hd,OK,110.65,2026-09-07T03:45:00+00:00,267
FashionBox HD,Xfashionbox-hd,OK,104.4,2026-09-06T21:30:00+00:00,281
bTV,XbTV.bg,OK,31.57,2026-09-03T20:40:00+00:00,78
Kino Nova HD,XKinoNova.bg,OK,30.74,2026-09-03T19:50:00+00:00,46
bTV Action,XbTV.Action.bg,OK,29.9,2026-09-03T19:00:00+00:00,89
bTV Comedy,XbTV.Comedy.bg,OK,31.9,2026-09-03T21:00:00+00:00,141
bTV Cinema,XbTV.Cinema.bg,OK,31.4,2026-09-03T20:30:00+00:00,69
Nat Geo Wild,XNat.Geo.Wild.bg,OK,31.32,2026-09-03T20:25:00+00:00,131
Diema Sport,XDIEMA.SPORT.bg,OK,104.65,2026-09-06T21:45:00+00:00,152
Diema Sport 2,XDIEMA.SPORT.2.bg,OK,103.9,2026-09-06T21:00:00+00:00,140
Diema Sport 3,XDIEMA.SPORT.3.bg,OK,104.57,2026-09-06T21:40:00+00:00,163
Nickelodeon,XNickelodeon.bg,OK,31.89,2026-09-03T20:59:00+00:00,255
Love Nature HD,Xlove-nature-4k,OK,107.32,2026-09-07T00:25:00+00:00,257
Acasa Gold,XAcasa.Gold.ro,OK,55.9,2026-09-04T21:00:00+00:00,77
Acasa HD,XAcasa.ro,OK,55.9,2026-09-04T21:00:00+00:00,75
Alfa omega HD,XAlfa.Omega.TV.ro,OK,31.9,2026-09-03T21:00:00+00:00,167
Antena 1,XAntena.1.ro,OK,32.15,2026-09-03T21:15:00+00:00,46
Antena 3 HD RO,XAntena.3.CNN.ro,OK,32.4,2026-09-03T21:30:00+00:00,74
Antena 3,XAntena.3.CNN.ro,OK,32.4,2026-09-03T21:30:00+00:00,74
Antena stars,XAntena.Stars.ro,OK,31.9,2026-09-03T21:00:00+00:00,39
Kanal D HD RO,XKanal.D.HD.ro,OK,57.9,2026-09-04T23:00:00+00:00,50
Kanal D,XKanal.D.ro,OK,33.9,2026-09-03T23:00:00+00:00,51
Credo TV,XCredo.TV.ro,OK,31.9,2026-09-03T21:00:00+00:00,177
Digi sport 1 HD,XDigi.Sport.1.HD.ro,OK,55.9,2026-09-04T21:00:00+00:00,143
Digi sport 2 HD,XDigi.Sport.2.HD.ro,OK,57.65,2026-09-04T22:45:00+00:00,67
Digi24,XDigi.24.HD.ro,OK,31.9,2026-09-03T21:00:00+00:00,49
Discovery,XDiscovery.Channel.ro,OK,55.9,2026-09-04T21:00:00+00:00,99
Disney channel,XDisney.Channel.ro,OK,56.15,2026-09-04T21:15:00+00:00,200
Disney Junior,XDisney.Junior.ro,OK,56.15,2026-09-04T21:15:00+00:00,328
Duck,XDuck.TV.HD.ro,OK,55.9,2026-09-04T21:00:00+00:00,2046
E! Entertainment HD RO,XE!.Entertainment.HD.ro,OK,55.9,2026-09-04T21:00:00+00:00,97
Etho,XEtno.TV.HD.ro,OK,59.9,2026-09-05T01:00:00+00:00,49
Emi HD,XEMI.TV.HD.ro,OK,56.9,2026-09-04T22:00:00+00:00,35
Sport Extra HD,XSport.Extra.ro,OK,33.15,2026-09-03T22:15:00+00:00,124
Film Cafe,XFILM.CAFE.HD.ro,OK,56.24,2026-09-04T21:20:00+00:00,48
Happy Channel,XHappy.Channel.HD.ro,OK,57.65,2026-09-04T22:45:00+00:00,75
HBO2,XHBO.2.ro,OK,32.82,2026-09-03T21:55:00+00:00,54
HBO3,XHBO.3.ro,OK,55.99,2026-09-04T21:05:00+00:00,71
IDXtra HD,XID.Investigation.Discovery.HD.ro,OK,55.9,2026-09-04T21:00:00+00:00,91
CineMax 2 RO,XCinemax.2.HD.ro,OK,57.07,2026-09-04T22:10:00+00:00,49
Kiss,XKiss.TV.ro,OK,65.9,2026-09-05T07:00:00+00:00,28
Minimax,XMinimax.ro,OK,56.15,2026-09-04T21:15:00+00:00,231
Mooz Dance HD,XMooz.Dance.ro,OK,55.9,2026-09-04T21:00:00+00:00,19
HIT Music Channel,XH!T.Music.Channel.ro,OK,55.9,2026-09-04T21:00:00+00:00,51
Music Channel,XMusic.Channel.ro,OK,55.9,2026-09-04T21:00:00+00:00,81
Nat Geo Willd HD,XNational.Geographic.Wild.HD.ro,OK,55.9,2026-09-04T21:00:00+00:00,89
National TV,XNational.TV.ro,OK,33.15,2026-09-03T22:15:00+00:00,97
National 24 Plus,XNational.24.Plus.ro,OK,31.9,2026-09-03T21:00:00+00:00,145
Kontra HD,XKontra.gr,OK,57.99,2026-09-04T23:05:00+00:00,46
Attica,XATTICA.gr,OK,56.4,2026-09-04T21:30:00+00:00,96
Alert,XALERT.gr,OK,56.07,2026-09-04T21:10:00+00:00,100
HBO HU,XHBO.hu,OK,33.92,2026-09-03T23:01:00+00:00,55
HBO 2 HU,XHBO.2.hu,OK,33.59,2026-09-03T22:41:00+00:00,55
HBO 3 HU,XHBO.3.hu,OK,33.4,2026-09-03T22:30:00+00:00,71
HirTV HU,XHIR.TV.hu,OK,32.9,2026-09-03T22:00:00+00:00,101
History HU,XHistory.Channel.hu,OK,33.74,2026-09-03T22:50:00+00:00,119
Jocky TV HU,XJocky.TV.hu,OK,33.57,2026-09-03T22:40:00+00:00,96
Moziverzum HU,XMoziverzum.hu,OK,33.4,2026-09-03T22:30:00+00:00,48
Spektrum HU,XSpektrum.hu,OK,32.9,2026-09-03T22:00:00+00:00,106
Cool HU,XCool.TV.hu,OK,33.82,2026-09-03T22:55:00+00:00,91
Film Cafe HU,XFilm.Café.hu,OK,33.82,2026-09-03T22:55:00+00:00,55
RTL HU,XRTL.hu,OK,33.24,2026-09-03T22:20:00+00:00,83
Spiler TV HU,XSpíler1.TV.hu,OK,32.9,2026-09-03T22:00:00+00:00,132
TV2 HU,XTV2.hu,OK,33.15,2026-09-03T22:15:00+00:00,85
Viasat Nature HU,XViasat.Nature.hu,OK,32.9,2026-09-03T22:00:00+00:00,111
Minimax HU,XMinimax.hu,OK,32.9,2026-09-03T22:00:00+00:00,279
Nicktoons HU,XNicktoons.hu,OK,33.24,2026-09-03T22:20:00+00:00,265
Nickelodeon HU,XNickelodeon.hu,OK,32.99,2026-09-03T22:05:00+00:00,235
SuperTV2 HU,XSuper.TV2.hu,OK,34.15,2026-09-03T23:15:00+00:00,90
Izaura TV HU,XIzaura.TV.hu,OK,33.74,2026-09-03T22:50:00+00:00,103
Muzsika TV HU,XMuzsika.TV.hu,OK,32.9,2026-09-03T22:00:00+00:00,95
Sorozat+ HU,XSorozat+.hu,OK,33.74,2026-09-03T22:50:00+00:00,92
RTL GOLD HU,XRTL.GOLD.hu,OK,33.65,2026-09-03T22:45:00+00:00,99
RTL KETTO HU,XRTL.KETTŐ.hu,OK,33.15,2026-09-03T22:15:00+00:00,189
RTL HAROM HU,XRTL.HÁROM.hu,OK,34.65,2026-09-03T23:45:00+00:00,42
Cinemax2 HU,XCinemax.2.hu,OK,32.99,2026-09-03T22:05:00+00:00,49
Auto Motor Sport HU,XAuto.Motor.Sport.TV.hu,OK,37.49,2026-09-04T02:35:00+00:00,239
Slager TV HU,XSláger.TV.hu,OK,33.9,2026-09-03T23:00:00+00:00,88
Film Mania HU,XFilm.Mánia.hu,OK,33.82,2026-09-03T22:55:00+00:00,61
Viasat Explore HD HU,XViasat.Explore.hu,OK,33.74,2026-09-03T22:50:00+00:00,93
Viasat History HU,XViasat.History.hu,OK,33.24,2026-09-03T22:20:00+00:00,84
Life TV HU,XLifeTv.hu,OK,33.4,2026-09-03T22:30:00+00:00,72
Animal Planet HU,XAnimal.Planet.HD.hu,OK,32.9,2026-09-03T22:00:00+00:00,100
Discovery HU,XDiscovery.Channel.hu,OK,32.9,2026-09-03T22:00:00+00:00,108
ID Investigation Discovery HU,XID:.Investigation.Discovery.hu,OK,32.9,2026-09-03T22:00:00+00:00,89
Nat Geo Wild HU,XNational.Geographic.Wild.HD.hu,OK,32.9,2026-09-03T22:00:00+00:00,94
Dikh TV HU,XDikh.TV.hu,OK,31.82,2026-09-03T20:55:00+00:00,101
Spektrum Home HU,XSpektrum.Home.hu,OK,33.07,2026-09-03T22:10:00+00:00,116
Arena4 HU,XAréna4.hu,OK,32.9,2026-09-03T22:00:00+00:00,50
Cartoon Network HU,XCartoon.Network.hu,OK,33.07,2026-09-03T22:10:00+00:00,416
Duna HU,XDuna.TV.hu,OK,32.99,2026-09-03T22:05:00+00:00,200
M4 HU,Xm4.hu,OK,12.24,2026-09-03T01:20:00+00:00,60
Love Nature HD HU,XLove.Nature.hu,OK,33.49,2026-09-03T22:35:00+00:00,102
Film+ HU,XFilm+.hu,OK,35.57,2026-09-04T00:40:00+00:00,42
Magyar Mozi TV HU,XMagyar.Mozi.TV.hu,OK,33.65,2026-09-03T22:45:00+00:00,59
Mozi+ HU,XMozi+.hu,OK,34.82,2026-09-03T23:55:00+00:00,45
Sport 1 HU,XSport1.hu,OK,34.4,2026-09-03T23:30:00+00:00,52
Sport 2 HU,XSport2.hu,OK,33.4,2026-09-03T22:30:00+00:00,61
Spiler 2 HU,XSpíler2.TV.hu,OK,32.99,2026-09-03T22:05:00+00:00,122
m1 HU,Xm1.HD.hu,OK,32.9,2026-09-03T22:00:00+00:00,172
m2 Petofi HU,Xm2.HD.hu,OK,33.32,2026-09-03T22:25:00+00:00,377
MATCH4 HD HU,XMatch.4.hu,OK,33.4,2026-09-03T22:30:00+00:00,45
Eurosport HU,XEurosport.HD.hu,OK,33.65,2026-09-03T22:45:00+00:00,44
Eurosport 2 HU,XEurosport.2.HD.hu,OK,33.9,2026-09-03T23:00:00+00:00,50
Nova Sport 1 HD,X07ceb1ac6be64075dded2510c27e0c6e,OK,107.9,2026-09-07T01:00:00+00:00,169
Nova Sport 2 HD,X366a88cf3a4bab603ef6408966546e71,OK,107.9,2026-09-07T01:00:00+00:00,125
Nova Sport 5 HD,X7845ca0015c718657d785b311edf5079,OK,106.9,2026-09-07T00:00:00+00:00,127
Arena Sport 2 HD,X29310a006ce41c9fb5cca14f333849fb,OK,80.9,2026-09-05T22:00:00+00:00,193
JOJ Sport HD,Xeacbd3c220de39cfa7c855755d1291cf,OK,88.4,2026-09-06T05:30:00+00:00,76
CANAL+ Sport (SK),Xba551cee37d621f3a459d798ae881e5e,OK,87.9,2026-09-06T05:00:00+00:00,132
Ketnet,XKetnet.be,OK,39.99,2026-09-04T05:05:00+00:00,412
VTM 2 HD,XVTM.2.be,OK,42.4,2026-09-04T07:30:00+00:00,61
VTM 3,XVTM.3.be,OK,41.9,2026-09-04T07:00:00+00:00,59
VTM 4,XVTM.4.be,OK,39.9,2026-09-04T05:00:00+00:00,61
24Kitchen,X24Kitchen.nl,OK,58.99,2026-09-05T00:05:00+00:00,173
CANAL+ Action,XCanal+.Action.nl,OK,60.99,2026-09-05T02:05:00+00:00,76
Disney Channel,XDisney.Channel.nl,OK,59.07,2026-09-05T00:10:00+00:00,248
Film1 Action,XFilm1.Action.nl,OK,60.4,2026-09-05T01:30:00+00:00,62
Film1 Drama,XFilm1.Drama.nl,OK,60.32,2026-09-05T01:25:00+00:00,56
Film1 Family,XFilm1.Family.nl,OK,59.15,2026-09-05T00:15:00+00:00,62
History NL,XHISTORY.nl,OK,58.99,2026-09-05T00:05:00+00:00,151
Love Nature HD BNL,XLove.Nature.nl,OK,58.9,2026-09-05T00:00:00+00:00,94
NPO1 HD,XNPO.1.nl,OK,59.15,2026-09-05T00:15:00+00:00,239
NPO2 HD,XNPO.2.nl,OK,59.24,2026-09-05T00:20:00+00:00,189
NPO3 HD,XNPO.3.nl,OK,58.9,2026-09-05T00:00:00+00:00,376
National Geographic Wild,XNational.Geographic.nl,OK,59.07,2026-09-05T00:10:00+00:00,120
ONS,XONS.nl,OK,58.9,2026-09-05T00:00:00+00:00,123
Omroep Brabant Televisie,XOmroep.Brabant.nl,OK,63.59,2026-09-05T04:41:00+00:00,214
Omrop Fryslan Televisie,XOmrop.Fryslân.nl,OK,62.9,2026-09-05T04:00:00+00:00,154
RTL Z,XRTL.Z.nl,OK,59.24,2026-09-05T00:20:00+00:00,277
RTL4 HD,XRTL.4.nl,OK,59.07,2026-09-05T00:10:00+00:00,191
RTL5 HD,XRTL.5.nl,OK,64.4,2026-09-05T05:30:00+00:00,73
RTL7 HD,XRTL.7.nl,OK,58.9,2026-09-05T00:00:00+00:00,98
RTL8 HD,XRTL.8.nl,OK,58.9,2026-09-05T00:00:00+00:00,57
Star Channel,XSTAR.Channel.nl,OK,59.24,2026-09-05T00:20:00+00:00,118
VRT 1,XVRT.1.nl,OK,62.9,2026-09-05T04:00:00+00:00,187
Viaplay TV,XViaplay.TV.nl,OK,59.4,2026-09-05T00:30:00+00:00,89
ESPN 2 HD,XESPN.2.nl,OK,59.07,2026-09-05T00:10:00+00:00,141
ESPN 4 HD,XESPN.4.nl,OK,58.9,2026-09-05T00:00:00+00:00,111
Ziggo Sport 2,XZiggo.Sport.2.nl,OK,60.4,2026-09-05T01:30:00+00:00,100
Ziggo Sport 6,XZiggo.Sport.6.nl,OK,58.9,2026-09-05T00:00:00+00:00,69
Arte HD,Xarte-hd,OK,110.65,2026-09-07T03:45:00+00:00,267
BBC Cbeebies HD,Xbbc-four-uk,OK,110.07,2026-09-07T03:10:00+00:00,144
BBC Three,Xbbc-3-uk,OK,110.82,2026-09-07T03:55:00+00:00,176
BBC Two HD,Xbbc-2-uk,OK,110.74,2026-09-07T03:50:00+00:00,233
Comedy Central HD,X76742,OK,82.9,2026-09-06T00:00:00+00:00,188
Sky Cinema Premiere HD,Xsky-cinema-premieren,OK,110.4,2026-09-07T03:30:00+00:00,128
Crime Investigation HD,X76667,OK,82.9,2026-09-06T00:00:00+00:00,100
Discovery HD,Xdiscovery-channel,OK,106.9,2026-09-07T00:00:00+00:00,272
КТК,Xktk-kz,OK,108.74,2026-09-07T01:50:00+00:00,151
Saryarqa,Xsaryarqa,OK,102.65,2026-09-06T19:45:00+00:00,229
CNN Türk HD,Xcnn-turk,OK,77.65,2026-09-05T18:45:00+00:00,92
TRT 2,Xtrt-2-hd,OK,56.4,2026-09-04T21:30:00+00:00,262
TRT Haber HD,Xtrt-haber-hd,OK,8.9,2026-09-02T22:00:00+00:00,110
TRT Avaz,Xtrt-avaz,OK,8.9,2026-09-02T22:00:00+00:00,263
Kanal D HD,Xkanal-d-hd,OK,75.9,2026-09-05T17:00:00+00:00,70
Star TV HD TR,Xstar-tv-hd-tr,OK,28.9,2026-09-03T18:00:00+00:00,38
Armenia 1,Xh1-am,OK,109.9,2026-09-07T03:00:00+00:00,295
Blue Hustler TV,Xblue-hustler,OK,105.65,2026-09-06T22:45:00+00:00,280
Hustler HD,Xhustler-hd,OK,104.9,2026-09-06T22:00:00+00:00,201
Hustler TV,Xhustler-hd,OK,104.9,2026-09-06T22:00:00+00:00,201
Playboy,Xplayboy-tv,OK,104.45,2026-09-06T21:33:00+00:00,623
Eroxxx HD,Xeroxxxhd,OK,110.57,2026-09-07T03:40:00+00:00,221
Brazzers TV HD,Xbrazzers-tv-europe,OK,105.52,2026-09-06T22:37:00+00:00,611
Brazzers TV Europe,Xbrazzers-tv-europe,OK,105.52,2026-09-06T22:37:00+00:00,611
Barely Legal,Xbarely-legal,OK,105.74,2026-09-06T22:50:00+00:00,170
Babes TV HD,Xbabes-tv,OK,103.09,2026-09-06T20:11:00+00:00,186
Red Lips,Xredlips,OK,104.67,2026-09-06T21:46:00+00:00,687
Vivid Red HD,Xvivid-red,OK,110.57,2026-09-07T03:40:00+00:00,261
Dorcel HD,Xdorcel,OK,110.87,2026-09-07T03:58:00+00:00,177
Private TV,Xprivate-tv,OK,107.65,2026-09-07T00:45:00+00:00,97
Русская Ночь,Xrusskaya-noch,OK,103.4,2026-09-06T20:30:00+00:00,154
Redlight HD,Xredlight-hd,OK,103.94,2026-09-06T21:02:00+00:00,158
Eromania 4K,Xeromania4k,OK,58.9,2026-09-05T00:00:00+00:00,134
YOSSO TV SEXY,Xyosso-sexy,OK,63.45,2026-09-05T04:33:00+00:00,131
KBC+100500 (18+),X42052,OK,95.87,2026-09-06T12:58:00+00:00,552
Shopping Live,X	shopping-live,OK,103.9,2026-09-06T21:00:00+00:00,167
Конкурент.Україна,Xkonkurent-ua,OK,108.9,2026-09-07T02:00:00+00:00,260
24 Украина HD,24news-ua,OK,104.9,2026-09-06T22:00:00+00:00,223
СуперМама,supermama,OK,107.25,2026-09-07T00:21:00+00:00,191
Суспільне Полтава,suspilne-poltava,OK,108.82,2026-09-07T01:55:00+00:00,168
Первый городской Одесса,pervy-gorodskoy-odessa,OK,107.32,2026-09-07T00:25:00+00:00,102
РАІ,Xraiua,OK,103.4,2026-09-06T20:30:00+00:00,445
Сварожичи,svarozhichi,OK,104.9,2026-09-06T22:00:00+00:00,43
СК1,ck1-ua,OK,101.9,2026-09-06T19:00:00+00:00,21
Наш Кинопоказ HD,Xnash-kinopokaz,OK,103.82,2026-09-06T20:55:00+00:00,113
4ever Theater HD,X4ever-theater,OK,7.0,2026-09-02T20:06:00+00:00,17
4ever Cinema HD,X4ever-cinema,OK,6.79,2026-09-02T19:53:00+00:00,17
4ever Drama HD,X4ever-drama,OK,6.69,2026-09-02T19:47:00+00:00,18
Киножелезо HD,okko-tv,OK,106.25,2026-09-06T23:21:00+00:00,331
Детское Кино International,detkinoint-tviksel,OK,74.04,2026-09-05T15:08:00+00:00,97
Кино 1 international,kino1int-tviksel,OK,106.82,2026-09-06T23:55:00+00:00,110
Окко ТВ H,Xbubokko-tv,OK,106.25,2026-09-06T23:21:00+00:00,331
Тайна,tayna,OK,108.49,2026-09-07T01:35:00+00:00,171
Киноман,kinosat,OK,104.24,2026-09-06T21:20:00+00:00,102
Киносезон,kinosezon,OK,103.97,2026-09-06T21:04:00+00:00,166
Кино и Жизнь,kino-i-zhizn,OK,32.4,2026-09-03T21:30:00+00:00,102
Kino 2 HD,kino2-tviksel,OK,106.7,2026-09-06T23:48:00+00:00,96
Патриот,patriot,OK,103.49,2026-09-06T20:35:00+00:00,93
Смотрим 100% Классика,smotrim-100-klassika,OK,107.74,2026-09-07T00:50:00+00:00,119
Смотрим 100% Любовь,smotrim-100-lubov,OK,108.49,2026-09-07T01:35:00+00:00,110
Смотрим 100% Факты,smotrim-100-fakty,OK,110.09,2026-09-07T03:11:00+00:00,315
Смотрим 100% Мужское,smotrim-100-muzhskoe,OK,110.07,2026-09-07T03:10:00+00:00,158
Смотрим 100% Праздник,smotrim-100-prazdnik,OK,109.49,2026-09-07T02:35:00+00:00,130
Смотрим 100% Детское,smotrim-100-detskoe,OK,109.82,2026-09-07T02:55:00+00:00,368
Военное кино,voenkino-tviksel,OK,106.95,2026-09-07T00:03:00+00:00,105
Мы,myy,OK,107.15,2026-09-07T00:15:00+00:00,385
Timeless Dizi Channel,timeless-dizi,OK,104.65,2026-09-06T21:45:00+00:00,217
9-1-1 HD,suspense,OK,107.57,2026-09-07T00:40:00+00:00,166
BCU Cinema HD,Xbcu-cinema,OK,105.25,2026-09-06T22:21:00+00:00,87
BCU CINEMA+ HD,Xbcu-cinemaplus,OK,104.77,2026-09-06T21:52:00+00:00,98
BCU Marvel,Xbcu-marvel,OK,106.39,2026-09-06T23:29:00+00:00,79
BCU Russian HD,Xbcu-russian,OK,107.09,2026-09-07T00:11:00+00:00,99
BCU Russia 90s HD,bcu-russia90s,OK,107.6,2026-09-07T00:42:00+00:00,338
BCU СССР HD,Xbcu-sssr,OK,107.32,2026-09-07T00:25:00+00:00,127
BCU Cosmo HD,Xbcu-cosmo,OK,106.54,2026-09-06T23:38:00+00:00,92
BCUMEDIA HD,bcu-media,OK,107.34,2026-09-07T00:26:00+00:00,100
BCU Premiere 1 HDR,bcu-kinozal-prem-1,OK,107.6,2026-09-07T00:42:00+00:00,107
BCU NEW MEDIA 2,bcu-action,OK,102.87,2026-09-06T19:58:00+00:00,92
BCU Premiere 2 HDR,bcu-kinozal-prem-2,OK,105.4,2026-09-06T22:30:00+00:00,73
BCU Comedy OLD,bcu-comedy,OK,107.54,2026-09-07T00:38:00+00:00,100
BCU Cosmo HDR,bcu-cosmo,OK,106.54,2026-09-06T23:38:00+00:00,92
BCU_UTIFY_1_HDR,bcu-comedy,OK,107.54,2026-09-07T00:38:00+00:00,100
BCU_UTIFY_2_HD,bcu-catastrophe,OK,104.6,2026-09-06T21:42:00+00:00,83
BCU_UTIFY_3_HD,bcu-history,OK,105.67,2026-09-06T22:46:00+00:00,71
VeleS Криминальный,veles-criminal,EXPIRING_SOON,3.89,2026-09-02T16:59:00+00:00,32
VeleS Наше Кино,veles-our-cinema,OK,63.62,2026-09-05T04:43:00+00:00,69
VeleS Комедия,veles-comedy,OK,82.5,2026-09-05T23:36:00+00:00,93
VeleS Триллер,veles-triller,OK,81.3,2026-09-05T22:24:00+00:00,88
VeleS Семейный,veles-family,OK,12.09,2026-09-03T01:11:00+00:00,47
VeleS Гоблин,veles-goblin,OK,28.67,2026-09-03T17:46:00+00:00,46
VeleS Киноплёнка,veles-kinoplenka,OK,51.07,2026-09-04T16:10:00+00:00,58
VeleS Киносерия,veles-kinoseries,OK,64.52,2026-09-05T05:37:00+00:00,168
VeleS Premiere,veles-premiere,OK,52.02,2026-09-04T17:07:00+00:00,60
VeleS Страшное,veles-strashnoe,EXPIRING_SOON,5.79,2026-09-02T18:53:00+00:00,43
VeleS СССР,veles-ussr,OK,58.99,2026-09-05T00:05:00+00:00,87
TvBoom.ViP,tvboomvip,OK,73.3,2026-09-05T14:24:00+00:00,78
Fresh Fantastic,Xfresh-fantastic,OK,101.3,2026-09-06T18:24:00+00:00,79
Fresh VHS,Xfresh-vhs,OK,101.72,2026-09-06T18:49:00+00:00,81
Fresh Rating,Xfresh-rating,OK,101.5,2026-09-06T18:36:00+00:00,79
Fresh Family,Xfresh-family,OK,101.0,2026-09-06T18:06:00+00:00,88
Fresh Premiere,Xfresh-premiere,OK,100.54,2026-09-06T17:38:00+00:00,82
Fresh Comedy,Xfresh-comedy,OK,101.65,2026-09-06T18:45:00+00:00,94
Fresh Kids,Xfresh-kids,OK,101.32,2026-09-06T18:25:00+00:00,100
Fresh Cinema,Xfresh-cinema,OK,100.82,2026-09-06T17:55:00+00:00,74
Fresh Horror,Xfresh-horror,OK,101.9,2026-09-06T19:00:00+00:00,96
Fresh Adventure,Xfresh-adventure,OK,101.8,2026-09-06T18:54:00+00:00,88
Fresh Romantic,Xfresh-romatic,OK,100.64,2026-09-06T17:44:00+00:00,92
Fresh Russian,Xfresh-russian,OK,100.95,2026-09-06T18:03:00+00:00,92
Fresh Thriller,Xfresh-thriller,OK,100.14,2026-09-06T17:14:00+00:00,83
YOSSO TV Grand,Xyosso-grand,OK,64.2,2026-09-05T05:18:00+00:00,63
Magic Premiere,Xmagic-premiere,OK,100.45,2026-09-06T17:33:00+00:00,86
Magic Adventure,Xmagic-adventure,OK,100.25,2026-09-06T17:21:00+00:00,80
Magic Russian,Xmagic-russian,OK,101.09,2026-09-06T18:11:00+00:00,100
Magic Action,Xmagic-action,OK,101.3,2026-09-06T18:24:00+00:00,85
Magic Comedy,Xmagic-comedy,OK,100.94,2026-09-06T18:02:00+00:00,90
Magic Family,Xmagic-family,OK,101.19,2026-09-06T18:17:00+00:00,96
Magic Galaxy,Xmagic-galaxy,OK,101.8,2026-09-06T18:54:00+00:00,95
Magic Horror,Xmagic-horror,OK,101.42,2026-09-06T18:31:00+00:00,93
Magic Karate,Xmagic-karate,OK,101.32,2026-09-06T18:25:00+00:00,91
Magic Love,Xmagic-love,OK,101.14,2026-09-06T18:14:00+00:00,85
Magic Thriller,Xmagic-thriller,OK,100.7,2026-09-06T17:48:00+00:00,87
Magic VHS,Xmagic-vhs,OK,102.1,2026-09-06T19:12:00+00:00,78
CineMan Дубляж СССР,cineman-dub-ssr,OK,107.89,2026-09-07T00:59:00+00:00,92
CineMan Комедийные сериалы,cineman-komseri,OK,107.65,2026-09-07T00:45:00+00:00,391
GL Невский,XGL Невский,OK,34.0,2026-09-03T23:06:00+00:00,118
TVPlay Indian Cinema,tvplay-indiancinema,STALE,-4.51,2026-09-02T08:35:00+00:00,21
TVPlay Игра Престолов HD,tvplay-igraprestolov,OK,62.55,2026-09-05T03:39:00+00:00,131
TVPlay Авторский перевод HD,tvplay-avtorskiyperevod,OK,45.34,2026-09-04T10:26:00+00:00,57
TVPlay АЛЬФ,tvplay-alf,EXPIRING_SOON,5.12,2026-09-02T18:13:00+00:00,160
TVPlay Космический,tvplay-kosmicheskiy,OK,39.34,2026-09-04T04:26:00+00:00,49
TVPlay Лихие 90е Сериал,tvplay-lihie90eserial,OK,22.39,2026-09-03T11:29:00+00:00,114
MM NewFilm 1 HD,Xminimax-newfilm1,OK,75.6,2026-09-05T16:42:00+00:00,81
Velilla TV Морские дьяволы HD,velillatvseadevils,OK,106.8,2026-09-06T23:54:00+00:00,207
Velilla TV Морские дьяволы 2 HD,velillatvseadevilsparttwo,OK,107.59,2026-09-07T00:41:00+00:00,209
Velilla TV Русский Сериал HD,velillaruserial,OK,107.4,2026-09-07T00:30:00+00:00,217
Velilla TV Русские Мелодрамы HD,velillarusmelodrama,OK,107.17,2026-09-07T00:16:00+00:00,208
Velilla TV Кухня + Отель «Элеон» HD,velillatvcocina,OK,107.52,2026-09-07T00:37:00+00:00,404
Velilla TV Домашний HD,velillatvdomashniy,OK,107.2,2026-09-07T00:18:00+00:00,103
Velilla TV Вестерн HD,velillatvwestern,OK,106.42,2026-09-06T23:31:00+00:00,97
Velilla TV Action War Films HD,actionwarfilms,OK,107.75,2026-09-07T00:51:00+00:00,155
Velilla TV Мосгаз HD,velillamosgaz,OK,107.42,2026-09-07T00:31:00+00:00,198
Velilla TV Бандитский Петербург,banditpiter,OK,107.52,2026-09-07T00:37:00+00:00,218
Velilla TV Элен и ребята,heleneetlesgarcons,OK,107.62,2026-09-07T00:43:00+00:00,426
Velilla TV Счастливы вместе,velillahappytogether,OK,107.5,2026-09-07T00:36:00+00:00,451
Velilla TV Ситком HD,velillatvsitcom,OK,107.77,2026-09-07T00:52:00+00:00,442
Velilla TV ИП Пирогова HD,velillatvpirogova,OK,107.8,2026-09-07T00:54:00+00:00,424
Velilla TV Новогодний,velillanewyear,OK,106.0,2026-09-06T23:06:00+00:00,88
Velilla TV Балабол HD,velilla-balabol,OK,107.55,2026-09-07T00:39:00+00:00,202
Velilla TV Cinema 4K,velilla4K,OK,106.37,2026-09-06T23:28:00+00:00,85
Velilla TV  The X - Files 4K,velillathexfiles4k,OK,107.55,2026-09-07T00:39:00+00:00,225
UFC ТВ HD,ufc,OK,100.9,2026-09-06T18:00:00+00:00,63
MMA-TV HD,m1global,OK,100.9,2026-09-06T18:00:00+00:00,72
Equalympic HD,X	no_epg_sport,OK,109.07,2026-09-07T02:10:00+00:00,101
Box Sport 11 Live 4K,box-sport-11-live,OK,34.57,2026-09-03T23:40:00+00:00,22
M+ Deportes ES,m-plus-deport-es,OK,111.4,2026-09-07T04:30:00+00:00,129
M+ Deportes 2 ES,m-plus-deport2-es,OK,109.24,2026-09-07T02:20:00+00:00,96
M+ Deportes 3 ES,m-plus-deport3-es,OK,104.99,2026-09-06T22:05:00+00:00,42
M+ Deportes 4 ES,m-plus-deport4-es,OK,106.99,2026-09-07T00:05:00+00:00,39
Arena Fight,arena-fight,OK,104.9,2026-09-06T22:00:00+00:00,207
Velilla TV World Cup 1966,worldcup1966,OK,106.92,2026-09-07T00:01:00+00:00,109
Velilla TV World Cup 1970,worldcup1970,OK,106.82,2026-09-06T23:55:00+00:00,107
Velilla TV World Cup 1974,worldcup1974,OK,107.1,2026-09-07T00:12:00+00:00,110
Velilla TV World Cup 1978,worldcup1978,OK,106.6,2026-09-06T23:42:00+00:00,108
Velilla TV World Cup 1982,worldcup1982,OK,107.45,2026-09-07T00:33:00+00:00,107
Velilla TV World Cup 1986,worldcup1986,OK,106.87,2026-09-06T23:58:00+00:00,105
Velilla TV World Cup 1998,worldcup1998,OK,107.55,2026-09-07T00:39:00+00:00,85
Velilla TV World Cup 1990,worldcup1990,OK,107.72,2026-09-07T00:49:00+00:00,101
Velilla TV World Cup 1994,worldcup1994,OK,106.52,2026-09-06T23:37:00+00:00,92
Velilla TV World Cup 2002,worldcup2002,OK,106.59,2026-09-06T23:41:00+00:00,89
Velilla TV World Cup 2006,worldcup2006,OK,106.85,2026-09-06T23:57:00+00:00,90
Velilla TV World Cup 2010,worldcup2010,OK,107.62,2026-09-07T00:43:00+00:00,91
Velilla TV World Cup 2014,worldcup2014,OK,107.19,2026-09-07T00:17:00+00:00,86
Velilla TV World Cup 2018,worldcup2018,OK,107.67,2026-09-07T00:46:00+00:00,91
Velilla TV World Cup 2022 HD,worldcup2022,OK,106.04,2026-09-06T23:08:00+00:00,84
Velilla TV World Cup 2026 HD,worldcup2026,OK,107.07,2026-09-07T00:10:00+00:00,79
Velilla TV EuroCup 1984,eurocup1984,OK,106.52,2026-09-06T23:37:00+00:00,94
Velilla TV EuroCup 1988,eurocup1988,OK,106.54,2026-09-06T23:38:00+00:00,100
Velilla TV EuroCup 1992,eurocup1992,OK,107.55,2026-09-07T00:39:00+00:00,102
Velilla TV EuroCup 1996,eurocup1996,OK,106.64,2026-09-06T23:44:00+00:00,79
Velilla TV EuroCup 2000,eurocup2000,OK,107.4,2026-09-07T00:30:00+00:00,92
Velilla TV EuroCup 2004,eurocup2004,OK,106.2,2026-09-06T23:18:00+00:00,89
Velilla TV EuroCup 2008 HD,eurocup2008,OK,107.85,2026-09-07T00:57:00+00:00,91
Velilla TV EuroCup 2012 HD,eurocup2012,OK,106.85,2026-09-06T23:57:00+00:00,88
Velilla TV EuroCup 2016 HD,eurocup2016,OK,105.42,2026-09-06T22:31:00+00:00,65
Velilla TV EuroCup 2020 HD,eurocup2020,OK,107.19,2026-09-07T00:17:00+00:00,78
Velilla TV EuroCup 2024 HD,eurocup2024,OK,106.9,2026-09-07T00:00:00+00:00,65
Velilla TV FIFA Club World Cup 2025 HD,fifaclubworldcup2025,OK,106.57,2026-09-06T23:40:00+00:00,86
Velilla TV Legendary Matches HD,velillalegendarymatches,OK,107.72,2026-09-07T00:49:00+00:00,94
FIFA+ HD (England),fifapluseng,OK,98.9,2026-09-06T16:00:00+00:00,93
Знаєм 24,znajem24,OK,107.74,2026-09-07T00:50:00+00:00,542
One Planet HD,Xone-planet,OK,109.49,2026-09-07T02:35:00+00:00,254
Magic Disney,Xmagic-disney,OK,100.67,2026-09-06T17:46:00+00:00,101
Lale,xlale,OK,57.9,2026-09-04T23:00:00+00:00,115
MM USSR Сказки HD,Xminimax-ussr-skazki,OK,111.0,2026-09-07T04:06:00+00:00,118
Velilla TV Детский HD,velillatvdetskiy,OK,107.77,2026-09-07T00:52:00+00:00,110
Velilla TV Том и Джерри HD,tomandjerry,OK,107.8,2026-09-07T00:54:00+00:00,1497
Три Ангела,Xtri-angela,OK,104.82,2026-09-06T21:55:00+00:00,621
Russia Today,Xrussia-today,OK,104.4,2026-09-06T21:30:00+00:00,832
4ever Music HD,X4ever-music,OK,111.9,2026-09-07T05:00:00+00:00,76
Classic Music HD,Xclassic-music,OK,103.97,2026-09-06T21:04:00+00:00,125
Наше music HD,Xnashe,OK,111.9,2026-09-07T05:00:00+00:00,88
EU Music HD,eu-music,OK,105.9,2026-09-06T23:00:00+00:00,43
Now Rock,now-rock,OK,109.9,2026-09-07T03:00:00+00:00,95
1HD Music,1hd,OK,104.4,2026-09-06T21:30:00+00:00,122
Music Box Dance,musicbox-dance,OK,104.9,2026-09-06T22:00:00+00:00,169
Music Box Classic,musicbox-classic,OK,104.9,2026-09-06T22:00:00+00:00,169
Music Box Hits,musicbox-hits,OK,104.9,2026-09-06T22:00:00+00:00,169
Music Box Sexy,musicbox-sexy,OK,104.9,2026-09-06T22:00:00+00:00,169
AIVA,aiva,OK,104.4,2026-09-06T21:30:00+00:00,334
МузТВ,muztv,OK,107.9,2026-09-07T01:00:00+00:00,179
Velilla TV Eurodance 90s,velillaeurodance90s,OK,107.34,2026-09-07T00:26:00+00:00,62
Velilla TV Russiandance 90s,velillarussiandance90s,OK,106.49,2026-09-06T23:35:00+00:00,75
Velilla TV Magenta Musik Festivals HD,magentamusik,OK,107.24,2026-09-07T00:20:00+00:00,180
Velilla TV Pop And Rock Concerts HD,velillapoprockconcerts,OK,105.92,2026-09-06T23:01:00+00:00,98
Velilla TV Hard And Heavy Concerts HD,velillahardheavyconcerts,OK,106.67,2026-09-06T23:46:00+00:00,103
Беларусь 4 Витебск,Xbelarus4,OK,105.15,2026-09-06T22:15:00+00:00,255
+TV,belviasat-plustv,OK,109.24,2026-09-07T02:20:00+00:00,139
Euronews,euronews,OK,108.47,2026-09-07T01:34:00+00:00,639
13th Street,X76766,OK,110.74,2026-09-07T03:50:00+00:00,234
WAIDWERK,waidwerk,OK,33.34,2026-09-03T22:26:00+00:00,192
Channel 12,channel-12-il,OK,85.49,2026-09-06T02:35:00+00:00,174
Channel 13,channel-13-il,OK,86.4,2026-09-06T03:30:00+00:00,195
Yes Movies Action HD,Xyes.Movies.Action.il,OK,104.75,2026-09-06T21:51:00+00:00,98
Yes Movies Comedy HD,Xyes.Movies.Comedy.il,OK,103.94,2026-09-06T21:02:00+00:00,98
Yes TV Comedy HD,Xyes.TV.Comedy.il,OK,104.85,2026-09-06T21:57:00+00:00,348
Yes TV Drama HD,Xyes.TV.Drama.il,OK,104.29,2026-09-06T21:23:00+00:00,208
Teledeporte HD ES,teledeporte-es,OK,108.9,2026-09-07T02:00:00+00:00,77
TVN Style HD,X	tvn-style-pl,OK,110.32,2026-09-07T03:25:00+00:00,179
TV PULS HD,tv-puls,OK,110.49,2026-09-07T03:35:00+00:00,163
Max Sport 1 HD,XMax.Sport.1.bg,OK,85.9,2026-09-06T03:00:00+00:00,82
Max Sport 2 HD,XMax.Sport.2.bg,OK,78.9,2026-09-05T20:00:00+00:00,87
Max Sport 3 HD,XMax.Sport.3.bg,OK,84.9,2026-09-06T02:00:00+00:00,91
Max Sport 4 HD,XMax.Sport.4.bg,OK,84.9,2026-09-06T02:00:00+00:00,89
Планета HD BG,XPlaneta.bg,OK,107.57,2026-09-07T00:40:00+00:00,419
Балканика,balkanika,OK,52.9,2026-09-04T18:00:00+00:00,61
TV 1000,XTV1000.ro,OK,104.07,2026-09-06T21:10:00+00:00,107
M4 Sport HU,Xm4sport+.hu,OK,104.9,2026-09-06T22:00:00+00:00,151
Penthouse Reality TV,penthouse-quickies,OK,102.9,2026-09-06T20:00:00+00:00,84
TVPlay Наше XXX,tvplay-nashexxx,OK,29.57,2026-09-03T18:40:00+00:00,58
Velilla TV Adult Channel HD,velillatvadult,OK,107.29,2026-09-07T00:23:00+00:00,269
Velilla TV Hardcore Sex HD,velillatvhardcoresex,OK,48.02,2026-09-04T13:07:00+00:00,554
1+1 Кіно,1plus1kino-ua,OK,104.9,2026-09-06T22:00:00+00:00,63
CPS Drama,cps-drama,OK,42.57,2026-09-04T07:40:00+00:00,94
CPS Comedy,cps-comedy,OK,44.45,2026-09-04T09:33:00+00:00,108
CPS Action,cps-action,OK,43.65,2026-09-04T08:45:00+00:00,97
CPS Mix,cps-mix,OK,82.49,2026-09-05T23:35:00+00:00,113
CPS Fiction,cps-fiction,OK,47.35,2026-09-04T12:27:00+00:00,97
CPS Detective,cps-detective,OK,42.8,2026-09-04T07:54:00+00:00,101
CPS Fresh UA,cps-fresh-ua,OK,49.54,2026-09-04T14:38:00+00:00,96
ID Xtra HD,Xid-xtra-ru,OK,106.49,2026-09-06T23:35:00+00:00,121
Trace Urban HD,Xtrace-urban,OK,105.9,2026-09-06T23:00:00+00:00,40
BOX TV,box-tv,OK,104.4,2026-09-06T21:30:00+00:00,266
Твій Серіал HD,V1950,OK,107.15,2026-09-07T00:15:00+00:00,307
Гумор+,gumor,OK,37.99,2026-09-04T03:05:00+00:00,391
C4 (Чернівці),c4-chernivci,OK,103.9,2026-09-06T21:00:00+00:00,226
Hollywood HD,hollywood-hd,OK,103.24,2026-09-06T20:20:00+00:00,166
FilmZone Plus,Xfilmzone-plus-lt,OK,56.74,2026-09-04T21:50:00+00:00,112
Kinosweet,Xkinosweet,OK,106.84,2026-09-06T23:56:00+00:00,164
Vesna HD,vesna,OK,106.99,2026-09-07T00:05:00+00:00,194
BCU Marvel OLD,bcu-marvel,OK,181.37,2026-09-10T02:28:00+00:00,150
BCU Reality OLD,bcu-reality,OK,182.09,2026-09-10T03:11:00+00:00,161
BCU Survival OLD,bcu-survival,OK,181.95,2026-09-10T03:03:00+00:00,189
BCU Romantic OLD,bcu-romantic,OK,152.05,2026-09-08T21:09:00+00:00,152
BCUMEDIA_3_HDR,bcu-media-3,OK,182.57,2026-09-10T03:40:00+00:00,168
BCU_BIOGRAPHY_HDR,bcu-biography,OK,182.07,2026-09-10T03:10:00+00:00,146
VeleS Вестерн,veles-vestern,OK,16.67,2026-09-03T05:46:00+00:00,78
VeleS С Новым годом!,velesyear-new,OK,18.89,2026-09-03T07:59:00+00:00,103
VeleS Movie Hits,veles-movie-hits,OK,88.1,2026-09-06T05:12:00+00:00,103
MYTV,XMyTVmytv-0,OK,102.4,2026-09-06T19:30:00+00:00,137
MYTV 2,XMyTVmytv2-1,OK,101.17,2026-09-06T18:16:00+00:00,131
MYTV 3,XMyTVmytv3-2,OK,101.49,2026-09-06T18:35:00+00:00,137
MYTV HIT,XMyTVmytvhit-3,OK,101.6,2026-09-06T18:42:00+00:00,128
CPS Western,cps-western,OK,32.85,2026-09-03T21:57:00+00:00,91
CPS Anime,cps-anime,OK,241.69,2026-09-12T14:47:00+00:00,285
CPS USSR,cps-ussr,OK,111.35,2026-09-07T04:27:00+00:00,148
CPS Fresh,cps-fresh,OK,229.15,2026-09-12T02:15:00+00:00,194
CPS Oscar,cps-oscar,OK,260.89,2026-09-13T09:59:00+00:00,178
CPS Jackie Chan,cps-jackie-chan,OK,136.72,2026-09-08T05:49:00+00:00,157
Хіт Бойовик,hit-boyovik,OK,54.54,2026-09-04T19:38:00+00:00,108
Хіт Комедія,hit-komediya,OK,55.04,2026-09-04T20:08:00+00:00,108
Premium Comedy HD,premium-comedy,OK,54.37,2026-09-04T19:28:00+00:00,110
Sweet Megahit HD,sweet-megahit,OK,54.24,2026-09-04T19:20:00+00:00,98
Premium Action HD,premium-action,OK,53.25,2026-09-04T18:21:00+00:00,100
Action Prime HD,action-prime,OK,106.55,2026-09-06T23:39:00+00:00,264
Cinema Family HD,cinema-family,OK,107.75,2026-09-07T00:51:00+00:00,130
Cinema Megahit HD,cinema-megahit,OK,106.5,2026-09-06T23:36:00+00:00,120
Cinema Kinohit HD,cinema-kinohit,OK,105.87,2026-09-06T22:58:00+00:00,120
Cinema Legend HD,cinema-legend,OK,106.89,2026-09-06T23:59:00+00:00,124
Cinema Prime HD,cinema-prime,OK,106.14,2026-09-06T23:14:00+00:00,134
Cinema Action HD,cinema-action,OK,107.67,2026-09-07T00:46:00+00:00,124
Cinema Comedy HD,cinema-comedy,OK,107.64,2026-09-07T00:44:00+00:00,132
Cinema Fantasy HD,cinema-fantasy,OK,106.7,2026-09-06T23:48:00+00:00,126
Kino Premiere HD,kino-premiere,OK,53.74,2026-09-04T18:50:00+00:00,100
Kino Action HD,kino-action,OK,50.05,2026-09-04T15:09:00+00:00,103
Kino Comedy HD,kino-comedy,OK,54.44,2026-09-04T19:32:00+00:00,114
Cinema Horrors HD,cinema-horrors,OK,106.65,2026-09-06T23:45:00+00:00,140
BOX Premiere 4K,Xbox-premiere4k,OK,135.05,2026-09-08T04:09:00+00:00,134
BOX Remast Plus 4K,Xbox-remast-plus-4k.png,OK,135.35,2026-09-08T04:27:00+00:00,743
Setanta Sports Premium HD,setanta-sports-premium,OK,108.9,2026-09-07T02:00:00+00:00,116
Про Київ,pro-kiiv,OK,106.99,2026-09-07T00:05:00+00:00,423
Машина часу,mashina-chasu,OK,107.57,2026-09-07T00:40:00+00:00,794
MYTV  Kids,XMyTVmytvkids-4,OK,102.87,2026-09-06T19:58:00+00:00,165
Sweet Мультфільми HD,sweet-multfilmi,OK,53.14,2026-09-04T18:14:00+00:00,425
CPS Cartoon,cps-cartoon,OK,71.1,2026-09-05T12:12:00+00:00,128
UA.Music HD,ua-music,OK,101.9,2026-09-06T19:00:00+00:00,30
Премиальное HD,Xkinopremium-hd,OK,103.9,2026-09-06T21:00:00+00:00,318
Тех Лет ТВ,Тех Лет ТВ,OK,35.4,2026-09-04T00:30:00+00:00,58
Ужасы HD,Ужасы HD,OK,58.95,2026-09-05T00:03:00+00:00,112
BCUMEDIA OLD,BCUMedia OLD,OK,192.02,2026-09-10T13:07:00+00:00,128
TVPlay DC Comics HD,ch3754,OK,25.18,2026-09-03T14:16:27+00:00,25
Joker:Альф,jk_Alf,OK,10.93,2026-09-03T00:01:35+00:00,84
Joker:Футурама,jk_futurama,OK,10.99,2026-09-03T00:05:07+00:00,95
Joker:Секретні матеріали,jk_x_files,OK,11.55,2026-09-03T00:38:53+00:00,48
Joker:Друзі,jk_Friends,OK,11.12,2026-09-03T00:12:45+00:00,92
Joker:Шерлок,jk_Sherlock,OK,11.29,2026-09-03T00:23:15+00:00,24
Joker:Гострі картузи,jk_Gostri_Kartuz,OK,11.53,2026-09-03T00:37:46+00:00,37
Joker:Відьмак,jk_Vedmak,OK,11.55,2026-09-03T00:38:38+00:00,39
Joker:Панда Кун-фу,jk_panda,OK,10.95,2026-09-03T00:02:33+00:00,91
Joker:Робокар Полі,jk_Robocar_Poli,OK,11.07,2026-09-03T00:10:06+00:00,156
Joker:Секс і Місто,jk_sexsity,OK,11.28,2026-09-03T00:22:31+00:00,75
Joker:Коломбо,jk_Colombo,OK,11.24,2026-09-03T00:20:12+00:00,25
Joker:Американський тато,jk_American_Dad,OK,10.95,2026-09-03T00:02:46+00:00,97
Joker:Аладдін,jk_aladin,OK,11.04,2026-09-03T00:08:20+00:00,86
Joker:Свинка Пепа,jk_Pepa_pig,OK,10.93,2026-09-03T00:01:21+00:00,423
Joker:Щенячий патруль,jk_PAW_Patrol,OK,11.09,2026-09-03T00:10:54+00:00,92
Joker:Качині історії,jk_ducks,OK,11.14,2026-09-03T00:14:08+00:00,91
Joker:90-ті,jk_90,OK,12.03,2026-09-03T01:07:41+00:00,19
Joker:Леді Баг і Супер кіт,jk_ledi_Bag,OK,11.25,2026-09-03T00:20:31+00:00,95
Joker:Пуаро Агати Крісті,jk_Poirot,OK,12.15,2026-09-03T01:14:36+00:00,26
Joker:Декстер,jk_Dexter,OK,11.36,2026-09-03T00:27:38+00:00,40
Joker:Касл,jk_Castle,OK,11.36,2026-09-03T00:27:14+00:00,52
Joker:Бруклін 9-9,jk_brookllyn,OK,11.06,2026-09-03T00:09:12+00:00,99
Joker:Фубар,jk_FUBAR,OK,11.42,2026-09-03T00:30:49+00:00,42
Joker:Кістки,jk_kosty,OK,11.36,2026-09-03T00:27:13+00:00,49
Joker:Пуститися берега,jk_berega,OK,11.32,2026-09-03T00:24:40+00:00,45
Joker:Теорія брехні,jk_Lie_To_Me,OK,11.44,2026-09-03T00:32:04+00:00,49
Joker:Величне століття,jk_Muhtesem,OK,11.61,2026-09-03T00:42:24+00:00,19
Joker:Ван Дамм,jk_Van_Dame,OK,11.83,2026-09-03T00:55:19+00:00,22
Joker:Вітчайдушні домогосподарки,jk_desperate_ukr,OK,11.13,2026-09-03T00:13:37+00:00,50
Joker:Маленьке королівство Бена і Холлі,jk_Ben_Holly,OK,10.93,2026-09-03T00:01:17+00:00,199
Joker:Гравіті Фолз,jk_Gravity_Falls,OK,10.94,2026-09-03T00:01:52+00:00,92
Joker:Як я зустрів вашу маму,jk_Your_mother,OK,11.18,2026-09-03T00:16:25+00:00,99
Joker:Теорія великого вибуху,jk_Big_Bang,OK,11.12,2026-09-03T00:13:09+00:00,107
Joker:Cinema,jk_Cinema,OK,11.57,2026-09-03T00:40:00+00:00,21
Joker:Горець,jk_gorets,OK,10.94,2026-09-03T00:02:04+00:00,43
Joker:Mислити як злочинець,jk_Criminal,OK,11.28,2026-09-03T00:22:45+00:00,50
Joker:Менталіст,jk_mentalist,OK,11.37,2026-09-03T00:27:52+00:00,50
Joker:Пограбування,jk_ograblenie,OK,11.34,2026-09-03T00:26:18+00:00,18
Joker:Корона,jk_korona,OK,11.36,2026-09-03T00:27:03+00:00,39
Joker:Загублені,jk_lost,OK,11.08,2026-09-03T00:10:18+00:00,48
Joker:Чорне дзеркало,jk_Black_Mirror,OK,11.32,2026-09-03T00:24:47+00:00,36
Joker:Біографічне,jk_biograf,OK,11.47,2026-09-03T00:34:12+00:00,15
Joker:Швидкість,jk_speed,OK,11.53,2026-09-03T00:37:48+00:00,17
Joker:Краще подзвоніть Солу,jk_Call_Saul,OK,11.54,2026-09-03T00:38:09+00:00,43
Joker:Пінгвіни Мадагаскару,jk_pingvins,OK,11.1,2026-09-03T00:11:46+00:00,171
Joker:Ліло і Стіч,jk_Lilo,OK,11.44,2026-09-03T00:32:19+00:00,91
Velilla TV CatTV 4K,velillatvcattv,OK,26.18,2026-09-03T15:16:28+00:00,38
Deluxe Music HD,ch237,OK,24.9,2026-09-03T14:00:00+00:00,29
Deluxe Music,ch237,OK,24.9,2026-09-03T14:00:00+00:00,29
ORF 1 HD,X76706,OK,24.15,2026-09-03T13:15:00+00:00,82
ARD alpha HD,ch1934,OK,23.65,2026-09-03T12:45:00+00:00,93
SR Fernsehen HD,ch1938,OK,24.07,2026-09-03T13:10:00+00:00,78
Arena Premium 1 HD,381833,OK,106.9,2026-09-07T00:00:00+00:00,66
Arena Premium 2 HD,381835,OK,106.9,2026-09-07T00:00:00+00:00,59
Arena Premium 3 HD,381834,OK,106.9,2026-09-07T00:00:00+00:00,60
Sky Sport Premier League,X10880,OK,82.9,2026-09-06T00:00:00+00:00,135
Sportdigital FUSSBALL HD,438441,OK,82.9,2026-09-06T00:00:00+00:00,64
Sky Replay,X10635,OK,82.9,2026-09-06T00:00:00+00:00,22
Sky Cinema Classics HD,Xsky-cinema,OK,82.9,2026-09-06T00:00:00+00:00,46
tagesschau24 HD,76696,OK,82.9,2026-09-06T00:00:00+00:00,101
Premier Sports 1 HD,Xpremier-sports-1,OK,58.9,2026-09-05T00:00:00+00:00,76
Premier Sports 2 HD,Xpremier-sports-2,OK,58.9,2026-09-05T00:00:00+00:00,48
TNT Sports 4 HD,400478,OK,58.9,2026-09-05T00:00:00+00:00,52
Sky Cinema Hits HD,454796,OK,58.9,2026-09-05T00:00:00+00:00,23
Sky Documentaries HD,454797,OK,58.9,2026-09-05T00:00:00+00:00,47
Sky History HD,12272,OK,58.9,2026-09-05T00:00:00+00:00,77
Adult Swim,470749,OK,58.9,2026-09-05T00:00:00+00:00,134
11 канал Дніпро,8898,OK,105.9,2026-09-06T23:00:00+00:00,450
Наше крутое HD,Xnash-detektiv,OK,104.32,2026-09-06T21:25:00+00:00,175
Lost HD,4772,OK,151.9,2026-09-08T21:00:00+00:00,96
FilmZone,Xfilmzone,OK,104.82,2026-09-06T21:55:00+00:00,140
Setanta Sports HD MD,7244,OK,106.9,2026-09-07T00:00:00+00:00,123
Sport 3 UA HD,9297,OK,99.9,2026-09-06T17:00:00+00:00,25
BOX SportCast Live 6 HD,Xbox-sportcast-live6,OK,127.9,2026-09-07T21:00:00+00:00,12
BOX SportCast Live 7 HD,Xbox-sportcast-live7,OK,127.9,2026-09-07T21:00:00+00:00,12
Ералаш,4775,OK,151.9,2026-09-08T21:00:00+00:00,96
Russia Today Doc HD,Xrussia-today,OK,104.4,2026-09-06T21:30:00+00:00,832
Deejay TV,4673,OK,113.9,2026-09-07T07:00:00+00:00,85
Tennis+,1889,OK,154.9,2026-09-09T00:00:00+00:00,196
TSN 2,470550,OK,58.9,2026-09-05T00:00:00+00:00,79
TSN 4,470915,OK,82.9,2026-09-06T00:00:00+00:00,72
TSN 5,470390,OK,58.9,2026-09-05T00:00:00+00:00,59
TRT World,XTRT.World.tr,OK,58.9,2026-09-05T00:00:00+00:00,118
Первый Российский Национальный канал,Xprnk-tv,OK,104.89,2026-09-06T21:59:00+00:00,328
Мой мир,11487,OK,103.9,2026-09-06T21:00:00+00:00,165
Новелла ТВ,12593,OK,41.37,2026-09-04T06:28:00+00:00,66
Rock TV,13533,OK,86.9,2026-09-06T04:00:00+00:00,31
Deutsche Welle,13467,OK,107.4,2026-09-07T00:30:00+00:00,521
7 TV,10026,OK,80.57,2026-09-05T21:40:00+00:00,134
Exxxotica HD,Xexxxotica,OK,104.0,2026-09-06T21:06:00+00:00,130
Конный мир HD,Xkonny-mir,OK,103.9,2026-09-06T21:00:00+00:00,163
Q Arena,Xqsport-kz,OK,105.9,2026-09-06T23:00:00+00:00,83
Angel TV,Xangel-tv,OK,103.9,2026-09-06T21:00:00+00:00,81
News Front,News Front TV,OK,109.4,2026-09-07T02:30:00+00:00,181
Резонанс ТВ,Xrezonans,OK,272.9,2026-09-13T22:00:00+00:00,105
Sochi Live,Xsochi-live,OK,101.9,2026-09-06T19:00:00+00:00,48
ТРК 555,ТРК 555 (Алушта),OK,272.9,2026-09-13T22:00:00+00:00,105
Дніпро TV HD,51 канал,OK,272.9,2026-09-13T22:00:00+00:00,105
BEST Films HD,Best Films,OK,272.9,2026-09-13T22:00:00+00:00,105
Среда,Среда (Дагестан),OK,103.9,2026-09-06T21:00:00+00:00,144
Fresh TV Armenia,Fresh TV Armenia,OK,272.9,2026-09-13T22:00:00+00:00,105
YOSSO-C-INQUEST,Xc-inquest-yosso,OK,151.8,2026-09-08T20:54:00+00:00,110
YOSSO-C-COMEDY,Xc-comedy-yosso,OK,151.67,2026-09-08T20:46:00+00:00,113
Видеокассета VHS,Видеокасета VHS,OK,272.9,2026-09-13T22:00:00+00:00,105
TVPlay Латинские сериалы ретро,TVPLAY Латинские сериалы ретро,OK,155.89,2026-09-09T00:59:00+00:00,375
Q Sport League,Xq-sport-ext,OK,78.4,2026-09-05T19:30:00+00:00,57
Sport+ Qazaqstan,Xsport-plus-kz,OK,80.99,2026-09-05T22:05:00+00:00,111
TSN 1,TSN 1,OK,162.9,2026-09-09T08:00:00+00:00,133
TSN 3,TSN 3,OK,163.4,2026-09-09T08:30:00+00:00,147
Viva Latino,Viva Latino,OK,272.9,2026-09-13T22:00:00+00:00,105
Наше Ретро,#НАШЕ ретро,OK,84.9,2026-09-06T02:00:00+00:00,125
MusicBox UA HD,Xmusicbox-ua-hd,OK,272.9,2026-09-13T22:00:00+00:00,105
Новое Радио,Новое Радио,OK,101.4,2026-09-06T18:30:00+00:00,66
Now 80s,NOW 80s,OK,109.9,2026-09-07T03:00:00+00:00,64
Now 70s,NOW 70s,OK,100.9,2026-09-06T18:00:00+00:00,51
Етно HD,Етно HD,OK,272.9,2026-09-13T22:00:00+00:00,105
KroneHit TV,Kronehit HD,OK,272.9,2026-09-13T22:00:00+00:00,105
DANCE HITS 80,Dance Hits 80,OK,272.9,2026-09-13T22:00:00+00:00,105
Deluxe Rap HD,Deluxe Rap,OK,99.9,2026-09-06T17:00:00+00:00,24
Музыка 1 International,Музыка 1,OK,272.9,2026-09-13T22:00:00+00:00,105
Музыка 2 International,Музыка 2,OK,272.9,2026-09-13T22:00:00+00:00,105
Ment Pop,Ment Pop HD,OK,272.9,2026-09-13T22:00:00+00:00,105
Kiss Kiss,Kiss Kiss,OK,272.9,2026-09-13T22:00:00+00:00,105
MIXM HD,MIXM TV,OK,272.9,2026-09-13T22:00:00+00:00,105
RITSA TV,RITSA TV HD,OK,269.9,2026-09-13T19:00:00+00:00,156
VeleS Магнитофон,veles-magnitofon,OK,272.9,2026-09-13T22:00:00+00:00,105
Kiss HD,Kiss,OK,63.9,2026-09-05T05:00:00+00:00,34
M2o TV,m2o TV,OK,272.9,2026-09-13T22:00:00+00:00,105
TMF Rus,TMF,OK,272.9,2026-09-13T22:00:00+00:00,105
ММТВ,ММТВ,OK,104.07,2026-09-06T21:10:00+00:00,144
NRG 91 Music HD,NRG 91 TV HD,OK,272.9,2026-09-13T22:00:00+00:00,105
CHD-TV Rock HD,CHD TV RU Rock,OK,272.9,2026-09-13T22:00:00+00:00,105
Mafi2a,Mafi2a TV,OK,272.9,2026-09-13T22:00:00+00:00,105
Clubland TV,XFomixTV,OK,108.9,2026-09-07T02:00:00+00:00,69
Victory HD,Xvictory-hd,OK,59.4,2026-09-05T00:30:00+00:00,273
