playlist_name,group,source,source_id,output_tvg_id,now,next,verified_binding_ok,binding_rule
Первый канал,Россия,iptv-online-primary,Xpervy,Xpervy,,,,
Первый канал HD,Россия,iptv-online-primary,Xpervy,Xpervy,,,,
Первый канал Европа,Россия,iptv-online-primary,Xpervy-kanal-eu,Xpervy-kanal-eu,,,,
Первый канал +2,Россия,iptv-online-primary,Xpervy-pl2,Xpervy-pl2,,,,
Первый HD +4,Россия,iptv-online-primary,Xpervy-pl4,Xpervy-pl4,,,,
Первый канал +4,Россия,iptv-online-primary,Xpervy-pl4,Xpervy-pl4,,,,
Первый канал +6,Россия,iptv-online-primary,Xpervy-pl6,Xpervy-pl6,,,,
Первый Канал +8,Россия,iptv-online-primary,Xpervy-pl8,Xpervy-pl8,,,,
Россия 1 HD,Россия,iptv-online-primary,Xrossia1,Xrossia1,,,,
Россия 1,Россия,iptv-online-primary,Xrossia1,Xrossia1,,,,
Россия 1 +2 HD,Россия,iptv-online-primary,Xrossia1-pl2,Xrossia1-pl2,,,,
Россия 1 +2,Россия,iptv-online-primary,Xrossia1-pl2,Xrossia1-pl2,,,,
Россия 1 +4 HD,Россия,iptv-online-primary,Xrossia1-pl4,Xrossia1-pl4,,,,
Россия 1 +4,Россия,iptv-online-primary,Xrossia1-pl4,Xrossia1-pl4,,,,
Россия 1 +6 HD,Россия,iptv-online-primary,Xrossia1-pl6,Xrossia1-pl6,,,,
Россия 1 +6,Россия,iptv-online-primary,Xrossia1-pl6,Xrossia1-pl6,,,,
Россия 1 +9 HD,Россия,iptv-online-primary,Xrossia1-pl9,Xrossia1-pl9,,,,
Россия 24,Россия,iptv-online-primary,Xrossia-24,Xrossia-24,,,,
Россия 24 HD,Россия,iptv-online-primary,Xrossia-24,Xrossia-24,,,,
Планета РТР,Россия,iptv-online-primary,Xrtr-planeta-eu,Xrtr-planeta-eu,,,,
ТНТ,Россия,iptv-online-primary,Xtnt,Xtnt,,,,
ТНТ HD,Россия,iptv-online-primary,Xtnt,Xtnt,,,,
ТНТ +2,Россия,iptv-online-primary,Xtnt-pl2,Xtnt-pl2,,,,
ТНТ +4,Россия,iptv-online-primary,Xtnt-pl4,Xtnt-pl4,,,,
ТНТ +7,Россия,iptv-online-primary,Xtnt-pl7,Xtnt-pl7,,,,
ТНТ International HD,Россия,iptv-online-primary,Xtnt-int-cis,Xtnt-int-cis,,,,
ТНТ4,Россия,iptv-online-primary,Xtnt4,Xtnt4,,,,
ТНТ4 HD,Россия,iptv-online-primary,Xtnt4,Xtnt4,,,,
ТНТ4 +2,Россия,iptv-online-primary,Xtnt4-pl2,Xtnt4-pl2,,,,
ТНТ4 +7,Россия,iptv-online-primary,Xtnt4-pl7,Xtnt4-pl7,,,,
ТНТ4 +4,Россия,iptv-online-primary,Xtnt4-pl4,Xtnt4-pl4,,,,
НТВ Мир,Россия,iptv-online-primary,Xntv-mir,Xntv-mir,,,,
НТВ,Россия,iptv-online-primary,Xntv,Xntv,,,,
НТВ HD,Россия,iptv-online-primary,Xntv,Xntv,,,,
НТВ +2,Россия,iptv-online-primary,Xntv-pl2,Xntv-pl2,,,,
НТВ +4,Россия,iptv-online-primary,Xntv-pl4,Xntv-pl4,,,,
НТВ +7,Россия,iptv-online-primary,Xntv-pl7,Xntv-pl7,,,,
НТВ Стиль,Россия,iptv-online-primary,Xntv-style,Xntv-style,,,,
ТВ3 HD,Россия,iptv-online-primary,Xtv3-ru,Xtv3-ru,,,,
ТВ3 +2,Россия,iptv-online-primary,Xtv3-ru-pl2,Xtv3-ru-pl2,,,,
ТВ3 +7,Россия,iptv-online-primary,Xtv3-ru-pl7,Xtv3-ru-pl7,,,,
Время,Россия,iptv-online-primary,Xvremia,Xvremia,,,,
Москва 24,Россия,iptv-online-primary,Xmoskva-24,Xmoskva-24,,,,
Санкт-Петербург,Россия,iptv-online-primary,Xsankt-peterburg,Xsankt-peterburg,,,,
Рен ТВ,Россия,iptv-online-primary,Xrentv,Xrentv,,,,
Рен ТВ HD,Россия,iptv-online-primary,Xrentv,Xrentv,,,,
Рен ТВ +2,Россия,iptv-online-primary,Xrentv-pl2,Xrentv-pl2,,,,
Рен ТВ +7,Россия,iptv-online-primary,Xrentv-pl7,Xrentv-pl7,,,,
СТС International,Россия,iptv-online-primary,Xsts-int,sts-int,,,,
СТС,Россия,iptv-online-primary,Xsts,Xsts,,,,
СТС HD,Россия,iptv-online-primary,Xsts,Xsts,,,,
СТС +2,Россия,iptv-online-primary,Xsts-pl2,Xsts-pl2,,,,
СТС +4,Россия,iptv-online-primary,Xsts-pl4,Xsts-pl4,,,,
СТС Love,Россия,iptv-online-primary,Xsts-love,Xsts-love,,,,
СТС Love +4,Россия,iptv-online-primary,Xsts-love-pl4,Xsts-love-pl4,,,,
Пятый Канал,Россия,iptv-online-primary,X5kanal-ru,X5kanal-ru,,,,
Пятый Канал +2,Россия,iptv-online-primary,X5kanal-ru-pl2,X5kanal-ru-pl2,,,,
Пятый канал +7,Россия,iptv-online-primary,X5kanal-ru-pl7,X5kanal-ru-pl7,,,,
Россия К,Россия,iptv-online-primary,Xkultura,Xkultura,,,,
Россия К +2,Россия,iptv-online-primary,Xkultura-pl2,Xkultura-pl2,,,,
Россия К +4,Россия,iptv-online-primary,Xkultura-pl4,Xkultura-pl4,,,,
Россия К +7,Россия,iptv-online-primary,Xkultura-pl7,Xkultura-pl7,,,,
ТВЦ,Россия,iptv-online-primary,Xtvcentr,Xtvcentr,,,,
РБК-ТВ,Россия,iptv-online-primary,Xrbk,Xrbk,,,,
ТВЦ International,Россия,iptv-online-primary,Xtvci,Xtvci,,,,
ТВ Центр HD,Россия,iptv-online-primary,Xtvcentr,Xtvcentr,,,,
ТВЦ +2,Россия,iptv-online-primary,Xtvcentr-pl2,Xtvcentr-pl2,,,,
ТВЦ +7,Россия,iptv-online-primary,Xtvcentr-pl7,Xtvcentr-pl7,,,,
ОТР,Россия,iptv-online-primary,Xotr,Xotr,,,,
RTVi,Россия,iptv-online-primary,Xrtvi,Xrtvi,,,,
Перец,Россия,iptv-online-primary,Xperec-int,Xperec-int,,,,
Пятница,Россия,iptv-online-primary,Xpiatnica,Xpiatnica,,,,
Пятница HD,Россия,iptv-online-primary,Xpiatnica,Xpiatnica,,,,
Пятница +7,Россия,iptv-online-primary,Xpiatnica-pl7,piatnica-pl7,,,,
Пятница +4,Россия,iptv-online-primary,Xpiatnica-pl4,piatnica-pl4,,,,
Пятница +2,Россия,iptv-online-primary,Xpiatnica-pl2,piatnica-pl2,,,,
Суббота,Россия,iptv-online-primary,Xsuper,Xsuper,,,,
Настоящее время HD,Россия,iptv-online-primary,Xnastoyaschee-vremia,Xnastoyaschee-vremia,,,,
Ю+,Россия,iptv-online-primary,Xyu,Xyu,,,,
Ю+ 2,Россия,iptv-online-primary,Xyu-pl2,yu-pl2,,,,
Ю+ 4,Россия,iptv-online-primary,Xyu-pl4,yu-pl4,,,,
Ю+ 7,Россия,iptv-online-primary,Xyu-pl7,yu-pl7,,,,
Мир,Россия,iptv-online-primary,Xmir,Xmir,,,,
Мир +4,Россия,iptv-online-primary,Xmir-pl4,Xmir-pl4,,,,
Мир +7,Россия,iptv-online-primary,Xmir-pl7,Xmir-pl7,,,,
Звезда HD,Россия,iptv-online-primary,Xzvezda,Xzvezda,,,,
Звезда,Россия,iptv-online-primary,Xzvezda,Xzvezda,,,,
Звезда +2,Россия,iptv-online-primary,Xzvezda-pl2,Xzvezda-pl2,,,,
Звезда Плюс,Россия,iptv-online-primary,Xzvezda-plus,Xzvezda-plus,,,,
Домашний,Россия,iptv-online-primary,Xdomashny,Xdomashny,,,,
Звезда +7,Россия,iptv-online-primary,Xzvezda-pl7,Xzvezda-pl7,,,,
Домашний HD,Россия,iptv-online-primary,Xdomashny,Xdomashny,,,,
Домашний +4,Россия,iptv-online-primary,Xdomashny-pl4,Xdomashny-pl4,,,,
Домашний +2,Россия,iptv-online-primary,Xdomashny-pl2,Xdomashny-pl2,,,,
Севастополь 24 HD,Россия,iptv-online-primary,Xsevastopol-24,Xsevastopol-24,,,,
КРЫМ 24,Россия,iptv-online-primary,Xkrym24,Xkrym24,,,,
Первый Крымский,Россия,iptv-online-primary,Xpervy-krymsky,Xpervy-krymsky,,,,
НТС Севастополь,Россия,iptv-online-primary,Xnts-sevastopol,Xnts-sevastopol,,,,
Миллет,Россия,iptv-online-primary,Xmillet,Xmillet,,,,
Евпатория 24,Россия,iptv-online-primary,Xewpatorya24,Xewpatorya24,,,,
Первый Севастопольский,Россия,iptv-online-primary,Xpervy-sevastopolsky,Xpervy-sevastopolsky,,,,
Симферополь 24,Россия,iptv-online-primary,Xsimfer24,Xsimfer24,,,,
Легендарный 24 HD,Россия,iptv-online-primary,Xlegendarny24,Xlegendarny24,,,,
Че!,Россия,iptv-online-primary,Xche,Xche,,,,
Москва Доверие,Россия,iptv-online-primary,Xdoverie,Xdoverie,,,,
Че +2,Россия,iptv-online-primary,Xche-pl2,che-pl2,,,,
Че +4,Россия,iptv-online-primary,Xche-pl4,che-pl4,,,,
Че +7,Россия,iptv-online-primary,Xche-pl7,che-pl7,,,,
Известия HD,Россия,iptv-online-primary,Xizvestia,Xizvestia,,,,
ВМЕСТЕ-РФ,Россия,iptv-online-primary,Xvmeste-rf,Xvmeste-rf,,,,
Соловьев.Live,Россия,iptv-online-primary,Xsolovjinypomiot,Xsolovjinypomiot,,,,
Своё ТВ Ставрополь,Россия,iptv-online-primary,Xsvoyo-tv-stavropol,Xsvoyo-tv-stavropol,,,,
ОТВ Екатеринбург,Россия,iptv-online-primary,Xotv-eburg,Xotv-eburg,,,,
Красная линия,Россия,iptv-online-primary,Xkrasnaya-linia,Xkrasnaya-linia,,,,
Белгород 24,Россия,iptv-online-primary,Xbelgorod24,Xbelgorod24,,,,
Астрахань 24,Россия,iptv-online-primary,Xastraxan24,Xastraxan24,,,,
Архыз 24,Россия,iptv-online-primary,Xarxyz24,Xarxyz24,,,,
Хузур ТВ,Россия,iptv-online-primary,Xxuzur-tv,Xxuzur-tv,,,,
Тамыр,Россия,iptv-online-primary,Xtamyr,Xtamyr,,,,
Курай,Россия,iptv-online-primary,Xkuraj,Xkuraj,,,,
ТКР Рязань,Россия,iptv-online-primary,Xtrk-ryazan,Xtrk-ryazan,,,,
ЛДПР ТВ,Россия,iptv-online-primary,Xldpr-tv,Xldpr-tv,,,,
TV Губерния,Россия,iptv-online-primary,Xtv-guberniya,Xtv-guberniya,,,,
Ника ТВ,Россия,iptv-online-primary,Xnika-tv,Xnika-tv,,,,
Осетия-Ирыстон,Россия,iptv-online-primary,Xosetia-iryston,Xosetia-iryston,,,,
НТМ,Россия,iptv-online-primary,Xntm,Xntm,,,,
Открытый мир,Россия,iptv-online-primary,Xotkryty-mir,Xotkryty-mir,,,,
Первый Ярославский,Россия,iptv-online-primary,Xpervy-yaroslavsky,Xpervy-yaroslavsky,,,,
Первый Ростовский,Россия,iptv-online-primary,Xpervy-rostovsky,Xpervy-rostovsky,,,,
МТВ Волгоград,Россия,iptv-online-primary,Xmtv-volgograd,Xmtv-volgograd,,,,
Аист,Россия,iptv-online-primary,Xaist,Xaist,,,,
12 канал Омск,Россия,iptv-online-primary,X12-omsk,X12-omsk,,,,
Катунь 24,Россия,iptv-online-primary,Xkatun-24,Xkatun-24,,,,
Енисей регион,Россия,iptv-online-primary,Xenisey-region,Xenisey-region,,,,
С1 Сургут,Россия,iptv-online-primary,Xs1-surgut,Xs1-surgut,,,,
86 Сургут,Россия,iptv-online-primary,X86-surgut,X86-surgut,,,,
Волга,Россия,iptv-online-primary,Xvolga,Xvolga,,,,
Волга 24,Россия,iptv-online-primary,Xvremia-n,Xvremia-n,,,,
Ветта 24,Россия,iptv-online-primary,Xvetta24,Xvetta24,,,,
Колыма-Плюс,Россия,iptv-online-primary,Xkolyma-plus,Xkolyma-plus,,,,
БСТ,Россия,iptv-online-primary,Xbst,Xbst,,,,
Щёлково,Россия,iptv-online-primary,Xschelkovo,Xschelkovo,,,,
ТНВ-Планета,Россия,iptv-online-primary,Xtnv-planeta,Xtnv-planeta,,,,
ТНВ-Татарстан,Россия,iptv-online-primary,Xtnv,Xtnv,,,,
NEXT-TV,Россия,iptv-online-primary,Xnext-tv,Xnext-tv,,,,
Мордовия 24,Россия,iptv-online-primary,Xmordovia-24,Xmordovia-24,,,,
НТРК Ингушетия,Россия,iptv-online-primary,Xntrk-ingushetia,Xntrk-ingushetia,,,,
Брянская Губерния,Россия,iptv-online-primary,Xbrianskaya-gubernia,Xbrianskaya-gubernia,,,,
ТВК Красноярск,Россия,iptv-online-primary,Xtvk-krasnoyarsk,Xtvk-krasnoyarsk,,,,
Экспресс,Россия,iptv-online-primary,Xexpress,Xexpress,,,,
РГВК Дагестан,Россия,iptv-online-primary,Xrgvk-dagestan,Xrgvk-dagestan,,,,
Грозный,Россия,iptv-online-primary,Xgrozny,Xgrozny,,,,
Тео-ТВ,Россия,iptv-online-primary,Xteotv,Xteotv,,,,
Евразия,Россия,iptv-online-primary,Xevrasia,Xevrasia,,,,
НТС Иркутск,Россия,iptv-online-primary,Xnts-irkutsk,Xnts-irkutsk,,,,
ТВ-ИН (Магнитогорск),Россия,iptv-online-primary,Xtv-in,Xtv-in,,,,
НВК Саха,Россия,iptv-online-primary,Xsaxa,Xsaxa,,,,
Алмазный край,Россия,iptv-online-primary,Xalmazny-kray,Xalmazny-kray,,,,
Раменское ТВ,Россия,iptv-online-primary,Xramenskoe-tv,Xramenskoe-tv,,,,
Новый век (Тамбов),Россия,iptv-online-primary,Xnovy-vek-tambov,Xnovy-vek-tambov,,,,
Север,Россия,iptv-online-primary,Xsever,Xsever,,,,
Салям,Россия,iptv-online-primary,Xsalam,Xsalam,,,,
Дзержинск ТВ,Россия,iptv-online-primary,Xdzenzhinsk-tv,Xdzenzhinsk-tv,,,,
Якутия 24,Россия,iptv-online-primary,Xyakutia24,Xyakutia24,,,,
Прима,Россия,iptv-online-primary,Xprima,Xprima,,,,
Тивиком HD,Россия,iptv-online-primary,Xtivikom,Xtivikom,,,,
АСТВ Южно-Сахалинск,Россия,iptv-online-primary,Xastvus,Xastvus,,,,
Майдан,Россия,iptv-online-primary,Xmaydan,Xmaydan,,,,
Хузур ТВ,Россия,iptv-online-primary,Xxuzur-tv,Xxuzur-tv,,,,
Теледом HD,Россия,iptv-online-primary,Xteledom,Xteledom,,,,
Самотлор (Нижневартовск),Россия,iptv-online-primary,Xsamotlor-nv,Xsamotlor-nv,,,,
Viasat Kino HD,Кино,iptv-online-primary,Xtv1000-cee,Xtv1000-cee,,,,
Viasat Kino Action HD,Кино,iptv-online-primary,Xtv1000-action-cee,Xtv1000-action-cee,,,,
Viasat True Crime CEE,Кино,iptv-online-primary,Xviasat-true-crime-cee,Xviasat-true-crime-cee,,,,
Viasat Kino Comedy HD,Кино,iptv-online-primary,Xvip-comedy-cee,Xvip-comedy-cee,,,,
Viasat Kino World,Кино,iptv-online-primary,Xtv1000-worldkino,Xtv1000-worldkino,,,,
Viasat Serial,Кино,iptv-online-primary,Xviasat-serial,Xviasat-serial,,,,
Viju TV1000,Кино,iptv-online-primary,Xtv1000,Xtv1000,,,,
Viju TV1000 HD,Кино,iptv-online-primary,Xtv1000,Xtv1000,,,,
Viju TV1000 Action,Кино,iptv-online-primary,Xtv1000-action,Xtv1000-action,,,,
Viju TV1000 Action HD,Кино,iptv-online-primary,Xtv1000-action,Xtv1000-action,,,,
Viju TV1000 Новелла,Кино,iptv-online-primary,Xviju-tv1000-novella,Xviju-tv1000-novella,,,,
Viju TV1000 Русское кино HD,Кино,iptv-online-primary,Xtv1000-russkoe-kino,Xtv1000-russkoe-kino,,,,
Viju TV1000 Русское кино,Кино,iptv-online-primary,Xtv1000-russkoe-kino,Xtv1000-russkoe-kino,,,,
Viju TV1000 Romantica,Кино,iptv-online-primary,Xviju-tv1000-romantica,Xviju-tv1000-romantica,,,,
Viju+ Serial HD,Кино,iptv-online-primary,Xvip-serial,Xvip-serial,,,,
Viju+ Comedy HD,Кино,iptv-online-primary,Xvip-comedy,Xvip-comedy,,,,
Viju+ Megahit HD,Кино,iptv-online-primary,Xvip-megahit,Xvip-megahit,,,,
Viju+ Premiere HD,Кино,iptv-online-primary,Xvip-premiere,Xvip-premiere,,,,
Душевное HD,Кино,iptv-online-primary,Xdushevnoe-hd,Xdushevnoe-hd,,,,
Наше любимое HD,Кино,iptv-online-primary,Xnashe-lubimoe,Xnashe-lubimoe,,,,
KINOGRANDE HD,Кино,iptv-online-primary,Xnashe-lubimoe-kino-ua,Xnashe-lubimoe-kino-ua,,,,
Наше Мужское HD,Кино,iptv-online-primary,Xnashe-muzhskoe,Xnashe-muzhskoe,,,,
KION Хит,Кино,iptv-online-primary,Xkion-xit,Xkion-xit,,,,
Хит HD,Кино,iptv-online-primary,Xkhit,Xkhit,,,,
Блокбастер HD,Кино,iptv-online-primary,Xblokbaster,Xblokbaster,,,,
Остросюжетное HD,Кино,iptv-online-primary,Xostrosiuzhetnoe-hd,Xostrosiuzhetnoe-hd,,,,
Страшное HD,Кино,iptv-online-primary,Xstrashnoe-hd,Xstrashnoe-hd,,,,
Киноужас HD,Кино,iptv-online-primary,Xkinouzhas,Xkinouzhas,,,,
Про Любовь HD,Кино,iptv-online-primary,Xpro-lyubov,Xpro-lyubov,,,,
Кинопремьера HD,Кино,iptv-online-primary,Xkinopremiera-hd,Xkinopremiera-hd,,,,
Камеди HD,Кино,iptv-online-primary,Xkamedi,Xkamedi,,,,
Кинохит,Кино,iptv-online-primary,Xkinoxit,Xkinoxit,,,,
Киносемья,Кино,iptv-online-primary,Xkinosemiya,Xkinosemiya,,,,
Киносемья HD,Кино,iptv-online-primary,Xkinosemiya,Xkinosemiya,,,,
Киносвидание,Кино,iptv-online-primary,Xkinosvidanie,Xkinosvidanie,,,,
Кинокомедия,Кино,iptv-online-primary,Xkinokomedia,Xkinokomedia,,,,
Шокирующее,Кино,iptv-online-primary,Xshokiruyushchee-hd,Xshokiruyushchee-hd,,,,
Комедийное,Кино,iptv-online-primary,Xkomedijnoe-hd,Xkomedijnoe-hd,,,,
Лавстори HD,Кино,iptv-online-primary,Xlavstori,Xlavstori,,,,
AMEDIA 1 HD,Кино,iptv-online-primary,Xamedia1,Xamedia1,,,,
Amedia 1,Кино,iptv-online-primary,Xamedia1,Xamedia1,,,,
Amedia 2,Кино,iptv-online-primary,Xamedia2,Xamedia2,,,,
Amedia Hit,Кино,iptv-online-primary,Xamedia-hit,Xamedia-hit,,,,
AMEDIA Premium HD,Кино,iptv-online-primary,Xamedia-premium,Xamedia-premium,,,,
Amedia premium,Кино,iptv-online-primary,Xamedia-premium,Xamedia-premium,,,,
Fox Life HD,Кино,iptv-online-primary,Xfoxlife,Xfoxlife,,,,
Fox Life,Кино,iptv-online-primary,Xfoxlife,Xfoxlife,,,,
Fox HD,Кино,iptv-online-primary,Xfox,Xfox,,,,
Fox,Кино,iptv-online-primary,Xfox,Xfox,,,,
.black,Кино,iptv-online-primary,Xsony-turbo,Xsony-turbo,,,,
.red SD,Кино,iptv-online-primary,Xsony-enter,Xsony-enter,,,,
.red HD,Кино,iptv-online-primary,Xsony-tv,Xsony-tv,,,,
.sci-fi,Кино,iptv-online-primary,Xsony-scifi,Xsony-scifi,,,,
AMC,Кино,iptv-online-primary,Xamc,Xamc,,,,
Premiere HD 1,Кино,iptv-online-primary,Xpremierehd1,Xpremierehd1,,,,
Premiere HD 2,Кино,iptv-online-primary,Xpremierehd2,Xpremierehd2,,,,
Premiere HD 3,Кино,iptv-online-primary,Xpremierehd3,Xpremierehd3,,,,
Premiere HD 4,Кино,iptv-online-primary,Xpremierehd4,Xpremierehd4,,,,
Bollywood HD,Кино,iptv-online-primary,Xbollywood-hd,Xbollywood-hd,,,,
TV XXI,Кино,iptv-online-primary,Xtvxxi,Xtvxxi,,,,
Epic,Кино,iptv-online-primary,Xepic,Xepic,,,,
Epic Drama HD,Кино,iptv-online-primary,Xepik-drama,Xepik-drama,,,,
НТВ Сериал,Кино,iptv-online-primary,Xntv-serial,Xntv-serial,,,,
НТВ Хит,Кино,iptv-online-primary,Xntv-xit,Xntv-xit,,,,
Кинопоказ,Кино,iptv-online-primary,Xkinopokaz,Xkinopokaz,,,,
Киносат,Кино,iptv-online-primary,Xkinosat,Xkinosat,,,,
Кино ТВ HD,Кино,iptv-online-primary,Xkino-tv,Xkino-tv,,,,
NOW Series HD,Кино,iptv-online-primary,Xnow-series,Xnow-series,,,,
Cine+ HD,Кино,iptv-online-primary,Xcine-plus,Xcine-plus,,,,
Cine+ Hit HD,Кино,iptv-online-primary,Xcine-plus-hit-hd,Xcine-plus-hit-hd,,,,
Cine+ Legend,Кино,iptv-online-primary,Xcine-plus-ledend,Xcine-plus-ledend,,,,
Твоє Кіно Хіт,Кино,iptv-online-primary,Xtvoje-kino-xit,Xtvoje-kino-xit,,,,
Твоє Кіно Action,Кино,iptv-online-primary,Xtvoje-kino-action,Xtvoje-kino-action,,,,
Твоє Кіно Relax,Кино,iptv-online-primary,Xtvoje-kino-relax,Xtvoje-kino-relax,,,,
FilmUA Drama,Кино,iptv-online-primary,Xfilmua-drama,Xfilmua-drama,,,,
Kinowood,Кино,iptv-online-primary,Xkinowood,Xkinowood,,,,
Воен ТВ,Кино,iptv-online-primary,Xvoentv-by,Xvoentv-by,,,,
Муви ТВ,Кино,iptv-online-primary,Xmuvitv,Xmuvitv,,,,
VHS-ка HD,Кино,iptv-online-primary,Xvhs-ka,Xvhs-ka,,,,
Plan B,Кино,iptv-online-primary,Xplan-b,Xplan-b,,,,
Киноджем 1 HD,Кино,iptv-online-primary,Xkinojam1,Xkinojam1,,,,
Киноджем 2 HD,Кино,iptv-online-primary,Xkinojam2,Xkinojam2,,,,
DetectiveJam,Кино,iptv-online-primary,Xdetectivejam,Xdetectivejam,,,,
FamilyJam,Кино,iptv-online-primary,Xfamilyjam,Xfamilyjam,,,,
Go3 Films,Кино,iptv-online-primary,Xtv1000-premium,Xtv1000-premium,,,,
FilmBox+ One,Кино,iptv-online-primary,Xfilmbox-ru,Xfilmbox-ru,,,,
FilmBox+ festival,Кино,iptv-online-primary,Xfilmbox-arthouse,Xfilmbox-arthouse,,,,
Дорама,Кино,iptv-online-primary,Xdorama,Xdorama,,,,
Дорама HD,Кино,iptv-online-primary,Xdorama,Xdorama,,,,
Star Cinema HD,Кино,iptv-online-primary,Xstar-cinema-ua,Xstar-cinema-ua,,,,
Star Cinema,Кино,iptv-online-primary,Xstar-cinema-ua,Xstar-cinema-ua,,,,
Киносериал,Кино,iptv-online-primary,Xq-kino-alem,Xq-kino-alem,,,,
Кинодрама,Кино,iptv-online-primary,Xq-kino-hit,Xq-kino-hit,,,,
Семейное Кино,Кино,iptv-online-primary,Xsemejnoe-kino-kz,Xsemejnoe-kino-kz,,,,
Премиум Кино,Кино,iptv-online-primary,Xpremium-kino-kz,Xpremium-kino-kz,,,,
Кинобоевик,Кино,iptv-online-primary,Xkinoboevik-kz,Xkinoboevik-kz,,,,
Мировое Кино,Кино,iptv-online-primary,Xmirovoe-kino-kz,Xmirovoe-kino-kz,,,,
Романтичное HD,Кино,iptv-online-primary,Xromantichnoe,Xromantichnoe,,,,
Bolt HD,Кино,iptv-online-primary,Xbolt-ru,Xbolt-ru,,,,
Bolt HD Украина,Кино,iptv-online-primary,Xbolt,Xbolt,,,,
KinoLiving HD,Кино,iptv-online-primary,Xkinoliving,Xkinoliving,,,,
Kino 1,Кино,iptv-online-primary,Xkino-1,Xkino-1,,,,
Kino 24,Кино,iptv-online-primary,Xkino-24,Xkino-24,,,,
ProKino,Кино,iptv-online-primary,Xprokino,Xprokino,,,,
Start World HD,Кино,iptv-online-primary,Xstart-world,Xstart-world,,,,
Start World,Кино,iptv-online-primary,Xstart-world,Xstart-world,,,,
Start Air HD,Кино,iptv-online-primary,Xstart-air,Xstart-air,,,,
Start Air,Кино,iptv-online-primary,Xstart-air,Xstart-air,,,,
САПФИР,Кино,iptv-online-primary,Xsapfir,Xsapfir,,,,
Кинеко,Кино,iptv-online-primary,Xkineko,Xkineko,,,,
Родное кино,Кино,iptv-online-primary,Xrodnoe-kino,Xrodnoe-kino,,,,
Дом Кино,Кино,iptv-online-primary,Xdomkino,Xdomkino,,,,
Дом кино премиум HD,Кино,iptv-online-primary,Xdomkino-premium,Xdomkino-premium,,,,
Еврокино,Кино,iptv-online-primary,Xevrokino,Xevrokino,,,,
Русский роман,Кино,iptv-online-primary,Xrussky-roman,Xrussky-roman,,,,
Русский Иллюзион,Кино,iptv-online-primary,Xrussky-illuzion,Xrussky-illuzion,,,,
Мосфильм. Золотая коллекция,Кино,iptv-online-primary,Xmosfilm,Xmosfilm,,,,
Мосфильм HD,Кино,iptv-online-primary,Xmosfilm,Xmosfilm,,,,
Иллюзион +,Кино,iptv-online-primary,Xilluzion-plus,Xilluzion-plus,,,,
Мужское кино,Кино,iptv-online-primary,Xmuzhskoe-kino,Xmuzhskoe-kino,,,,
Наше новое кино,Кино,iptv-online-primary,Xnashe-novoe-kino,Xnashe-novoe-kino,,,,
Trash TV,Кино,iptv-online-primary,Xtrashtv,Xtrashtv,,,,
Победа,Кино,iptv-online-primary,Xpobeda,Xpobeda,,,,
День Победы HD,Кино,iptv-online-primary,Xdenpobedy,Xdenpobedy,,,,
Комедия,Кино,iptv-online-primary,Xrusskaya-komedia,Xrusskaya-komedia,,,,
Русский бестселлер,Кино,iptv-online-primary,Xrussky-bestseller,Xrussky-bestseller,,,,
Русский детектив,Кино,iptv-online-primary,Xrussky-detektiv,Xrussky-detektiv,,,,
Киномикс,Кино,iptv-online-primary,Xkinomiks,Xkinomiks,,,,
Киносерия,Кино,iptv-online-primary,Xkinoseria,Xkinoseria,,,,
Любимое кино HD,Кино,iptv-online-primary,Xlubimoe-kino,Xlubimoe-kino,,,,
Любимое кино,Кино,iptv-online-primary,Xlubimoe-kino,Xlubimoe-kino,,,,
Мир сериала,Кино,iptv-online-primary,Xmir-seriala,Xmir-seriala,,,,
Cinema,Кино,iptv-online-primary,Xcinema-ru,Xcinema-ru,,,,
Индия,Кино,iptv-online-primary,Xzee-tv,Xzee-tv,,,,
Индийское Кино,Кино,iptv-online-primary,Xindiyskoe-kino,Xindiyskoe-kino,,,,
Феникс+ Кино,Кино,iptv-online-primary,Xfeniks-plus-kino,Xfeniks-plus-kino,,,,
ТВ3,Кино,iptv-online-primary,Xtv3-ru,Xtv3-ru,,,,
НСТ,Кино,iptv-online-primary,Xnst,Xnst,,,,
Shot TV,Кино,iptv-online-primary,Xshot-tv,Xshot-tv,,,,
Russian Extreme Ultra HD,Кино,iptv-online-primary,Xrussian-extreme-uhd,Xrussian-extreme-uhd,,,,
ТСВ,Кино,iptv-online-primary,Xtcb,Xtcb,,,,
Apple TV+ Woman's Story,Кино,iptv-online-primary,Xmovify-kino,Xmovify-kino,,,,
Apple TV+ Action Time,Кино,iptv-online-primary,Xmovify-series,Xmovify-series,,,,
Amazon Prime Video Men's Club,Кино,iptv-online-primary,Xmovify-history,Xmovify-history,,,,
BCU Action HD,Кинозалы,iptv-online-primary,Xbcu-action,Xbcu-action,,,,
BCU Comedy HD,Кинозалы,iptv-online-primary,Xbcu-comedy,Xbcu-comedy,,,,
BCU Catastrophe HD,Кинозалы,iptv-online-primary,Xbcu-catastrophe,Xbcu-catastrophe,,,,
BCU STARS HD,Кинозалы,iptv-online-primary,Xbcu-stars,Xbcu-stars,,,,
BCU Fantastic HD,Кинозалы,iptv-online-primary,Xbcu-fantastic,Xbcu-fantastic,,,,
BCU Reality HD,Кинозалы,iptv-online-primary,Xbcu-reality,Xbcu-reality,,,,
BCU FilMystic HD,Кинозалы,iptv-online-primary,Xbcu-filmystic,Xbcu-filmystic,,,,
BCU History HD,Кинозалы,iptv-online-primary,Xbcu-history,Xbcu-history,,,,
BCU Kinorating HD,Кинозалы,iptv-online-primary,Xbcu-kinorating,Xbcu-kinorating,,,,
BCU Premiere HD,Кинозалы,iptv-online-primary,Xbcu-premiere,Xbcu-premiere,,,,
BCU Romantic HD,Кинозалы,iptv-online-primary,Xbcu-romantic,Xbcu-romantic,,,,
BCU TruMotion HD,Кинозалы,iptv-online-primary,Xbcu-trumotion,Xbcu-trumotion,,,,
BCU VHS HD,Кинозалы,iptv-online-primary,Xbcu-vhs,Xbcu-vhs,,,,
BCU Кинозал Premiere 1 HD,Кинозалы,iptv-online-primary,Xbcu-kinozal-prem-1,Xbcu-kinozal-prem-1,,,,
BCU Кинозал Premiere 2 HD,Кинозалы,iptv-online-primary,Xbcu-kinozal-prem-2,Xbcu-kinozal-prem-2,,,,
BCU Кинозал Premiere 3 HD,Кинозалы,iptv-online-primary,Xbcu-kinozal-prem-3,Xbcu-kinozal-prem-3,,,,
BCU Survival HD,Кинозалы,iptv-online-primary,Xbcu-survival,Xbcu-survival,,,,
BCU СВАТЫ HD,Кинозалы,iptv-online-primary,Xbcu-svaty,Xbcu-svaty,,,,
BCU Ruserial HD,Кинозалы,iptv-online-primary,Xbcu-ruserial,Xbcu-ruserial,,,,
BCU Criminal HD,Кинозалы,iptv-online-primary,Xbcu-criminal,Xbcu-criminal,,,,
BCU Premiere 3 HDR,Кинозалы,iptv-online-primary,Xbcu-media-3-hdr,Xbcu-media-3-hdr,,,,
BCU Premiere HDR,Кинозалы,iptv-online-primary,Xbcu-premiere,Xbcu-premiere,,,,
BCU Fantastic HDR,Кинозалы,iptv-online-primary,Xbcu-fantastic,Xbcu-fantastic,,,,
BCU Action HDR,Кинозалы,iptv-online-primary,Xbcu-action,Xbcu-action,,,,
BCU FilMystic HDR,Кинозалы,iptv-online-primary,Xbcu-filmystic,Xbcu-filmystic,,,,
BCU Biography HDR,Кинозалы,iptv-online-primary,Xbcu-biography-hdr,Xbcu-biography-hdr,,,,
VeleS 60FPS,Кинозалы,iptv-online-primary,Xveles-60fps,Xveles-60fps,,,,
VeleS Аниме,Кинозалы,iptv-online-primary,Xveles-anime,veles-anime,,,,
VeleS Kids,Кинозалы,iptv-online-primary,Xveles-kids,veles-kids,,,,
Tricolor Cinema 1,Кинозалы,iptv-online-primary,Xzal-01-tricolor,Xzal-01-tricolor,,,,
Tricolor Cinema 2,Кинозалы,iptv-online-primary,Xzal-02-tricolor,Xzal-02-tricolor,,,,
Tricolor Cinema 3,Кинозалы,iptv-online-primary,Xzal-03-tricolor,Xzal-03-tricolor,,,,
Tricolor Cinema 4,Кинозалы,iptv-online-primary,Xzal-04-tricolor,Xzal-04-tricolor,,,,
Tricolor Cinema 5,Кинозалы,iptv-online-primary,Xzal-05-tricolor,Xzal-05-tricolor,,,,
Tricolor Cinema 6,Кинозалы,iptv-online-primary,Xzal-06-tricolor,Xzal-06-tricolor,,,,
Tricolor Cinema 7,Кинозалы,iptv-online-primary,Xzal-07-tricolor,Xzal-07-tricolor,,,,
Tricolor Cinema 8,Кинозалы,iptv-online-primary,Xzal-08-tricolor,Xzal-08-tricolor,,,,
Fresh Soviet,Кинозалы,iptv-online-primary,Xfresh-soviet,Xfresh-soviet,,,,
Fresh Series,Кинозалы,iptv-online-primary,Xfresh-series,Xfresh-series,,,,
KBC-В.О.В. HD,Кинозалы,iptv-online-primary,X39821,X39821,,,,
KBC-Comics HD,Кинозалы,iptv-online-primary,X39800,X39800,,,,
KBC-Elite comedy's HD,Кинозалы,iptv-online-primary,X35448,X35448,,,,
KBC-Fantastic HD,Кинозалы,iptv-online-primary,X39795,X39795,,,,
KBC-History HD,Кинозалы,iptv-online-primary,X39796,X39796,,,,
KBC-Newfilm HD,Кинозалы,iptv-online-primary,X39048,X39048,,,,
KBC-WAR HD,Кинозалы,iptv-online-primary,X42051,X42051,,,,
KBC-Russian Комедия HD,Кинозалы,iptv-online-primary,X36168,X36168,,,,
KBC-Видак HD,Кинозалы,iptv-online-primary,X36251,X36251,,,,
KBC-ГАЙ Ritchie & Tarantino,Кинозалы,iptv-online-primary,X39819,X39819,,,,
KBC-ДрамаTic HD,Кинозалы,iptv-online-primary,X36732,X36732,,,,
KBC-Вестерн HD,Кинозалы,iptv-online-primary,X39825,X39825,,,,
KBC-Кошмарное HD,Кинозалы,iptv-online-primary,X36277,X36277,,,,
KBC-Страна СССР,Кинозалы,iptv-online-primary,X36506,X36506,,,,
KBC-Animals HD,Кинозалы,iptv-online-primary,X39823,X39823,,,,
KBC-MusKino HD,Кинозалы,iptv-online-primary,X39822,X39822,,,,
KBC-СпортМикс HD,Кинозалы,iptv-online-primary,X35525,X35525,,,,
KBC-ГОБЛИН HD,Кинозалы,iptv-online-primary,X42054,X42054,,,,
KBC-Шпионское HD,Кинозалы,iptv-online-primary,X39820,X39820,,,,
KBC-АНИМЕ HD,Кинозалы,iptv-online-primary,X42053,X42053,,,,
KBC-Легендарное HD,Кинозалы,iptv-online-primary,X39826,X39826,,,,
YOSSO TV VHS,Кинозалы,iptv-online-primary,Xyosso-vhs,Xyosso-vhs,,,,
YOSSO TV Русские фильмы,Кинозалы,iptv-online-primary,Xyosso-rusfilm,Xyosso-rusfilm,,,,
YOSSO TV Советские фильмы,Кинозалы,iptv-online-primary,Xyosso-sovfilm,Xyosso-sovfilm,,,,
YOSSO TV New Кино,Кинозалы,iptv-online-primary,Xyosso-newkino,Xyosso-newkino,,,,
YOSSO TV Трагичное,Кинозалы,iptv-online-primary,Xyosso-tragic,Xyosso-tragic,,,,
YOSSO TV Забавное,Кинозалы,iptv-online-primary,Xyosso-zabavno,Xyosso-zabavno,,,,
YOSSO BEST 60fps,Кинозалы,iptv-online-primary,Xyosso-best60fps,Xyosso-best60fps,,,,
YOSSO TV BEST,Кинозалы,iptv-online-primary,Xyosso-best,Xyosso-best,,,,
YOSSO TV Ковбойское,Кинозалы,iptv-online-primary,Xyosso-cowboy,Xyosso-cowboy,,,,
YOSSO TV Adrenaline,Кинозалы,iptv-online-primary,Xyosso-adventure,Xyosso-adventure,,,,
YOSSO TV Adventure,Кинозалы,iptv-online-primary,Xyosso-adventure,Xyosso-adventure,,,,
YOSSO TV OBLIVION,Кинозалы,iptv-online-primary,Xyosso-oblivion,Xyosso-oblivion,,,,
YOSSO TV Thriller,Кинозалы,iptv-online-primary,Xyosso-thriller,Xyosso-thriller,,,,
CineMan,Кинозалы,iptv-online-primary,Xcineman,Xcineman,,,,
CineMan Action,Кинозалы,iptv-online-primary,Xcineman-action,Xcineman-action,,,,
CineMan Комедия,Кинозалы,iptv-online-primary,Xcineman-comedy,Xcineman-comedy,,,,
CineMan Катастрофы,Кинозалы,iptv-online-primary,Xcineman-katastrofy,Xcineman-katastrofy,,,,
CineMan Лесник,Кинозалы,iptv-online-primary,Xcineman-lesnik,Xcineman-lesnik,,,,
CineMan Marvel,Кинозалы,iptv-online-primary,Xcineman-marvel,Xcineman-marvel,,,,
CineMan Melodrama,Кинозалы,iptv-online-primary,Xcineman-melodrama,Xcineman-melodrama,,,,
CineMan Ментовские Войны,Кинозалы,iptv-online-primary,Xcineman-musw,Xcineman-musw,,,,
CineMan MiniSeries,Кинозалы,iptv-online-primary,Xcineman-miniseries,Xcineman-miniseries,,,,
CineMan Пёс,Кинозалы,iptv-online-primary,Xcineman-pes,Xcineman-pes,,,,
CineMan Premium,Кинозалы,iptv-online-primary,Xcineman-premium,Xcineman-premium,,,,
CineMan РуКино,Кинозалы,iptv-online-primary,Xcineman-rukino,Xcineman-rukino,,,,
CineMan Симпсоны,Кинозалы,iptv-online-primary,Xcineman-simps,Xcineman-simps,,,,
CineMan Скорая помощь,Кинозалы,iptv-online-primary,Xcineman-skorpom,Xcineman-skorpom,,,,
CineMan Сваты,Кинозалы,iptv-online-primary,Xcineman-svaty,Xcineman-svaty,,,,
CineMan Thriller,Кинозалы,iptv-online-primary,Xcineman-thriller,Xcineman-thriller,,,,
CineMan Top,Кинозалы,iptv-online-primary,Xcineman-top,Xcineman-top,,,,
CineMan Ужасы,Кинозалы,iptv-online-primary,Xcineman-uzhasy,Xcineman-uzhasy,,,,
CineMan VHS,Кинозалы,iptv-online-primary,Xcineman-vhs,Xcineman-vhs,,,,
CineMan Глухарь + Карпов,Кинозалы,iptv-online-primary,Xcineman-gluhar,Xcineman-gluhar,,,,
BCU Biography HDR,Кинозалы,iptv-online-primary,Xbcu-biography-hdr,Xbcu-biography-hdr,,,,
BOX Franchise HD,Кинозалы,iptv-online-primary,Xbox-franchise,Xbox-franchise,,,,
BOX Hybrid HD,Кинозалы,iptv-online-primary,Xbox-hybrid,Xbox-hybrid,,,,
BOX Gangster HD,Кинозалы,iptv-online-primary,Xbox-gangster,Xbox-gangster,,,,
BOX Oscar HD,Кинозалы,iptv-online-primary,Xbox-oscar,Xbox-oscar,,,,
BOX Memory HD,Кинозалы,iptv-online-primary,Xbox-memory,Xbox-memory,,,,
BOX Serial HD,Кинозалы,iptv-online-primary,Xbox-serial,Xbox-serial,,,,
BOX Game HD,Кинозалы,iptv-online-primary,Xbox-game,Xbox-game,,,,
BOX Spy HD,Кинозалы,iptv-online-primary,Xbox-spy,Xbox-spy,,,,
BOX Western HD,Кинозалы,iptv-online-primary,Xbox-western,Xbox-western,,,,
BOX Zombie HD,Кинозалы,iptv-online-primary,Xbox-zombie,Xbox-zombie,,,,
BOX Cyber HD,Кинозалы,iptv-online-primary,Xbox-cyber,Xbox-cyber,,,,
BOX Ghost HD,Кинозалы,iptv-online-primary,Xbox-ghost,Xbox-ghost,,,,
BOX Stories HD,Кинозалы,iptv-online-primary,Xbox-stories,Xbox-stories,,,,
BOX Fantasy HD,Кинозалы,iptv-online-primary,Xbox-fantasy,Xbox-fantasy,,,,
BOX Mayday HD,Кинозалы,iptv-online-primary,Xbox-myday,Xbox-myday,,,,
GL Series,Кинозалы,iptv-online-primary,Xgoldline-series,Xgoldline-series,,,,
GL Survival,Кинозалы,iptv-online-primary,Xgoldline-survival,Xgoldline-survival,,,,
GL Детектив,Кинозалы,iptv-online-primary,Xgoldline-detektiv,Xgoldline-detektiv,,,,
GL Brief,Кинозалы,iptv-online-primary,Xgoldline-brief,Xgoldline-brief,,,,
GL Evidence,Кинозалы,iptv-online-primary,Xgoldline-evidence,Xgoldline-evidence,,,,
GL Exist,Кинозалы,iptv-online-primary,Xgoldline-exist,Xgoldline-exist,,,,
GL Island,Кинозалы,iptv-online-primary,Xgoldline-island,Xgoldline-island,,,,
GL Naked&Funny,Кинозалы,iptv-online-primary,Xgoldline-naked,Xgoldline-naked,,,,
GL Psycho,Кинозалы,iptv-online-primary,Xgoldline-psy,Xgoldline-psy,,,,
NEXT Volt,Кинозалы,iptv-online-primary,Xnext-volt,Xnext-volt,,,,
NEXT Blaze,Кинозалы,iptv-online-primary,Xnext-blaze,Xnext-blaze,,,,
NEXT Spark,Кинозалы,iptv-online-primary,Xnext-spark,Xnext-spark,,,,
NEXT Mythic,Кинозалы,iptv-online-primary,Xnext-mythic,Xnext-mythic,,,,
NEXT Shadow,Кинозалы,iptv-online-primary,Xnext-shadow,Xnext-shadow,,,,
NEXT Nova,Кинозалы,iptv-online-primary,Xnext-nova,Xnext-nova,,,,
NEXT Vibe,Кинозалы,iptv-online-primary,Xnext-vibe,Xnext-vibe,,,,
NEXT Aura,Кинозалы,iptv-online-primary,Xnext-aura,Xnext-aura,,,,
NEXT Venture,Кинозалы,iptv-online-primary,Xnext-venture,Xnext-venture,,,,
NEXT Epic,Кинозалы,iptv-online-primary,Xnext-epic,Xnext-epic,,,,
NEXT Horizon,Кинозалы,iptv-online-primary,Xnext-horizon,Xnext-horizon,,,,
NEXT Joy,Кинозалы,iptv-online-primary,Xnext-joy,Xnext-joy,,,,
NEXT Echo,Кинозалы,iptv-online-primary,Xnext-echo,Xnext-echo,,,,
NEXT Fusion,Кинозалы,iptv-online-primary,Xnext-fusion,Xnext-fusion,,,,
NEXT Vision,Кинозалы,iptv-online-primary,Xnext-vision,Xnext-vision,,,,
NEXT Bolt,Кинозалы,iptv-online-primary,Xnext-bolt,Xnext-bolt,,,,
NEXT Pulse,Кинозалы,iptv-online-primary,Xnext-pulse,Xnext-pulse,,,,
NEXT Strike,Кинозалы,iptv-online-primary,Xnext-strike,Xnext-strike,,,,
NEXT Quest,Кинозалы,iptv-online-primary,Xnext-quest,Xnext-quest,,,,
NEXT Peak,Кинозалы,iptv-online-primary,Xnext-peak,Xnext-peak,,,,
MM 007 HD,Кинозалы,iptv-online-primary,Xminimax-007,Xminimax-007,,,,
MM Flip UHD,Кинозалы,iptv-online-primary,Xminimax-flip,Xminimax-flip,,,,
MM Honey HD,Кинозалы,iptv-online-primary,Xminimax-honey,Xminimax-honey,,,,
MM Live Planet HD,Кинозалы,iptv-online-primary,Xminimax-live-planet,Xminimax-live-planet,,,,
MM NewFilm 2 HD,Кинозалы,iptv-online-primary,Xminimax-newfilm2,Xminimax-newfilm2,,,,
MM NewFilm 3 HD,Кинозалы,iptv-online-primary,Xminimax-newfilm3,Xminimax-newfilm3,,,,
MM NewFilm RU HD,Кинозалы,iptv-online-primary,Xminimax-newfilmru,Xminimax-newfilmru,,,,
MM UFO HD,Кинозалы,iptv-online-primary,Xminimax-ufo,Xminimax-ufo,,,,
MM USSR 1941-1945 HD,Кинозалы,iptv-online-primary,Xminimax-ussr-1941-1945,Xminimax-ussr-1941-1945,,,,
MM USSR Детектив HD,Кинозалы,iptv-online-primary,Xminimax-ussr-detektiv,Xminimax-ussr-detektiv,,,,
MM USSR Комедия HD,Кинозалы,iptv-online-primary,Xminimax-ussr-komedija,Xminimax-ussr-komedija,,,,
MM USSR Приключения HD,Кинозалы,iptv-online-primary,Xminimax-ussr-prikluchenija,Xminimax-ussr-prikluchenija,,,,
MM USSR Драма HD,Кинозалы,iptv-online-primary,Xminimax-ussr-fantastika,Xminimax-ussr-fantastika,,,,
MM Боевик HD,Кинозалы,iptv-online-primary,Xminimax-boevik,Xminimax-boevik,,,,
MM Боевик Classic HD,Кинозалы,iptv-online-primary,Xminimax-boevik_classic,Xminimax-boevik_classic,,,,
MM Вестерн HD,Кинозалы,iptv-online-primary,Xminimax-western,Xminimax-western,,,,
MM Воронины HD,Кинозалы,iptv-online-primary,Xminimax-voronini,Xminimax-voronini,,,,
MM Затмение HD,Кинозалы,iptv-online-primary,Xminimax-zatmenie,Xminimax-zatmenie,,,,
MM История HD,Кинозалы,iptv-online-primary,Xminimax-istorija,Xminimax-istorija,,,,
MM Катастрофа HD,Кинозалы,iptv-online-primary,Xminimax-katastrofa,Xminimax-katastrofa,,,,
MM Киберпанк HD,Кинозалы,iptv-online-primary,Xminimax-kiberpunk,Xminimax-kiberpunk,,,,
MM Комедия Classic HD,Кинозалы,iptv-online-primary,Xminimax-comedy_classic,Xminimax-comedy_classic,,,,
MM Комедия HD,Кинозалы,iptv-online-primary,Xminimax-comedy,Xminimax-comedy,,,,
MM Криминал HD,Кинозалы,iptv-online-primary,Xminimax-kriminal,Xminimax-kriminal,,,,
MM Крутые 90-е HD,Кинозалы,iptv-online-primary,Xminimax-krutie-90-e,Xminimax-krutie-90-e,,,,
MM Кунг-Фу HD,Кинозалы,iptv-online-primary,Xminimax-kungfu,Xminimax-kungfu,,,,
MM Мифология HD,Кинозалы,iptv-online-primary,Xminimax-mifologija,Xminimax-mifologija,,,,
MM Нуар HD,Кинозалы,iptv-online-primary,Xminimax-nuar,Xminimax-nuar,,,,
MM Погружение HD,Кинозалы,iptv-online-primary,Xminimax-pogrujenie,Xminimax-pogrujenie,,,,
MM Полицейский С Рублёвки HD,Кинозалы,iptv-online-primary,Xminimax-police,Xminimax-police,,,,
MM Приключения HD,Кинозалы,iptv-online-primary,Xminimax-prikluchenija,Xminimax-prikluchenija,,,,
MM Роскино HD,Кинозалы,iptv-online-primary,Xminimax-roskino,Xminimax-roskino,,,,
MM Сваты HD,Кинозалы,iptv-online-primary,Xminimax-svati,Xminimax-svati,,,,
MM Семейный 1 HD,Кинозалы,iptv-online-primary,Xminimax-family1,Xminimax-family1,,,,
MM Семейный 2 HD,Кинозалы,iptv-online-primary,Xminimax-family2,Xminimax-family2,,,,
MM Ситком HD,Кинозалы,iptv-online-primary,Xminimax-sitkom,Xminimax-sitkom,,,,
MM Ситком 2.0 HD,Кинозалы,iptv-online-primary,Xminimax-sitkom20,Xminimax-sitkom20,,,,
MM Скорость HD,Кинозалы,iptv-online-primary,Xminimax-skorost,Xminimax-skorost,,,,
MM Спорт HD,Кинозалы,iptv-online-primary,Xminimax-sport,Xminimax-sport,,,,
MM Супергерои HD,Кинозалы,iptv-online-primary,Xminimax-supergeroi,Xminimax-supergeroi,,,,
MM Триллер HD,Кинозалы,iptv-online-primary,Xminimax-triller,Xminimax-triller,,,,
MM Ужастик HD,Кинозалы,iptv-online-primary,Xminimax-ujastik,Xminimax-ujastik,,,,
MM Ужасы Classic HD,Кинозалы,iptv-online-primary,Xminimax-ujasi-classic,Xminimax-ujasi-classic,,,,
MM Ужасы HD,Кинозалы,iptv-online-primary,Xminimax-ujasi,Xminimax-ujasi,,,,
MM Фантастика HD,Кинозалы,iptv-online-primary,Xminimax-fantastika,Xminimax-fantastika,,,,
MM Фобия HD,Кинозалы,iptv-online-primary,Xminimax-fobija,Xminimax-fobija,,,,
MM Celebrity HD,Кинозалы,iptv-online-primary,Xminimax-celebrity,Xminimax-celebrity,,,,
MM Classic HD,Кинозалы,iptv-online-primary,Xminimax-classic,Xminimax-classic,,,,
MM Translation HD,Кинозалы,iptv-online-primary,Xminimax-translation,Xminimax-translation,,,,
MM Драма HD,Кинозалы,iptv-online-primary,Xminimax-drama,Xminimax-drama,,,,
MM Микромир HD,Кинозалы,iptv-online-primary,Xminimax-micromir,Xminimax-micromir,,,,
MM Макромир HD,Кинозалы,iptv-online-primary,Xminimax-makromir,Xminimax-makromir,,,,
MM Мегамир HD,Кинозалы,iptv-online-primary,Xminimax-megamir,Xminimax-megamir,,,,
MS Prisons HD,Кинозалы,iptv-online-primary,Xminimax-ms-prisons,Xminimax-ms-prisons,,,,
MM Агата Кристи HD,Кинозалы,iptv-online-primary,Xminimax-agata,Xminimax-agata,,,,
MM Стивен Кинг HD,Кинозалы,iptv-online-primary,Xminimax-st-king,Xminimax-st-king,,,,
BCU Ultra 4K,Кино 4K,iptv-online-primary,Xbcu-ultra4k,Xbcu-ultra4k,,,,
BCU Premiere Ultra 4K,Кино 4K,iptv-online-primary,Xbcu-premiere-4k,Xbcu-premiere-4k,,,,
BCU Сваты 4K,Кино 4K,iptv-online-primary,Xbcu-svaty,Xbcu-svaty,,,,
Кино UHD 4k,Кино 4K,iptv-online-primary,Xkino-ultra-hd,Xkino-ultra-hd,,,,
CineMan Relax 4K,Кино 4K,iptv-online-primary,Xcineman-relax,Xcineman-relax,,,,
BOX Serial 4K,Кино 4K,iptv-online-primary,Xbox-serial4k,Xbox-serial4k,,,,
BOX Remast+ 4K,Кино 4K,iptv-online-primary,Xbox-remast-4k,Xbox-remast-plus-4k.png,,,,
BOX Remast 4K,Кино 4K,iptv-online-primary,Xbox-remast-4k,Xbox-remast-4k,,,,
BOX Relax 4K,Кино 4K,iptv-online-primary,Xbox-relax,Xbox-relax,,,,
YOSSO-4K,Кино 4K,iptv-online-primary,Xyosso-4k,Xyosso-4k,,,,
Bear TV МегаКадр RU UHD,Кино 4K,iptv-online-primary,X000101_MegaKadr,000101_MegaKadr,,,,
Bear TV Золотой Экран RU UHD,Кино 4K,iptv-online-primary,X000102_GoldenScreen,000102_GoldenScreen,,,,
Bear TV КиноВремя RU UHD,Кино 4K,iptv-online-primary,X000104_KinoTime,000104_KinoTime,,,,
Bear TV КиноМир RU UHD,Кино 4K,iptv-online-primary,X000105_SerialWorld,000105_SerialWorld,,,,
Bear TV Хитовый Экран RU UHD,Кино 4K,iptv-online-primary,X000109_SerialHit,000109_SerialHit,,,,
Bear TV Фильмонавт RU UHD,Кино 4K,iptv-online-primary,X000110_Filmonavt,000110_Filmonavt,,,,
Bear TV КиноГоризонт RU UHD,Кино 4K,iptv-online-primary,X000113_KinoHorizon,000113_KinoHorizon,,,,
Bear TV Сюжет ТВ RU UHD,Кино 4K,iptv-online-primary,X000115_SyuzhetTV,000115_SyuzhetTV,,,,
Bear TV Кадр Плюс RU UHD,Кино 4K,iptv-online-primary,X000116_KadrPlus,000116_KadrPlus,,,,
Bear TV КиноПульс RU UHD,Кино 4K,iptv-online-primary,X000117_KinoPulse,000117_KinoPulse,,,,
Bear TV Экран 24 RU UHD,Кино 4K,iptv-online-primary,X000121_Ekran24,000121_Ekran24,,,,
Bear TV Ночной Сеанс RU UHD,Кино 4K,iptv-online-primary,X000130_NightSeans,000130_NightSeans,,,,
Bear TV Премьера Live RU UHD,Кино 4K,iptv-online-primary,X000131_PremiereLive,000131_PremiereLive,,,,
Bear TV КиноМаршрут RU UHD,Кино 4K,iptv-online-primary,X000132_KinoMarshrut,000132_KinoMarshrut,,,,
Bear TV Легенды Экрана RU UHD,Кино 4K,iptv-online-primary,X000133_LegendsEkrana,000133_LegendsEkrana,,,,
Bear TV КиноВолна RU UHD,Кино 4K,iptv-online-primary,X000135_MovieWave,000135_MovieWave,,,,
Bear TV КиноОрбита RU UHD,Кино 4K,iptv-online-primary,X000137_CinemaOrbit,000137_CinemaOrbit,,,,
Bear TV Галактика Кино RU UHD,Кино 4K,iptv-online-primary,X000139_FilmGalaxy,000139_FilmGalaxy,,,,
Bear TV КиноСфера RU UHD,Кино 4K,iptv-online-primary,X000141_KinoSphere,000141_KinoSphere,,,,
Bear TV КиноДрайв RU UHD,Кино 4K,iptv-online-primary,X000143_KinoDrive,000143_KinoDrive,,,,
Bear TV Блокбастер ТВ RU UHD,Кино 4K,iptv-online-primary,X000144_BlockbusterTV,000144_BlockbusterTV,,,,
Bear TV Фильм Канал RU UHD,Кино 4K,iptv-online-primary,X000199_FilmKanal,000199_FilmKanal,,,,
Bear TV КиноЛиния RU UHD,Кино 4K,iptv-online-primary,X000201_KinoLine,000201_KinoLine,,,,
Bear TV КиноЗвезда RU UHD,Кино 4K,iptv-online-primary,X000202_MovieStar,000202_MovieStar,,,,
Bear TV КиноАрена RU UHD,Кино 4K,iptv-online-primary,X000203_KinoArena,000203_KinoArena,,,,
Bear TV Экран Будущего RU UHD,Кино 4K,iptv-online-primary,X000204_EkranFuture,000204_EkranFuture,,,,
Bear TV Кино Нова RU UHD,Кино 4K,iptv-online-primary,X000205_CinemaNova,000205_CinemaNova,,,,
Bear TV КиноФокус RU UHD,Кино 4K,iptv-online-primary,X000206_KinoFocus,000206_KinoFocus,,,,
Bear TV ФильмПоток RU UHD,Кино 4K,iptv-online-primary,X000207_FilmPotok,000207_FilmPotok,,,,
Bear TV КиноМикс RU UHD,Кино 4K,iptv-online-primary,X000208_KinoMix,000208_KinoMix,,,,
Bear TV КиноКлассика RU UHD,Кино 4K,iptv-online-primary,X000209_KinoClassic,000209_KinoClassic,,,,
Bear TV СуперСеанс RU UHD,Кино 4K,iptv-online-primary,X000210_SuperSeans,000210_SuperSeans,,,,
Bear TV КиноДом RU UHD,Кино 4K,iptv-online-primary,X000211_HDKinoDom,000211_HDKinoDom,,,,
Bear TV КиноПланета RU UHD,Кино 4K,iptv-online-primary,X000212_KinoPlanet,000212_KinoPlanet,,,,
Bear TV КиноНочь RU UHD,Кино 4K,iptv-online-primary,X000213_MovieNight,000213_MovieNight,,,,
Bear TV КиноПортал RU UHD,Кино 4K,iptv-online-primary,X000214_KinoPortal,000214_KinoPortal,,,,
Bear TV Экран Премиум RU UHD,Кино 4K,iptv-online-primary,X000215_EkranPremium,000215_EkranPremium,,,,
Bear TV КиноСвет RU UHD,Кино 4K,iptv-online-primary,X000216_KinoSvet,000216_KinoSvet,,,,
Bear TV ФильмЭкспресс RU UHD,Кино 4K,iptv-online-primary,X000217_FilmExpress,000217_FilmExpress,,,,
Bear TV Парк Кино RU UHD,Кино 4K,iptv-online-primary,X000218_SerialPark,000218_SerialPark,,,,
Bear TV Время Кино RU UHD,Кино 4K,iptv-online-primary,X000219_CinemaTime,000219_CinemaTime,,,,
Bear TV КиноМаяк RU UHD,Кино 4K,iptv-online-primary,X000220_KinoMayak,000220_KinoMayak,,,,
Bear TV КиноБаза RU UHD,Кино 4K,iptv-online-primary,X000221_KinoBaza,000221_KinoBaza,,,,
Bear TV ФильмЗона RU UHD,Кино 4K,iptv-online-primary,X000222_FilmZone,000222_FilmZone,,,,
Bear TV КиноИмперия RU UHD,Кино 4K,iptv-online-primary,X000223_KinoEmpire,000223_KinoEmpire,,,,
Bear TV Экран Хит RU UHD,Кино 4K,iptv-online-primary,X000224_EkranHit,000224_EkranHit,,,,
Bear TV Линия Кино RU UHD,Кино 4K,iptv-online-primary,X000225_MovieLine,000225_MovieLine,,,,
Bear TV КиноРитм RU UHD,Кино 4K,iptv-online-primary,X000226_KinoRhythm,000226_KinoRhythm,,,,
Bear TV Сеанс 24/7 RU UHD,Кино 4K,iptv-online-primary,X000227_Seans247,000227_Seans247,,,,
Bear TV Киномания RU UHD,Кино 4K,iptv-online-primary,X009999_KinoMania,009999_KinoMania,,,,
Eurosport,Спорт,iptv-online-primary,Xeurosport1,Xeurosport1,,,,
Eurosport HD,Спорт,iptv-online-primary,Xeurosport1,Xeurosport1,,,,
Eurosport 4K,Спорт,iptv-online-primary,Xeurosport1,Xeurosport1,,,,
Eurosport 2,Спорт,iptv-online-primary,Xeurosport2,Xeurosport2,,,,
Eurosport 2 HD,Спорт,iptv-online-primary,Xeurosport2,Xeurosport2,,,,
Матч! ПРЕМЬЕР,Спорт,iptv-online-primary,Xmatch-premier,Xmatch-premier,,,,
Матч Премьер HD,Спорт,iptv-online-primary,Xmatch-premier,Xmatch-premier,,,,
Матч Арена,Спорт,iptv-online-primary,Xmatch-arena,Xmatch-arena,,,,
Матч! Арена HD,Спорт,iptv-online-primary,Xmatch-arena,Xmatch-arena,,,,
Матч! Планета,Спорт,iptv-online-primary,Xmatch-planeta,Xmatch-planeta,,,,
Матч ТВ,Спорт,iptv-online-primary,Xmatch-tv,Xmatch-tv,,,,
Матч! HD,Спорт,iptv-online-primary,Xmatch-tv,Xmatch-tv,,,,
Матч! 50fps,Спорт,iptv-online-primary,Xmatch-tv,Xmatch-tv,,,,
Матч! Боец HD,Спорт,iptv-online-primary,Xmatch-boets,Xmatch-boets,,,,
МАТЧ! Страна,Спорт,iptv-online-primary,Xmatch-nash-sport,Xmatch-nash-sport,,,,
Матч! Страна HD,Спорт,iptv-online-primary,Xmatch-nash-sport,Xmatch-nash-sport,,,,
Матч! Игра,Спорт,iptv-online-primary,Xmatch-igra,Xmatch-igra,,,,
Матч! Игра HD,Спорт,iptv-online-primary,Xmatch-igra,Xmatch-igra,,,,
Матч! Футбол 1 HD,Спорт,iptv-online-primary,Xmatch-football1,Xmatch-football1,,,,
Матч Футбол 1,Спорт,iptv-online-primary,Xmatch-football1,Xmatch-football1,,,,
Матч! Футбол 2 HD,Спорт,iptv-online-primary,Xmatch-football2,Xmatch-football2,,,,
Матч! Футбол 3 HD,Спорт,iptv-online-primary,Xmatch-football3,Xmatch-football3,,,,
Megogo Спорт HD,Спорт,iptv-online-primary,Xmegogo-sport,Xmegogo-sport,,,,
Megogo Футбол 1 HD,Спорт,iptv-online-primary,Xmegogo-football-1,Xmegogo-football-1,,,,
Megogo Футбол 2 HD,Спорт,iptv-online-primary,Xmegogo-football-2,Xmegogo-football-2,,,,
Megogo Футбол 3 HD,Спорт,iptv-online-primary,Xmegogo-football-3,Xmegogo-football-3,,,,
Megogo Футбол 4 HD,Спорт,iptv-online-primary,Xmegogo-football-4,Xmegogo-football-4,,,,
Megogo Футбол 5 HD,Спорт,iptv-online-primary,Xmegogo-football-5,Xmegogo-football-5,,,,
Megogo Гонг,Спорт,iptv-online-primary,Xmegogo-gong,Xmegogo-gong,,,,
Setanta Sports Ukraine,Спорт,iptv-online-primary,Xsetanta-ua,Xsetanta-ua,,,,
Setanta Sports HD 50fps,Спорт,iptv-online-primary,Xsetanta-ua,Xsetanta-ua,,,,
Setanta Sports+ HD 50fps,Спорт,iptv-online-primary,Xsetanta-plus-ua,Xsetanta-plus-ua,,,,
Setanta Sports+ Ukraine,Спорт,iptv-online-primary,Xsetanta-plus-ua,Xsetanta-plus-ua,,,,
Setanta Sports 1 HD,Спорт,iptv-online-primary,Xsetanta-sports,Xsetanta-sports,,,,
Setanta Sports 2 HD,Спорт,iptv-online-primary,Xsetanta-sports-plus,Xsetanta-sports-plus,,,,
Setanta Qazaqstan,Спорт,iptv-online-primary,Xsetanta-kz,Xsetanta-kz,,,,
Суспільне Спорт,Спорт,iptv-online-primary,Xsuspilne-sport-ua,Xsuspilne-sport-ua,,,,
Суспільне Спорт 50FPS,Спорт,iptv-online-primary,Xsuspilne-sport-ua,Xsuspilne-sport-ua,,,,
DiviSport,Спорт,iptv-online-primary,Xdivisport,Xdivisport,,,,
Dynamo Kyiv TV,Спорт,iptv-online-primary,Xdynamo-kyiv-tv,Xdynamo-kyiv-tv,,,,
Футбол,Спорт,iptv-online-primary,Xfootball-ru,Xfootball-ru,,,,
Футбол HD,Спорт,iptv-online-primary,Xfootball-ru,Xfootball-ru,,,,
Viju+ Sport,Спорт,iptv-online-primary,Xviasat-sport,Xviasat-sport,,,,
Viju+ Sport HD,Спорт,iptv-online-primary,Xviasat-sport,Xviasat-sport,,,,
Окко Спорт HD,Спорт,iptv-online-primary,Xokko-sport,Xokko-sport,,,,
Окко Футбол HD,Спорт,iptv-online-primary,Xokko-football,Xokko-football,,,,
Окко.Прайм Спорт,Спорт,iptv-online-primary,Xokko-sport-2,Xokko-sport-2,,,,
Окко Чемпионат,Спорт,iptv-online-primary,Xokko-chemp,Xokko-chemp,,,,
Старт Триумф HD,Спорт,iptv-online-primary,Xstart-triumf,Xstart-triumf,,,,
Старт HD,Спорт,iptv-online-primary,Xstart,Xstart,,,,
КХЛ,Спорт,iptv-online-primary,Xkxl,Xkxl,,,,
KHL Prime,Спорт,iptv-online-primary,Xkxl-hd,Xkxl-hd,,,,
Хоккейный,Спорт,iptv-online-primary,Xxokkejny,Xxokkejny,,,,
Бокс ТВ,Спорт,iptv-online-primary,Xbox-tv,Xbox-tv,,,,
Sport 1 UA,Спорт,iptv-online-primary,Xsport1-ua,Xsport1-ua,,,,
Sport 2 UA,Спорт,iptv-online-primary,Xsport2-ua,Xsport2-ua,,,,
NBA TV,Спорт,iptv-online-primary,Xnba-tv,Xnba-tv,,,,
Мир Баскетбола,Спорт,iptv-online-primary,Xmir-basketbola,Xmir-basketbola,,,,
Мяч,Спорт,iptv-online-primary,Xfootbolny,Xfootbolny,,,,
Авто Плюс,Спорт,iptv-online-primary,Xavto-plus,Xavto-plus,,,,
Extreme Sports,Спорт,iptv-online-primary,Xextreme-sports,Xextreme-sports,,,,
Спортивный,Спорт,iptv-online-primary,Xsportivny,Xsportivny,,,,
UDAR,Спорт,iptv-online-primary,Xufc,Xufc,,,,
Живи активно HD,Спорт,iptv-online-primary,Xzhivi-aktivno,Xzhivi-aktivno,,,,
Русский Экстрим,Спорт,iptv-online-primary,Xrussky-ekstrim,Xrussky-ekstrim,,,,
Точка отрыва,Спорт,iptv-online-primary,Xtochka-otryva,Xtochka-otryva,,,,
Авто 24,Спорт,iptv-online-primary,Xavto24,Xavto24,,,,
Cars & Stars TV HD,Спорт,iptv-online-primary,Xcars-n-stars,Xcars-n-stars,,,,
FightBox,Спорт,iptv-online-primary,Xfightbox-hd,Xfightbox-hd,,,,
TRACE Sport Stars,Спорт,iptv-online-primary,Xtrace-sport-stars,Xtrace-sport-stars,,,,
Fast&FunBox,Спорт,iptv-online-primary,Xfastfunbox-hd,Xfastfunbox-hd,,,,
MAINCAST SPORT,Спорт,iptv-online-primary,Xmaincast-sport,Xmaincast-sport,,,,
UPL.TV HD,Спорт,iptv-online-primary,Xupltv,Xupltv,,,,
QazSport,Спорт,iptv-online-primary,Xkazsport,Xkazsport,,,,
BOX_SPORT_LIVE_1_HD,Спорт,iptv-online-primary,Xbox-sportcast-live1,Xbox-sportcast-live1,,,,
BOX_SPORT_LIVE_2_HD,Спорт,iptv-online-primary,Xbox-sportcast-live2,Xbox-sportcast-live2,,,,
BOX_SPORT_LIVE_3_HD,Спорт,iptv-online-primary,Xbox-sportcast-live3,Xbox-sportcast-live3,,,,
BOX_SPORT_LIVE_4_HD,Спорт,iptv-online-primary,Xbox-sportcast-live4,Xbox-sportcast-live4,,,,
BOX_SPORT_LIVE_5_HD,Спорт,iptv-online-primary,Xbox-sportcast-live5,Xbox-sportcast-live5,,,,
BOX_SPORT_LIVE_6_HD,Спорт,iptv-online-primary,Xbox-sportcast-live6,Xbox-sportcast-live6,,,,
BOX_SPORT_LIVE_7_HD,Спорт,iptv-online-primary,Xbox-sportcast-live7,Xbox-sportcast-live7,,,,
BOX_SPORT_LIVE_8_HD,Спорт,iptv-online-primary,Xbox-sportcast-live8,Xbox-sportcast-live8,,,,
BOX_SPORT_LIVE_9_HD,Спорт,iptv-online-primary,Xbox-sportcast-live9,Xbox-sportcast-live9,,,,
BeIN Sports 2 HD FR,Спорт,iptv-online-primary,Xbein-sport-2,Xbein-sport-2,,,,
BeIN Sports 3 HD FR,Спорт,iptv-online-primary,Xbein-sport-3,Xbein-sport-3,,,,
BeIN Sport 4 HD,Спорт,iptv-online-primary,Xbein-sport-4,Xbein-sport-4,,,,
TNT Sport 1 HD,Спорт,iptv-online-primary,Xbt-sport1,Xbt-sport1,,,,
TNT Sport 2 HD,Спорт,iptv-online-primary,Xbt-sport2,Xbt-sport2,,,,
TNT Sport 3 HD,Спорт,iptv-online-primary,Xbt-sport3,Xbt-sport3,,,,
Sky Sports Mix,Спорт,iptv-online-primary,Xsky-sports-mix,Xsky-sports-mix,,,,
Movistar Formula 1,Спорт,iptv-online-primary,Xno_epg_sport,Xno_epg_sport,,,,
Fox Sport 1 HD,Спорт,iptv-online-primary,Xno_epg_sport,Xno_epg_sport,,,,
Fox Sport 2 HD,Спорт,iptv-online-primary,Xno_epg_sport,Xno_epg_sport,,,,
Sky Sport Bundesliga HD,Спорт,iptv-online-primary,Xsky-sport-bl1,Xsky-sport-bl1,,,,
BOX Be ON Edge HD,Спорт,iptv-online-primary,Xbox-beonedge,Xbox-beonedge,,,,
BOX Be ON Edge 1 Live HD,Спорт,iptv-online-primary,Xbox-beonedge1live,Xbox-beonedge1live,,,,
BOX Be ON Edge 2 Live HD,Спорт,iptv-online-primary,Xbox-beonedge2live,Xbox-beonedge2live,,,,
BOX SportCast Live 1 HD,Спорт,iptv-online-primary,Xbox-sportcast-live1,Xbox-sportcast-live1,,,,
BOX SportCast Live 2 HD,Спорт,iptv-online-primary,Xbox-sportcast-live2,Xbox-sportcast-live2,,,,
BOX SportCast Live 3 HD,Спорт,iptv-online-primary,Xbox-sportcast-live3,Xbox-sportcast-live3,,,,
BOX SportCast Live 4 HD,Спорт,iptv-online-primary,Xbox-sportcast-live4,Xbox-sportcast-live4,,,,
BOX SportCast Live 5 HD,Спорт,iptv-online-primary,Xbox-sportcast-live5,Xbox-sportcast-live5,,,,
BOX SportCast Live 6 HD,Спорт,iptv-online-primary,Xbox-sportcast-live6,Xbox-sportcast-live6,,,,
BOX SportCast Live 7 HD,Спорт,iptv-online-primary,Xbox-sportcast-live7,Xbox-sportcast-live7,,,,
BOX SportCast Live 8 HD,Спорт,iptv-online-primary,Xbox-sportcast-live8,Xbox-sportcast-live8,,,,
BOX SportCast Live 9 HD,Спорт,iptv-online-primary,Xbox-sportcast-live9,Xbox-sportcast-live9,,,,
Diema Sport HD,Спорт,iptv-online-primary,Xdiema-sport-1,Xdiema-sport-1,,,,
Diema Sport 2 HD,Спорт,iptv-online-primary,Xdiema-sport-2,Xdiema-sport-2,,,,
Diema Sport 3 HD,Спорт,iptv-online-primary,Xdiema-sport-3,Xdiema-sport-3,,,,
Sport 1 Baltic,Спорт,iptv-online-primary,Xsport1-baltic,Xsport1-baltic,,,,
V Sport Ultra HD,Спорт,iptv-online-primary,Xv-sport-ultrahd,Xv-sport-ultrahd,,,,
NHL Network,Спорт,iptv-online-primary,Xnhl-network-us,Xnhl-network-us,,,,
Sky Sports Tennis,Спорт,iptv-online-primary,Xsky-sports-tennis,Xsky-sports-tennis,,,,
Sky Sports Football UK,Спорт,iptv-online-primary,Xsky-sports-football,Xsky-sports-football,,,,
Discovery Channel HD,Познавательные,iptv-online-primary,Xdiscovery-channel,Xdiscovery-channel,,,,
National Geographic,Познавательные,iptv-online-primary,Xnational-geographic,Xnational-geographic,,,,
Nat Geo Wild HD,Познавательные,iptv-online-primary,Xnat-geo-wild,Xnat-geo-wild,,,,
Animal Planet HD,Познавательные,iptv-online-primary,Xanimal-planet-eu,Xanimal-planet-eu,,,,
DocuBox HD,Познавательные,iptv-online-primary,Xdocubox-hd,Xdocubox-hd,,,,
HGTV HD,Познавательные,iptv-online-primary,Xhgtv,Xhgtv,,,,
HD Life,Познавательные,iptv-online-primary,Xhd-life,Xhd-life,,,,
Viasat History HD CEE,Познавательные,iptv-online-primary,Xhistory-viasat-en,Xhistory-viasat-en,,,,
Viasat Nature,Познавательные,iptv-online-primary,Xviasat-nature-cee,Xviasat-nature-cee,,,,
Viasat Explore,Познавательные,iptv-online-primary,Xviasat-explore-cee,Xviasat-explore-cee,,,,
Viasat History HD,Познавательные,iptv-online-primary,Xviasat-history,Xviasat-history,,,,
Viju Explore HD,Познавательные,iptv-online-primary,Xviasat-explore,Xviasat-explore,,,,
Viju History HD,Познавательные,iptv-online-primary,Xviasat-history,Xviasat-history,,,,
Viju Nature HD,Познавательные,iptv-online-primary,Xviasat-nature,Xviasat-nature,,,,
Viju+ Planet HD,Познавательные,iptv-online-primary,Xviasat-nature-history-hd,Xviasat-nature-history-hd,,,,
TLC HD,Познавательные,iptv-online-primary,Xtlc,Xtlc,,,,
Big Planet HD,Познавательные,iptv-online-primary,Xbig-planet,Xbig-planet,,,,
Travel Channel HD,Познавательные,iptv-online-primary,Xtravel-channel,Xtravel-channel,,,,
RTG HD,Познавательные,iptv-online-primary,Xrtg-hd,Xrtg-hd,,,,
H2 HD,Познавательные,iptv-online-primary,Xh2,Xh2,,,,
The Explorers,Познавательные,iptv-online-primary,Xthe-explorers,Xthe-explorers,,,,
Travel+Adventure HD,Познавательные,iptv-online-primary,Xtravel-adventure,Xtravel-adventure,,,,
Travel XP HD,Познавательные,iptv-online-primary,Xtravel-xp-hd,Xtravel-xp-hd,,,,
Travel XP 4K,Познавательные,iptv-online-primary,Xtravel-xp-hd,Xtravel-xp-hd,,,,
Глазами туриста HD,Познавательные,iptv-online-primary,Xglazami-turista,Xglazami-turista,,,,
Приключения HD,Познавательные,iptv-online-primary,Xprikluchenia-hd,Xprikluchenia-hd,,,,
Большая Азия HD,Познавательные,iptv-online-primary,Xbolshaya-azia,Xbolshaya-azia,,,,
Поехали HD,Познавательные,iptv-online-primary,Xpoexali,Xpoexali,,,,
Живая природа HD,Познавательные,iptv-online-primary,Xzhivaya-priroda,Xzhivaya-priroda,,,,
Живая планета,Познавательные,iptv-online-primary,Xzhivaya-planeta,Xzhivaya-planeta,,,,
Рыболов,Познавательные,iptv-online-primary,Xoxotnik-i-rybolov,Xoxotnik-i-rybolov,,,,
Охотник и рыболов HD,Познавательные,iptv-online-primary,Xoxotnik-i-rybolov-hd,Xoxotnik-i-rybolov-hd,,,,
Охота и Рыбалка,Познавательные,iptv-online-primary,Xoxota-i-rybalka,Xoxota-i-rybalka,,,,
Рыбалка HD,Познавательные,iptv-online-primary,Xrybalka,Xrybalka,,,,
Диалоги о рыбалке,Познавательные,iptv-online-primary,Xdialogi-o-rybalke,Xdialogi-o-rybalke,,,,
Дикая охота HD,Познавательные,iptv-online-primary,Xdikaya-oxota-hd,Xdikaya-oxota-hd,,,,
Дикая рыбалка HD,Познавательные,iptv-online-primary,Xdikaya-rybalka-hd,Xdikaya-rybalka-hd,,,,
Continent E,Познавательные,iptv-online-primary,Xcontinent-e,Xcontinent-e,,,,
Трофей HD,Познавательные,iptv-online-primary,Xtrofey,Xtrofey,,,,
Загородная Жизнь,Познавательные,iptv-online-primary,Xzagorodnaya-zhizn,Xzagorodnaya-zhizn,,,,
Загородный,Познавательные,iptv-online-primary,Xzagorodny,Xzagorodny,,,,
Усадьба,Познавательные,iptv-online-primary,Xusadba,Xusadba,,,,
6 соток,Познавательные,iptv-online-primary,X6sotok,X6sotok,,,,
Дача HD,Познавательные,iptv-online-primary,Xdacha,Xdacha,,,,
Дикий,Познавательные,iptv-online-primary,Xdikiy,Xdikiy,,,,
Арсенал HD,Познавательные,iptv-online-primary,Xarsenaltv,Xarsenaltv,,,,
Мужской,Познавательные,iptv-online-primary,Xmuzhskoy,Xmuzhskoy,,,,
Наука 2.0,Познавательные,iptv-online-primary,Xnauka-20,Xnauka-20,,,,
Моя Планета,Познавательные,iptv-online-primary,Xmoya-planeta,Xmoya-planeta,,,,
Планета HD,Познавательные,iptv-online-primary,Xmoya-planeta,Xmoya-planeta,,,,
Совершенно секретно,Познавательные,iptv-online-primary,Xsovsek,Xsovsek,,,,
Кто есть кто,Познавательные,iptv-online-primary,Xkto-est-kto,Xkto-est-kto,,,,
История,Познавательные,iptv-online-primary,Xistoria,Xistoria,,,,
365 дней ТВ,Познавательные,iptv-online-primary,X365-dnej,X365-dnej,,,,
Психология 21,Познавательные,iptv-online-primary,Xpsixologia-21,Xpsixologia-21,,,,
Вопросы и ответы,Познавательные,iptv-online-primary,Xvoprosy-i-otvety,Xvoprosy-i-otvety,,,,
360°,Познавательные,iptv-online-primary,X360-podmoskovie,X360-podmoskovie,,,,
36.6 HD,Познавательные,iptv-online-primary,X36-6-tv,X36-6-tv,,,,
Оружие,Познавательные,iptv-online-primary,Xoruzhie,Xoruzhie,,,,
Terra,Познавательные,iptv-online-primary,Xterra-ru,Xterra-ru,,,,
Terra HD,Познавательные,iptv-online-primary,Xterra-ru,Xterra-ru,,,,
Домашние Животные,Познавательные,iptv-online-primary,Xdomashnie-zhivotnye,Xdomashnie-zhivotnye,,,,
Ocean TV,Познавательные,iptv-online-primary,Xocean-tv,Xocean-tv,,,,
Sea TV HD,Познавательные,iptv-online-primary,Xsea-tv,Xsea-tv,,,,
Galaxy,Познавательные,iptv-online-primary,Xgalaxy-tv,Xgalaxy-tv,,,,
Моя стихия,Познавательные,iptv-online-primary,Xmorskoy,Xmorskoy,,,,
Телепутешествия,Познавательные,iptv-online-primary,Xteleputeshestvia,Xteleputeshestvia,,,,
В мире животных HD,Познавательные,iptv-online-primary,Xv-mire-zhivotnyx-hd,Xv-mire-zhivotnyx-hd,,,,
Первый Космический HD,Познавательные,iptv-online-primary,Xeureka-hd,Xeureka-hd,,,,
Quiz TV,Познавательные,iptv-online-primary,Xquiz-tv,Xquiz-tv,,,,
Світло HD,Познавательные,iptv-online-primary,Xepoque,Xepoque,,,,
Наука,Познавательные,iptv-online-primary,Xnauka,Xnauka,,,,
Терра,Познавательные,iptv-online-primary,Xterra,Xterra,,,,
Фауна,Познавательные,iptv-online-primary,Xfauna,Xfauna,,,,
Масон ТВ,Познавательные,iptv-online-primary,Xmason-tv,Xmason-tv,,,,
Чемодан ТВ HD,Познавательные,iptv-online-primary,Xchemodan,Xchemodan,,,,
UTravel,Познавательные,iptv-online-primary,Xutravel,Xutravel,,,,
CGTN Русский,Познавательные,iptv-online-primary,Xcctv-ru,Xcctv-ru,,,,
BOX Docu HD,Познавательные,iptv-online-primary,Xbox-docu,Xbox-docu,,,,
BOX Travel HD,Познавательные,iptv-online-primary,Xbox-travel,Xbox-travel,,,,
Curiosity Stream HD,Познавательные,iptv-online-primary,Xcuriosity-stream,Xcuriosity-stream,,,,
Nautical Channel,Познавательные,iptv-online-primary,Xnautical-channel,Xnautical-channel,,,,
ЕГЭ ТВ,Познавательные,iptv-online-primary,Xege-tv,Xege-tv,,,,
Кто Куда,Познавательные,iptv-online-primary,Xmir-uvlecheniy,Xmir-uvlecheniy,,,,
Драйв,Познавательные,iptv-online-primary,Xdrive,Xdrive,,,,
Ключ,Познавательные,iptv-online-primary,Xkluch,Xkluch,,,,
Т24,Познавательные,iptv-online-primary,Xtexno-24,Xtexno-24,,,,
myZen.tv HD,Познавательные,iptv-online-primary,Xmyzen-tv,Xmyzen-tv,,,,
RTG TV,Познавательные,iptv-online-primary,Xrtg-tv,Xrtg-tv,,,,
Зоопарк,Познавательные,iptv-online-primary,Xzoopark,Xzoopark,,,,
Кто Куда,Познавательные,iptv-online-primary,Xmir-uvlecheniy,Xmir-uvlecheniy,,,,
Пёс и Ко,Познавательные,iptv-online-primary,Xpes-i-ko,Xpes-i-ko,,,,
MM Открытия HD,Познавательные,iptv-online-primary,Xminimax-otkritiya,Xminimax-otkritiya,,,,
Museum 4K,Познавательные,iptv-online-primary,Xmuseum-4k,Xmuseum-4k,,,,
Глазами туриста 4K,Познавательные,iptv-online-primary,Xglazami-turista-4k,Xglazami-turista-4k,,,,
Quadro 4K,Познавательные,iptv-online-primary,Xquadro4k,Xquadro4k,,,,
RAZ 1,Познавательные,iptv-online-primary,Xraz1,Xraz1,,,,
RAZ 2,Познавательные,iptv-online-primary,Xraz2,Xraz2,,,,
Gulli,Детские,iptv-online-primary,Xgulli-girl,Xgulli-girl,,,,
Jim Jam,Детские,iptv-online-primary,Xjimjam,Xjimjam,,,,
Duck TV,Детские,iptv-online-primary,Xducktv,Xducktv,,,,
Tiji TV,Детские,iptv-online-primary,Xtiji,Xtiji,,,,
СТС kids,Детские,iptv-online-primary,Xsts-kids-hd,Xsts-kids-hd,,,,
СТС Kids HD,Детские,iptv-online-primary,Xsts-kids-hd,Xsts-kids-hd,,,,
Cartoon Network,Детские,iptv-online-primary,Xcartoon-network,Xcartoon-network,,,,
Cartoon Classics,Детские,iptv-online-primary,Xcartoon-classics,Xcartoon-classics,,,,
NIKI Kids,Детские,iptv-online-primary,Xniki-kids,Xniki-kids,,,,
NIKI Junior,Детские,iptv-online-primary,Xniki-junior,Xniki-junior,,,,
Детский мир,Детские,iptv-online-primary,Xdetsky-mir,Xdetsky-mir,,,,
Уникум,Детские,iptv-online-primary,Xdetsky,Xdetsky,,,,
Лёва HD,Детские,iptv-online-primary,Xliova,Xliova,,,,
Пингвин Лоло,Детские,iptv-online-primary,Xpingvin-lolo,Xpingvin-lolo,,,,
BCU Мультсериал,Детские,iptv-online-primary,Xbcu-multserial,Xbcu-multserial,,,,
BCU Kids+ HD,Детские,iptv-online-primary,Xbcu-kids-plus,Xbcu-kids-plus,,,,
BCU Kids 4K,Детские,iptv-online-primary,Xbcu-kids-4k,Xbcu-kids-4k,,,,
BCU Little HD,Детские,iptv-online-primary,Xbcu-little,Xbcu-little,,,,
KBC-Союзмультзал,Детские,iptv-online-primary,X39798,X39798,,,,
KBC-Family Animation HD,Детские,iptv-online-primary,X38589,X38589,,,,
YOSSO TV Kids,Детские,iptv-online-primary,Xyosso-kids,Xyosso-kids,,,,
Kids TV,Детские,iptv-online-primary,Xkidstv,Xkidstv,,,,
Умка,Детские,iptv-online-primary,Xumka,Xumka,,,,
Карусель,Детские,iptv-online-primary,Xkarusel,Xkarusel,,,,
Мульт,Детские,iptv-online-primary,Xmult,Xmult,,,,
Мультимания,Детские,iptv-online-primary,Xmultimania,Xmultimania,,,,
СуперГерои,Детские,iptv-online-primary,Xmalysh,Xmalysh,,,,
В гостях у сказки,Детские,iptv-online-primary,Xv-gostiax-u-skazki,Xv-gostiax-u-skazki,,,,
Пиксель HD,Детские,iptv-online-primary,Xpixel,Xpixel,,,,
Пиксель,Детские,iptv-online-primary,Xpixel,Xpixel,,,,
Плюс Плюс,Детские,iptv-online-primary,Xplusplus,Xplusplus,,,,
Da Vinci Learning,Детские,iptv-online-primary,Xda-vinci,Xda-vinci,,,,
Ani,Детские,iptv-online-primary,Xani,Xani,,,,
Cine+ Kids,Детские,iptv-online-primary,Xcine-plus-kids,Xcine-plus-kids,,,,
Капитан Фантастика,Детские,iptv-online-primary,Xginger-hd,Xginger-hd,,,,
2x2,Детские,iptv-online-primary,X2na2,X2na2,,,,
KinoKazka,Детские,iptv-online-primary,Xkinokazka,Xkinokazka,,,,
Мама,Детские,iptv-online-primary,Xmama,Xmama,,,,
Чижик,Детские,iptv-online-primary,Xchizhik,Xchizhik,,,,
Радость моя,Детские,iptv-online-primary,Xradost-moya,Xradost-moya,,,,
Детское кино HD,Детские,iptv-online-primary,Xdetskoe-kino,Xdetskoe-kino,,,,
О!,Детские,iptv-online-primary,Xo_,Xo_,,,,
ТипТоп HD,Детские,iptv-online-primary,Xtiptop,Xtiptop,,,,
Cartoons 90,Детские,iptv-online-primary,Xcartoons-90,Xcartoons-90,,,,
Cartoons Short,Детские,iptv-online-primary,Xcartoons-short,Xcartoons-short,,,,
Cartoons Big,Детские,iptv-online-primary,Xcartoons-big,Xcartoons-big,,,,
FAN HD,Детские,iptv-online-primary,Xfanhd,Xfanhd,,,,
BOX Anime HD,Детские,iptv-online-primary,Xbox-anime,Xbox-anime,,,,
BOX M.Serial HD,Детские,iptv-online-primary,Xbox-m-serial,Xbox-m-serial,,,,
MM Walt Disney HD,Детские,iptv-online-primary,Xminimax-walt-disney,Xminimax-walt-disney,,,,
CineMan KIDS 4K,Детские,iptv-online-primary,Xcineman-kids4k,Xcineman-kids4k,,,,
КВН ТВ,Разное,iptv-online-primary,Xkvn-tv,Xkvn-tv,,,,
ТВОЁ ТВ HD - ЮМОР,Разное,iptv-online-primary,Xtvoetv-humor,Xtvoetv-humor,,,,
Luxury HD,Разное,iptv-online-primary,Xluxury-hd,Xluxury-hd,,,,
Зал суда,Разное,iptv-online-primary,Xzal-suda,Xzal-suda,,,,
НТВ Право,Разное,iptv-online-primary,Xntv-pravo,Xntv-pravo,,,,
Бобер,Разное,iptv-online-primary,Xbobior,Xbobior,,,,
Закон,Разное,iptv-online-primary,Xzakon-tv,Xzakon-tv,,,,
8 канал,Разное,iptv-online-primary,X8kanal-eu,X8kanal-eu,,,,
Fashion TV HD,Разное,iptv-online-primary,Xfashion-tv,Xfashion-tv,,,,
FashionBox,Разное,iptv-online-primary,Xfashionbox-hd,Xfashionbox-hd,,,,
Доктор,Разное,iptv-online-primary,Xdoktor,Xdoktor,,,,
Здоровое ТВ,Разное,iptv-online-primary,Xzdorovoe-tv,Xzdorovoe-tv,,,,
Театр,Разное,iptv-online-primary,Xteatr,Xteatr,,,,
Кухня ТВ,Разное,iptv-online-primary,Xkuxnia-tv,Xkuxnia-tv,,,,
FoodTime,Разное,iptv-online-primary,Xeda-hd,Xeda-hd,,,,
Первый вегетарианский,Разное,iptv-online-primary,Xpervy-vegetariansky,Xpervy-vegetariansky,,,,
Союз,Разное,iptv-online-primary,Xsoyuz,Xsoyuz,,,,
Ретро,Разное,iptv-online-primary,Xretro-tv,Xretro-tv,,,,
ТБН,Разное,iptv-online-primary,Xtbn-ru,Xtbn-ru,,,,
Успех,Разное,iptv-online-primary,Xuspex,Xuspex,,,,
Ностальгия,Разное,iptv-online-primary,Xnostalgia,Xnostalgia,,,,
Живи!,Разное,iptv-online-primary,Xzhivi,Xzhivi,,,,
Сарафан,Разное,iptv-online-primary,Xsarafan,Xsarafan,,,,
Телеканал СПАС,Разное,iptv-online-primary,Xspas,Xspas,,,,
EWTN Украина,Разное,iptv-online-primary,Xewtn-ua,Xewtn-ua,,,,
English Club TV,Разное,iptv-online-primary,Xenglish-club-tv,Xenglish-club-tv,,,,
CNN,Новости,iptv-online-primary,Xcnn,Xcnn,,,,
CNBC,Новости,iptv-online-primary,Xcnbc-europe,Xcnbc-europe,,,,
Euronews EN,Новости,iptv-online-primary,Xeuronews-en,Xeuronews-en,,,,
Bloomberg,Новости,iptv-online-primary,Xbloomberg,Xbloomberg,,,,
RT Doc,Новости,iptv-online-primary,Xrtd-ru,Xrtd-ru,,,,
Мир 24,Новости,iptv-online-primary,Xmir-24,Xmir-24,,,,
France 24,Новости,iptv-online-primary,Xfrance-24,Xfrance-24,,,,
Дождь,Новости,iptv-online-primary,Xdozhd,Xdozhd,,,,
OstWest,Новости,iptv-online-primary,Xostwest,Xostwest,,,,
OstWest24,Новости,iptv-online-primary,Xostwest24,Xostwest24,,,,
Жара HD,Музыкальные,iptv-online-primary,Xzhara,Xzhara,,,,
Жара,Музыкальные,iptv-online-primary,Xzhara,Xzhara,,,,
МУЗ,Музыкальные,iptv-online-primary,Xmuztv,Xmuztv,,,,
Fon Music,Музыкальные,iptv-online-primary,Xtnt-music,Xtnt-music,,,,
Европа Плюс ТВ,Музыкальные,iptv-online-primary,Xeuropa-plus-tv,Xeuropa-plus-tv,,,,
Megogo Live HD,Музыкальные,iptv-online-primary,Xmegogo-live,Xmegogo-live,,,,
Bridge TV hits,Музыкальные,iptv-online-primary,Xbridge-tv-dance,Xbridge-tv-dance,,,,
Bridge TV Rock,Музыкальные,iptv-online-primary,Xbridge-tv-rock,Xbridge-tv-rock,,,,
Bridge TV Classic,Музыкальные,iptv-online-primary,Xbridge-tv-classic,Xbridge-tv-classic,,,,
Bridge TV Deluxe,Музыкальные,iptv-online-primary,Xbridge-hd,Xbridge-hd,,,,
Bridge TV,Музыкальные,iptv-online-primary,Xbridge-tv,Xbridge-tv,,,,
Bridge TV Шлягер,Музыкальные,iptv-online-primary,Xbridge-tv-shlager,Xbridge-tv-shlager,,,,
360 Tune Box HD,Музыкальные,iptv-online-primary,X360-tunebox,X360-tunebox,,,,
InRating TV HD,Музыкальные,iptv-online-primary,Xinrating,Xinrating,,,,
Muzvar HD,Музыкальные,iptv-online-primary,Xmuzwar,Xmuzwar,,,,
Trace Urban HD,Музыкальные,iptv-online-primary,Xtrace-urban,Xtrace-urban,,,,
Trace Latina,Музыкальные,iptv-online-primary,Xtrace-latina-fr,Xtrace-latina-fr,,,,
Mezzo,Музыкальные,iptv-online-primary,Xmezzo,Xmezzo,,,,
Mezzo Live HD,Музыкальные,iptv-online-primary,Xmezzo-live-hd,Xmezzo-live-hd,,,,
Шансон ТВ,Музыкальные,iptv-online-primary,Xshanson-tv,Xshanson-tv,,,,
Мультимузыка,Музыкальные,iptv-online-primary,Xmultimuzyka,Xmultimuzyka,,,,
RU.TV,Музыкальные,iptv-online-primary,Xru-tv,Xru-tv,,,,
Музыка,Музыкальные,iptv-online-primary,Xmuzyka-pervogo,Xmuzyka-pervogo,,,,
Music Box,Музыкальные,iptv-online-primary,Xmusicbox,Xmusicbox,,,,
M1 HD,Музыкальные,iptv-online-primary,Xm1-ua,Xm1-ua,,,,
M2 HD,Музыкальные,iptv-online-primary,Xm2-ua,Xm2-ua,,,,
О2ТВ,Музыкальные,iptv-online-primary,Xo2tv,Xo2tv,,,,
Ля-минор,Музыкальные,iptv-online-primary,Xla-minor,Xla-minor,,,,
Bridge TV русский хит,Музыкальные,iptv-online-primary,Xbridge-tv-ruxit,Xbridge-tv-ruxit,,,,
MCM Top,Музыкальные,iptv-online-primary,Xmcm-top,Xmcm-top,,,,
Black,Музыкальные,iptv-online-primary,Xsony-turbo,Xsony-turbo,,,,
Страна FM,Музыкальные,iptv-online-primary,Xradio-strana-fm-tv,Xradio-strana-fm-tv,,,,
Stars.TV,Музыкальные,iptv-online-primary,Xstars-tv,Xstars-tv,,,,
Матур ТВ,Музыкальные,iptv-online-primary,Xmatur-tv,Xmatur-tv,,,,
Первый Музыкальный BY,Музыкальные,iptv-online-primary,Xonemuz,Xonemuz,,,,
4Fun Kids,Музыкальные,iptv-online-primary,X4fun-gold,X4fun-gold,,,,
4Fun Dance,Музыкальные,iptv-online-primary,X4fun-dance,X4fun-dance,,,,
4fun.TV,Музыкальные,iptv-online-primary,X4fun,X4fun,,,,
BOX Music 2 4K HDR,Музыкальные,iptv-online-primary,Xbox-music-4k,Xbox-music-4k,,,,
Eska TV HD,Музыкальные,iptv-online-primary,Xeskatv,Xeskatv,,,,
Eska Rock TV HD,Музыкальные,iptv-online-primary,Xeskatv-rock,Xeskatv-rock,,,,
KBC-НАШ ROCK,Музыкальные,iptv-online-primary,X39824,X39824,,,,
YOSSO TV Music Hits,Музыкальные,iptv-online-primary,Xyosso-musichits,Xyosso-musichits,,,,
BOX Music 4K,Музыкальные,iptv-online-primary,Xbox-music-4k,Xbox-music-4k,,,,
МУЗЫКА Live,Музыкальные,iptv-online-primary,Xla-minor,Xla-minor,,,,
M6 Music,Музыкальные,iptv-online-primary,Xm6-music-fr,Xm6-music-fr,,,,
Vantage Music,Музыкальные,iptv-online-primary,Xvantage-music,Xvantage-music,,,,
Vantage Dance,Музыкальные,iptv-online-primary,Xvantage-dance,Xvantage-dance,,,,
Vantage Rock,Музыкальные,iptv-online-primary,Xvantage-rock,Xvantage-rock,,,,
Vantage Classic,Музыкальные,iptv-online-primary,Xvantage-classic,Xvantage-classic,,,,
Беларусь 1,Беларусь,iptv-online-primary,Xbelarus1,Xbelarus1,,,,
Беларусь 2,Беларусь,iptv-online-primary,Xbelarus2,Xbelarus2,,,,
Беларусь 3,Беларусь,iptv-online-primary,Xbelarus3,Xbelarus3,,,,
Беларусь 5,Беларусь,iptv-online-primary,Xbelarus5,Xbelarus5,,,,
БелРос HD,Беларусь,iptv-online-primary,Xtro,Xtro,,,,
Беларусь 24,Беларусь,iptv-online-primary,Xbelarus24,Xbelarus24,,,,
РТР HD,Беларусь,iptv-online-primary,Xrtr-belarus,Xrtr-belarus,,,,
СТВ,Беларусь,iptv-online-primary,Xstv-by,Xstv-by,,,,
ОНТ,Беларусь,iptv-online-primary,Xont-by,Xont-by,,,,
Спорт ТВ [BY],Беларусь,iptv-online-primary,Xsport-tv-by,Xsport-tv-by,,,,
8 канал Беларусь,Беларусь,iptv-online-primary,X8kanal-by,X8kanal-by,,,,
НТВ Беларусь,Беларусь,iptv-online-primary,Xntv-belarus,Xntv-belarus,,,,
Мир Беларусь HD,Беларусь,iptv-online-primary,Xmir,Xmir,,,,
ТВ3 Беларусь,Беларусь,iptv-online-primary,Xtv3-by,Xtv3-by,,,,
Звязда,Беларусь,iptv-online-primary,Xzvyazda-by,Xzvyazda-by,,,,
СкиФ Витебск,Беларусь,iptv-online-primary,Xskif-vitebsk,Xskif-vitebsk,,,,
Яснае ТВ HD,Беларусь,iptv-online-primary,Xminsk-tv,Xminsk-tv,,,,
Витебск,Беларусь,iptv-online-primary,Xvitebsk,Xvitebsk,,,,
Первый Информационный HD,Беларусь,iptv-online-primary,Xpervy-info-by,Xpervy-info-by,,,,
RU.TV,Беларусь,iptv-online-primary,Xru-tv-by,Xru-tv-by,,,,
TV1 HD,Литва,iptv-online-primary,Xtv1-lt,Xtv1-lt,,,,
2TV HD,Литва,iptv-online-primary,Xliuks,Xliuks,,,,
TV3 HD,Литва,iptv-online-primary,Xtv3-lt,Xtv3-lt,,,,
TV6 HD,Литва,iptv-online-primary,Xtv6-lt,Xtv6-lt,,,,
TV8 HD,Литва,iptv-online-primary,Xtv8-lt,Xtv8-lt,,,,
LTV1,Литва,iptv-online-primary,Xltv1,Xltv1,,,,
LTV7,Литва,iptv-online-primary,Xltv7,Xltv7,,,,
BTV HD,Литва,iptv-online-primary,Xbtv,Xbtv,,,,
LNK HD,Литва,iptv-online-primary,Xlnk,Xlnk,,,,
LRT HD,Литва,iptv-online-primary,Xlrt-tv,Xlrt-tv,,,,
Lietuvos ryto TV HD,Литва,iptv-online-primary,Xlietuvos-ryto-televizija,Xlietuvos-ryto-televizija,,,,
TV3 Plus,Литва,iptv-online-primary,Xtv3-plus-lt,Xtv3-plus-lt,,,,
LRT Plius HD,Литва,iptv-online-primary,Xlrt-kultura,Xlrt-kultura,,,,
Balticum TV HD,Литва,iptv-online-primary,Xbalticum-tv,Xbalticum-tv,,,,
Balticum Platinum HD,Литва,iptv-online-primary,Xbalticum-platinum,Xbalticum-platinum,,,,
Balticum Auksinis HD,Литва,iptv-online-primary,Xbalticum-auksinis,Xbalticum-auksinis,,,,
Info TV HD,Литва,iptv-online-primary,Xinfo-tv,Xinfo-tv,,,,
Delfi TV HD,Литва,iptv-online-primary,Xdelfi-tv,Xdelfi-tv,,,,
Viasat Kino World HD,Литва,iptv-online-primary,Xtv1000-premium,Xtv1000-premium,,,,
Filmzone Plus HD,Литва,iptv-online-primary,Xfilmzone-lt,Xfilmzone-lt,,,,
Filmzone HD,Литва,iptv-online-primary,Xfilmzone-lt,Xfilmzone-lt,,,,
Epic Drama,Литва,iptv-online-primary,Xepik-drama,Xepik-drama,,,,
Go3 Films HD,Литва,iptv-online-primary,Xtv1000-cee,Xtv1000-cee,,,,
Kidzone Max HD,Литва,iptv-online-primary,Xkidzone,Xkidzone,,,,
Sport 1 HD,Литва,iptv-online-primary,Xsport1-lt,Xsport1-lt,,,,
Go3 Sport 1 HD,Литва,iptv-online-primary,Xtvplay-sports,Xtvplay-sports,,,,
Go3 Sport 2 HD,Литва,iptv-online-primary,Xtvplay-sports-plus,Xtvplay-sports-plus,,,,
Go3 Sport 3 HD,Литва,iptv-online-primary,Xtv3-sport-3,Xtv3-sport-3,,,,
Go3 Sport Open HD,Литва,iptv-online-primary,Xtv3-sport-open,Xtv3-sport-open,,,,
Movify Kino,Литва,iptv-online-primary,Xmovify-kino,Xmovify-kino,,,,
Movify Series,Литва,iptv-online-primary,Xmovify-series,Xmovify-series,,,,
Movify History,Литва,iptv-online-primary,Xmovify-history,Xmovify-history,,,,
Re TV,Литва,iptv-online-primary,Xre-tv,ReTV.lv@SD,,,,
Sea TV,Литва,iptv-online-primary,Xsea-tv,Xsea-tv,,,,
TV3 Life,Литва,iptv-online-primary,Xlnt,Xlnt,,,,
TV3 HD,Латвия,iptv-online-primary,Xtv3-lv,Xtv3-lv,,,,
TV6,Латвия,iptv-online-primary,Xtv6-lv,Xtv6-lv,,,,
TV6 HD,Латвия,iptv-online-primary,Xtv6-lv,Xtv6-lv,,,,
LTV1 HD,Латвия,iptv-online-primary,Xltv1,Xltv1,,,,
LTV7 HD,Латвия,iptv-online-primary,Xltv7,Xltv7,,,,
TV3 Plus HD,Латвия,iptv-online-primary,X3-plus-latvia,X3-plus-latvia,,,,
TV3 Life HD,Латвия,iptv-online-primary,Xlnt,Xlnt,,,,
Go3 Films HD,Латвия,iptv-online-primary,Xtv1000-premium,Xtv1000-premium,,,,
STV Pirma!,Латвия,iptv-online-primary,Xstv-pirma!,Xstv-pirma!,,,,
360 TV HD,Латвия,iptv-online-primary,X360-lv,X360-lv,,,,
Kidzone Mini HD,Латвия,iptv-online-primary,Xkidzone,Xkidzone,,,,
Kidzone Max HD,Латвия,iptv-online-primary,Xkidzone,Xkidzone,,,,
Re:TV HD,Латвия,iptv-online-primary,Xre-tv,Xre-tv,,,,
LRT Lituanica,Латвия,iptv-online-primary,Xlrt-lituanica,Xlrt-lituanica,,,,
BTV,Латвия,iptv-online-primary,Xbtv,Xbtv,,,,
ETV,Эстония,iptv-online-primary,Xetv-ee,Xetv-ee,,,,
ETV 2,Эстония,iptv-online-primary,Xetv2-ee,Xetv2-ee,,,,
ETV+ HD,Эстония,iptv-online-primary,Xetv-plus-ee,Xetv-plus-ee,,,,
Kanal 2,Эстония,iptv-online-primary,Xkanal-2-ee,Xkanal-2-ee,,,,
TV3,Эстония,iptv-online-primary,Xtv3-ee,Xtv3-ee,,,,
Viasat Kino,Эстония,iptv-online-primary,Xtv1000-cee,Xtv1000-cee,,,,
Go3 Films HD,Эстония,iptv-online-primary,Xtv1000-premium,Xtv1000-premium,,,,
Duo 3,Эстония,iptv-online-primary,Xsony-channel-ee,Xsony-channel-ee,,,,
Duo 5,Эстония,iptv-online-primary,Xkanal-12-ee,Xkanal-12-ee,,,,
Duo 4,Эстония,iptv-online-primary,Xkanal-11-ee,Xkanal-11-ee,,,,
Eesti Kanal,Эстония,iptv-online-primary,Xeesti-kanal,Xeesti-kanal,,,,
National Geographic,Эстония,iptv-online-primary,Xnational-geographic-baltic,Xnational-geographic-baltic,,,,
RTL HD DE,Германия,iptv-online-primary,Xrtl,Xrtl,,,,
RTL UHD,Германия,iptv-online-primary,Xrtl,Xrtl,,,,
RTL UP HD,Германия,iptv-online-primary,X76722,X76722,,,,
RTL Live HD DE,Германия,iptv-online-primary,X76673,X76673,,,,
RTL Crime HD DE,Германия,iptv-online-primary,X76700,X76700,,,,
RTL Passion HD,Германия,iptv-online-primary,X76804,X76804,,,,
Sky Sport Bundesliga HD,Германия,iptv-online-primary,Xsky-sport-bl1,Xsky-sport-bl1,,,,
Sat.1 HD DE,Германия,iptv-online-primary,Xsat1,Xsat1,,,,
SAT.1 Gold HD,Германия,iptv-online-primary,X76716,X76716,,,,
Sky Sport Austria HD DE,Германия,iptv-online-primary,Xsky-sport-aus,Xsky-sport-aus,,,,
Sky Sports F1 HD,Германия,iptv-online-primary,Xsky-sports-f1,Xsky-sports-f1,,,,
Sky Sport Top Event HD,Германия,iptv-online-primary,X10675,X10675,,,,
Sky Sport Golf HD,Германия,iptv-online-primary,Xsky-sports-golf,Xsky-sports-golf,,,,
Sky Sport 1 HD DE,Германия,iptv-online-primary,Xsky-sport-hd1,Xsky-sport-hd1,,,,
Sky Sport Mix,Германия,iptv-online-primary,X10785,X10785,,,,
Sky Sport Tennis HD,Германия,iptv-online-primary,X10634,X10634,,,,
ORF SPORT+,Германия,iptv-online-primary,X76756,X76756,,,,
Sport 1 HD,Германия,iptv-online-primary,X401577,X401577,,,,
ESports 1,Германия,iptv-online-primary,XeSports1.de,XeSports1.de,,,,
Sport 1+,Германия,iptv-online-primary,XSPORT1+.de,XSPORT1+.de,,,,
Eurosport 1 HD,Германия,iptv-online-primary,X76619,X76619,,,,
SAT.1 emotions HD,Германия,iptv-online-primary,Xtnt-serie-de,Xtnt-serie-de,,,,
Sky Crime,Германия,iptv-online-primary,X10908,X10908,,,,
Sky One HD,Германия,iptv-online-primary,X401732,X401732,,,,
Sky Showcase HD,Германия,iptv-online-primary,X10918,X10918,,,,
Sky Nature,Германия,iptv-online-primary,X10640,X10640,,,,
Sky Documentaries,Германия,iptv-online-primary,X10620,X10620,,,,
Sky Krimi HD,Германия,iptv-online-primary,X76663,X76663,,,,
Sky Cinema Premieren HD,Германия,iptv-online-primary,Xsky-cinema-premieren,Xsky-cinema-premieren,,,,
Sky Cinema Family HD,Германия,iptv-online-primary,Xsky-cinema-family,Xsky-cinema-family,,,,
Sky Cinema Action HD,Германия,iptv-online-primary,Xsky-cinema-action,Xsky-cinema-action,,,,
Sky Cinema Highlights,Германия,iptv-online-primary,X321554,X321554,,,,
Sky Atlantic HD DE,Германия,iptv-online-primary,Xsky-atlantic,Xsky-atlantic,,,,
Comedy Central HD DE,Германия,iptv-online-primary,X76742,X76742,,,,
Universal TV HD DE,Германия,iptv-online-primary,X76662,X76662,,,,
NOW HD,Германия,iptv-online-primary,X76694,X76694,,,,
VOX HD DE,Германия,iptv-online-primary,Xvox,Xvox,,,,
Warner TV Serie HD,Германия,iptv-online-primary,X76806,X76806,,,,
Warner TV Comedy HD,Германия,iptv-online-primary,X76679,X76679,,,,
Warner TV Film HD,Германия,iptv-online-primary,X76645,X76645,,,,
One HD,Германия,iptv-online-primary,X76738,X76738,,,,
Phoenix HD,Германия,iptv-online-primary,X76649,X76649,,,,
Geo Television HD,Германия,iptv-online-primary,X76800,X76800,,,,
Discovery HD DE,Германия,iptv-online-primary,X76686,X76686,,,,
Kabel Eins Doku HD,Германия,iptv-online-primary,X76715,X76715,,,,
TLC HD,Германия,iptv-online-primary,X76699,X76699,,,,
Toggo HD,Германия,iptv-online-primary,X76767,X76767,,,,
Toggo Plus HD,Германия,iptv-online-primary,X76789,X76789,,,,
Cartoon Network DE,Германия,iptv-online-primary,X76763,X76763,,,,
Disney HD DE,Германия,iptv-online-primary,X76786,X76786,,,,
Jukebox,Германия,iptv-online-primary,X76615,X76615,,,,
Das Erste HD,Германия,iptv-online-primary,X76674,X76674,,,,
arte HD DE,Германия,iptv-online-primary,Xarte-hd,Xarte-hd,,,,
ZDFinfo HD,Германия,iptv-online-primary,X76718,X76718,,,,
ZDFneo HD,Германия,iptv-online-primary,X76739,X76739,,,,
ZDF HD DE,Германия,iptv-online-primary,Xzdf,Xzdf,,,,
SIXX HD DE,Германия,iptv-online-primary,X76614,X76614,,,,
Kabel Eins HD,Германия,iptv-online-primary,Xkabel-1,Xkabel-1,,,,
Kabel Eins classic HD,Германия,iptv-online-primary,X76725,X76725,,,,
ProSieben HD DE,Германия,iptv-online-primary,Xprosieben,Xprosieben,,,,
ProSieben Maxx HD DE,Германия,iptv-online-primary,Xprosieben-maxx,Xprosieben-maxx,,,,
NITRO HD,Германия,iptv-online-primary,X76787,X76787,,,,
Romance TV DE,Германия,iptv-online-primary,X76624,X76624,,,,
3 Sat HD DE,Германия,iptv-online-primary,X76682,X76682,,,,
NDR HD DE,Германия,iptv-online-primary,X76748,X76748,,,,
SWR Fernsehen RP HD,Германия,iptv-online-primary,X76693,X76693,,,,
HR HD DE,Германия,iptv-online-primary,X76648,X76648,,,,
Bibel TV HD,Германия,iptv-online-primary,X76794,X76794,,,,
Anixe HD DE,Германия,iptv-online-primary,X76745,X76745,,,,
Motorvision TV DE,Германия,iptv-online-primary,X76630,X76630,,,,
ORF 2 HD,Германия,iptv-online-primary,X76616,X76616,,,,
ORF 3 HD,Германия,iptv-online-primary,X76734,X76734,,,,
ATV DE,Германия,iptv-online-primary,X76810,X76810,,,,
ATV 2 DE,Германия,iptv-online-primary,X76638,X76638,,,,
KIKA HD DE,Германия,iptv-online-primary,X76680,X76680,,,,
Crime + Investigation,Германия,iptv-online-primary,X76667,X76667,,,,
QVC HD,Германия,iptv-online-primary,X76697,X76697,,,,
QVC ZWEI HD,Германия,iptv-online-primary,X76618,X76618,,,,
DF1 HD,Германия,iptv-online-primary,X182674,X182674,,,,
RiC NEU,Германия,iptv-online-primary,X76731,X76731,,,,
oe24.TV HD,Германия,iptv-online-primary,X100304,X100304,,,,
Heimatkanal,Германия,iptv-online-primary,X76675,X76675,,,,
1-2-3.tv HD,Германия,iptv-online-primary,X123.tv.de,X123.tv.de,,,,
HSE Extra HD,Германия,iptv-online-primary,X76737,X76737,,,,
Channel 9 HD,Израиль,iptv-online-primary,Xערוץ.9.שידור.חי.il,Xערוץ.9.שידור.חי.il,,,,
Keshet 12 HD,Израиль,iptv-online-primary,X991603,X991603,,,,
Reshet 13 HD,Израиль,iptv-online-primary,X991604,X991604,,,,
now 14 HD,Израиль,iptv-online-primary,X991622,X991622,,,,
Channel 24,Израиль,iptv-online-primary,X991612,X991612,,,,
Kan 11 HD,Израиль,iptv-online-primary,X991576,X991576,,,,
Hot Cinema 1 HD,Израиль,iptv-online-primary,X991584,X991584,,,,
Hot Cinema 2 HD,Израиль,iptv-online-primary,X991585,X991585,,,,
Hot Cinema 3 HD,Израиль,iptv-online-primary,X991586,X991586,,,,
Hot Cinema 4 HD,Израиль,iptv-online-primary,X991587,X991587,,,,
Hot 3 HD,Израиль,iptv-online-primary,X991599,X991599,,,,
Hot 8 HD,Израиль,iptv-online-primary,Xערוץ.8.שידור.חי.il,Xערוץ.8.שידור.חי.il,,,,
BollyWood HD,Израиль,iptv-online-primary,Xbollywood-hd,XBollywood.Series.il,,,,
HOT Zone HD,Израиль,iptv-online-primary,X991583,X991583,,,,
Yam Tiсhoni HD,Израиль,iptv-online-primary,X991600,X991600,,,,
Hop!,Израиль,iptv-online-primary,X991589,X991589,,,,
One HD,Израиль,iptv-online-primary,X991623,X991623,,,,
One 2 HD,Израиль,iptv-online-primary,X991784,X991784,,,,
Sport 1 HD,Израиль,iptv-online-primary,X991787,X991787,,,,
Sport 2 HD,Израиль,iptv-online-primary,X991796,X991796,,,,
Sport 3 HD,Израиль,iptv-online-primary,X991788,X991788,,,,
Sport 4 HD,Израиль,iptv-online-primary,X991783,X991783,,,,
Sport 5 HD,Израиль,iptv-online-primary,X991606,X991606,,,,
Sport 5 Stars HD,Израиль,iptv-online-primary,X991790,X991790,,,,
Sport 5 Plus HD,Израиль,iptv-online-primary,X991605,X991605,,,,
Sport 5 Live HD,Израиль,iptv-online-primary,X991593,X991593,,,,
Home+,Израиль,iptv-online-primary,X991573,X991573,,,,
Super!,Италия,iptv-online-primary,Xsuperplus,Xsuperplus,,,,
Travel XP,Испания,iptv-online-primary,Xtravel-xp-hd,Xtravel-xp-hd,,,,
Polsat HD,Польша,iptv-online-primary,Xpolsat,Xpolsat,,,,
Polsat 2,Польша,iptv-online-primary,Xpolsat2,Xpolsat2,,,,
TVP Polonia,Польша,iptv-online-primary,Xtvp-polonia,Xtvp-polonia,,,,
TVN Siedem HD,Польша,iptv-online-primary,XTVN.7.HD.pl,XTVN.7.HD.pl,,,,
TVP 1 HD,Польша,iptv-online-primary,Xtvp1,Xtvp1,,,,
TVP 2 HD,Польша,iptv-online-primary,Xtvp2,Xtvp2,,,,
TVP 3 HD,Польша,iptv-online-primary,Xtvp3,Xtvp3,,,,
TVP Kultura,Польша,iptv-online-primary,Xtvp-kultura,Xtvp-kultura,,,,
TVP Rozrywka,Польша,iptv-online-primary,XTVP.Rozrywka.pl,XTVP.Rozrywka.pl,,,,
TV4 HD PL,Польша,iptv-online-primary,Xtv4-pl,Xtv4-pl,,,,
TV6 HD PL,Польша,iptv-online-primary,Xtv6-pl,Xtv6-pl,,,,
BBC Lifestyle HD,Польша,iptv-online-primary,XBBC.Lifestyle.HD.pl,XBBC.Lifestyle.HD.pl,,,,
BBC Brit HD,Польша,iptv-online-primary,XBBC.Brit.HD.pl,XBBC.Brit.HD.pl,,,,
13 Ulica HD,Польша,iptv-online-primary,X13ulica-pl,X13ulica-pl,,,,
TVN 24 HD,Польша,iptv-online-primary,Xtvn24-pl,Xtvn24-pl,,,,
TVP INFO HD,Польша,iptv-online-primary,Xtvp-info,Xtvp-info,,,,
Polsat News,Польша,iptv-online-primary,Xpolsat-news,Xpolsat-news,,,,
Polsat News 2,Польша,iptv-online-primary,Xpolsat-news-2,Xpolsat-news-2,,,,
Polsat Film HD PL,Польша,iptv-online-primary,Xpolsat-film,Xpolsat-film,,,,
TVP Seriale HD,Польша,iptv-online-primary,Xtvp-seriale,Xtvp-seriale,,,,
Ale Kino+ HD,Польша,iptv-online-primary,Xale-kino-plus,Xale-kino-plus,,,,
AMC HD PL,Польша,iptv-online-primary,XAMC.HD.pl,XAMC.HD.pl,,,,
Epic Drama HD,Польша,iptv-online-primary,XEpic.Drama.HD.pl,XEpic.Drama.HD.pl,,,,
Polsat Play HD PL,Польша,iptv-online-primary,Xpolsat-play,Xpolsat-play,,,,
Polsat Cafe HD PL,Польша,iptv-online-primary,Xpolsat-cafe,Xpolsat-cafe,,,,
E! Entertainment,Польша,iptv-online-primary,XE!.Entertainment.HD.pl,XE!.Entertainment.HD.pl,,,,
TeleToon+ HD,Польша,iptv-online-primary,Xteletoon-pl,Xteletoon-pl,,,,
Romance TV HD,Польша,iptv-online-primary,XRomance.TV.HD.pl,XRomance.TV.HD.pl,,,,
Warner TV,Польша,iptv-online-primary,Xwarner-pl,Xwarner-pl,,,,
Kino TV HD,Польша,iptv-online-primary,Xkino-tv-pl,Xkino-tv-pl,,,,
Cinemax HD,Польша,iptv-online-primary,Xcinemax,Xcinemax,,,,
Cinemax 2 HD,Польша,iptv-online-primary,Xcinemax2,Xcinemax2,,,,
CANAL+ Film HD,Польша,iptv-online-primary,Xcanal-pl-film,Xcanal-pl-film,,,,
CANAL+ Family HD,Польша,iptv-online-primary,Xcanal-pl-family,Xcanal-pl-family,,,,
CANAL+ Seriale HD,Польша,iptv-online-primary,Xcanal-pl-seriale,Xcanal-pl-seriale,,,,
CANAL+ Premium HD,Польша,iptv-online-primary,Xcanal-pl-premium,Xcanal-pl-premium,,,,
FilmBox Action HD PL,Польша,iptv-online-primary,Xfilmbox-action-pl,Xfilmbox-action-pl,,,,
FilmBox Family HD PL,Польша,iptv-online-primary,Xfilmbox-family-pl,Xfilmbox-family-pl,,,,
FilmBox Premium HD PL,Польша,iptv-online-primary,Xfilmbox-premium-pl,Xfilmbox-premium-pl,,,,
FilmBox Extra HD PL,Польша,iptv-online-primary,Xfilmbox-extra-pl,Xfilmbox-extra-pl,,,,
HBO HD,Польша,iptv-online-primary,Xhbo-hd,Xhbo-hd,,,,
HBO2 HD,Польша,iptv-online-primary,Xhbo2-hd,Xhbo2-hd,,,,
HBO3 HD,Польша,iptv-online-primary,Xhbo3-hd,Xhbo3-hd,,,,
WP HD,Польша,iptv-online-primary,XWP.pl,XWP.pl,,,,
SciFi HD,Польша,iptv-online-primary,XSCI.FI.HD.pl,XSCI.FI.HD.pl,,,,
Planete+ HD PL,Польша,iptv-online-primary,Xplanete-pl,Xplanete-pl,,,,
Polsat Viasat Nature HD,Польша,iptv-online-primary,Xpolsat-viasat-nature,Xpolsat-viasat-nature,,,,
Discovery Channel HD PL,Польша,iptv-online-primary,Xdiscovery-channel-pl,Xdiscovery-channel-pl,,,,
Discovery Life HD PL,Польша,iptv-online-primary,Xdiscovery-life-pl,Xdiscovery-life-pl,,,,
Discovery History HD PL,Польша,iptv-online-primary,Xdiscovery-historia-pl,Xdiscovery-historia-pl,,,,
ID Investigation Discovery PL,Польша,iptv-online-primary,XID.HD.pl,XID.HD.pl,,,,
History 2 HD,Польша,iptv-online-primary,Xh2-pl,Xh2-pl,,,,
History HD,Польша,iptv-online-primary,Xhistory-pl,Xhistory-pl,,,,
TVP Historia HD,Польша,iptv-online-primary,Xtvp-historia,Xtvp-historia,,,,
Travel Channel HD,Польша,iptv-online-primary,Xtravel-channel-pl,Xtravel-channel-pl,,,,
CANAL+ Kuchnia HD,Польша,iptv-online-primary,Xcanal-pl-kuchnia,Xcanal-pl-kuchnia,,,,
Sport Klub PL,Польша,iptv-online-primary,Xsportklub-pl,Xsportklub-pl,,,,
TVP Sport HD,Польша,iptv-online-primary,Xtvp-sport,Xtvp-sport,,,,
Eleven Sports 1 4K,Польша,iptv-online-primary,Xeleven-sports-1,Xeleven-sports-1,,,,
Eleven Sports 1 HD,Польша,iptv-online-primary,Xeleven-sports-1,Xeleven-sports-1,,,,
Eleven Sports 2 HD,Польша,iptv-online-primary,Xeleven-sports-2,Xeleven-sports-2,,,,
Eleven Sports 3 HD,Польша,iptv-online-primary,Xeleven-sports-3,Xeleven-sports-3,,,,
CANAL+ Sport 1 HD PL,Польша,iptv-online-primary,Xcanal-pl-sport-1,Xcanal-pl-sport-1,,,,
CANAL+ Sport 3 HD PL,Польша,iptv-online-primary,Xcanal-pl-sport-3,Xcanal-pl-sport-3,,,,
CANAL+ Sport 4 HD PL,Польша,iptv-online-primary,Xcanal-pl-sport-4,Xcanal-pl-sport-4,,,,
CANAL+ Sport 5 HD PL,Польша,iptv-online-primary,Xcanal-pl-sport-5,Xcanal-pl-sport-5,,,,
Eurosport 1 HD PL,Польша,iptv-online-primary,Xeurosport1-pl,Xeurosport1-pl,,,,
Eurosport 2 HD PL,Польша,iptv-online-primary,Xeurosport2-pl,Xeurosport2-pl,,,,
FightBox HD,Польша,iptv-online-primary,Xfightbox-hd,Xfightbox-hd,,,,
Motowizija,Польша,iptv-online-primary,Xmotowizja-pl,Xmotowizja-pl,,,,
Extreme Sport,Польша,iptv-online-primary,Xextreme-sports,Xextreme-sports,,,,
Polsat Sport,Польша,iptv-online-primary,Xpolsat-sport,Xpolsat-sport,,,,
Polsat Sport 2,Польша,iptv-online-primary,Xpolsat-sport-extra,Xpolsat-sport-extra,,,,
Polsat Sport 3,Польша,iptv-online-primary,Xpolsat-sport-extra,Xpolsat-sport-extra,,,,
Polsat Sport Premium 1 HD,Польша,iptv-online-primary,Xpolsat-sport-pr1,Xpolsat-sport-pr1,,,,
Polsat Sport Premium 2 HD,Польша,iptv-online-primary,Xpolsat-sport-pr2,Xpolsat-sport-pr2,,,,
Polsat Sport Premium 3 HD,Польша,iptv-online-primary,Xpolsat-sport-pr3,Xpolsat-sport-pr3,,,,
Polsat Sport Premium 4 HD,Польша,iptv-online-primary,Xpolsat-sport-pr4,Xpolsat-sport-pr4,,,,
Polsat Sport Premium 5 HD,Польша,iptv-online-primary,Xpolsat-sport-pr5,Xpolsat-sport-pr5,,,,
Polsat Games HD,Польша,iptv-online-primary,Xpolsat-games,Xpolsat-games,,,,
Polsat Sport Fight,Польша,iptv-online-primary,Xpolsat-sport-fight,Xpolsat-sport-fight,,,,
Zoom TV,Польша,iptv-online-primary,XZOOM.TV.HD.pl,XZOOM.TV.HD.pl,,,,
Polo TV,Польша,iptv-online-primary,XPolo.TV.HD.pl,XPolo.TV.HD.pl,,,,
Sundance HD,Польша,iptv-online-primary,Xsundance-pl,Xsundance-pl,,,,
Puls 2 HD,Польша,iptv-online-primary,XPULS.2.HD.pl,XPULS.2.HD.pl,,,,
Polsat Music HD,Польша,iptv-online-primary,Xpolsat-music,Xpolsat-music,,,,
Paramount Network,Польша,iptv-online-primary,Xparamount-network-pl,Xparamount-network-pl,,,,
1 TV,Грузия,iptv-online-primary,X1TV_GE,X1TV_GE,,,,
Imedi TV,Грузия,iptv-online-primary,Ximedi,Ximedi,,,,
Palitra News,Грузия,iptv-online-primary,XPalitra_news,XPalitra_news,,,,
GDS TV,Грузия,iptv-online-primary,XGDS,XGDS,,,,
Adjara TV,Грузия,iptv-online-primary,XAdjara,XAdjara,,,,
Pirveli,Грузия,iptv-online-primary,XTVPirveli,XTVPirveli,,,,
Rustavi 2,Грузия,iptv-online-primary,XRustavi2,XRustavi2,,,,
Comedy Arkhi,Грузия,iptv-online-primary,XComedyArkhi,XComedyArkhi,,,,
Formula,Грузия,iptv-online-primary,XFormula,XFormula,,,,
Marao,Грузия,iptv-online-primary,XMarao,XMarao,,,,
Ertsulovneba,Грузия,iptv-online-primary,XErtsulovneba,XErtsulovneba,,,,
BMG,Грузия,iptv-online-primary,XBMG,XBMG,,,,
Euronews Georgia,Грузия,iptv-online-primary,XEURONEWS_GE,XEURONEWS_GE,,,,
Silk Universal,Грузия,iptv-online-primary,XSilk_Universal,XSilk_Universal,,,,
Setanta Sports 2,Грузия,iptv-online-primary,XSetanta Sports 2,XSetanta Sports 2,,,,
Moldova 1 HD,Молдова,iptv-online-primary,Xmoldova-1,Xmoldova-1,,,,
Moldova 2 HD,Молдова,iptv-online-primary,Xmoldova-2,Xmoldova-2,,,,
N4,Молдова,iptv-online-primary,Xn4,Xn4,,,,
ARTE,Болгария,iptv-online-primary,Xarte-hd,Xarte-hd,,,,
FashionBox HD,Болгария,iptv-online-primary,Xfashionbox-hd,Xfashionbox-hd,,,,
bTV,Болгария,iptv-online-primary,XbTV.bg,XbTV.bg,,,,
Kino Nova HD,Болгария,iptv-online-primary,XKinoNova.bg,XKinoNova.bg,,,,
bTV Action,Болгария,iptv-online-primary,XbTV.Action.bg,XbTV.Action.bg,,,,
bTV Comedy,Болгария,iptv-online-primary,XbTV.Comedy.bg,XbTV.Comedy.bg,,,,
bTV Cinema,Болгария,iptv-online-primary,XbTV.Cinema.bg,XbTV.Cinema.bg,,,,
Nat Geo Wild,Болгария,iptv-online-primary,XNat.Geo.Wild.bg,XNat.Geo.Wild.bg,,,,
Diema Sport,Болгария,iptv-online-primary,Xdiema-sport-1,XDIEMA.SPORT.bg,,,,
Diema Sport 2,Болгария,iptv-online-primary,Xdiema-sport-2,XDIEMA.SPORT.2.bg,,,,
Diema Sport 3,Болгария,iptv-online-primary,Xdiema-sport-3,XDIEMA.SPORT.3.bg,,,,
Nickelodeon,Болгария,iptv-online-primary,XNickelodeon.bg,XNickelodeon.bg,,,,
Love Nature HD,Болгария,iptv-online-primary,Xlove-nature-4k,Xlove-nature-4k,,,,
Nova Sport 1 HD,SkyLink,iptv-online-primary,X07ceb1ac6be64075dded2510c27e0c6e,X07ceb1ac6be64075dded2510c27e0c6e,,,,
Nova Sport 2 HD,SkyLink,iptv-online-primary,X366a88cf3a4bab603ef6408966546e71,X366a88cf3a4bab603ef6408966546e71,,,,
Nova Sport 5 HD,SkyLink,iptv-online-primary,X7845ca0015c718657d785b311edf5079,X7845ca0015c718657d785b311edf5079,,,,
Arena Sport 2 HD,SkyLink,iptv-online-primary,X29310a006ce41c9fb5cca14f333849fb,X29310a006ce41c9fb5cca14f333849fb,,,,
Sport 1 HD,SkyLink,iptv-online-primary,X18e7a585715561d4bb2606977deb20f6,X18e7a585715561d4bb2606977deb20f6,,,,
JOJ Sport HD,SkyLink,iptv-online-primary,Xeacbd3c220de39cfa7c855755d1291cf,Xeacbd3c220de39cfa7c855755d1291cf,,,,
CANAL+ Sport (SK),SkyLink,iptv-online-primary,Xba551cee37d621f3a459d798ae881e5e,Xba551cee37d621f3a459d798ae881e5e,,,,
Ketnet,BE & NL,iptv-online-primary,XKetnet.be,XKetnet.be,,,,
VTM HD,BE & NL,iptv-online-primary,XVTM.be,XVTM.be,,,,
VTM 2 HD,BE & NL,iptv-online-primary,XVTM.2.be,XVTM.2.be,,,,
VTM 3,BE & NL,iptv-online-primary,XVTM.3.be,XVTM.3.be,,,,
VTM 4,BE & NL,iptv-online-primary,XVTM.4.be,XVTM.4.be,,,,
VTM Non-Stop 90s,BE & NL,iptv-online-primary,XVTM.NON-STOP.DOKTERS.be,XVTM.NON-STOP.DOKTERS.be,,,,
24Kitchen,BE & NL,iptv-online-primary,X24Kitchen.nl,X24Kitchen.nl,,,,
CANAL+ Action,BE & NL,iptv-online-primary,XCanal+.Action.nl,XCanal+.Action.nl,,,,
Disney Channel,BE & NL,iptv-online-primary,XDisney.Channel.nl,XDisney.Channel.nl,,,,
Film1 Action,BE & NL,iptv-online-primary,XFilm1.Action.nl,XFilm1.Action.nl,,,,
Film1 Drama,BE & NL,iptv-online-primary,XFilm1.Drama.nl,XFilm1.Drama.nl,,,,
Film1 Family,BE & NL,iptv-online-primary,XFilm1.Family.nl,XFilm1.Family.nl,,,,
History NL,BE & NL,iptv-online-primary,XHISTORY.nl,XHISTORY.nl,,,,
Love Nature HD BNL,BE & NL,iptv-online-primary,XLove.Nature.nl,XLove.Nature.nl,,,,
NPO1 HD,BE & NL,iptv-online-primary,XNPO.1.nl,XNPO.1.nl,,,,
NPO2 HD,BE & NL,iptv-online-primary,XNPO.2.nl,XNPO.2.nl,,,,
NPO3 HD,BE & NL,iptv-online-primary,XNPO.3.nl,XNPO.3.nl,,,,
National Geographic Wild,BE & NL,iptv-online-primary,XNational.Geographic.nl,XNational.Geographic.nl,,,,
ONS,BE & NL,iptv-online-primary,XONS.nl,XONS.nl,,,,
Omroep Brabant Televisie,BE & NL,iptv-online-primary,XOmroep.Brabant.nl,XOmroep.Brabant.nl,,,,
Omrop Fryslan Televisie,BE & NL,iptv-online-primary,XOmrop.Fryslân.nl,XOmrop.Fryslân.nl,,,,
RTL Z,BE & NL,iptv-online-primary,XRTL.Z.nl,XRTL.Z.nl,,,,
RTL4 HD,BE & NL,iptv-online-primary,XRTL.4.nl,XRTL.4.nl,,,,
RTL5 HD,BE & NL,iptv-online-primary,XRTL.5.nl,XRTL.5.nl,,,,
RTL7 HD,BE & NL,iptv-online-primary,XRTL.7.nl,XRTL.7.nl,,,,
RTL8 HD,BE & NL,iptv-online-primary,XRTL.8.nl,XRTL.8.nl,,,,
Star Channel,BE & NL,iptv-online-primary,XSTAR.Channel.nl,XSTAR.Channel.nl,,,,
VRT 1,BE & NL,iptv-online-primary,XVRT.1.nl,XVRT.1.nl,,,,
Viaplay TV,BE & NL,iptv-online-primary,XViaplay.TV.nl,XViaplay.TV.nl,,,,
ESPN 2 HD,BE & NL,iptv-online-primary,XESPN.2.nl,XESPN.2.nl,,,,
ESPN 4 HD,BE & NL,iptv-online-primary,XESPN.4.nl,XESPN.4.nl,,,,
Ziggo Sport 2,BE & NL,iptv-online-primary,XZiggo.Sport.2.nl,XZiggo.Sport.2.nl,,,,
Ziggo Sport 6,BE & NL,iptv-online-primary,XZiggo.Sport.6.nl,XZiggo.Sport.6.nl,,,,
Arte HD,BE & NL,iptv-online-primary,Xarte-hd,Xarte-hd,,,,
Travel XP,BE & NL,iptv-online-primary,Xtravel-xp-hd,Xtravel-xp-hd,,,,
BBC Cbeebies HD,UK,iptv-online-primary,Xbbc-four-uk,Xbbc-four-uk,,,,
BBC Three,UK,iptv-online-primary,Xbbc-3-uk,Xbbc-3-uk,,,,
BBC Two HD,UK,iptv-online-primary,Xbbc-2-uk,Xbbc-2-uk,,,,
Comedy Central HD,UK,iptv-online-primary,X76742,X76742,,,,
Sky Cinema Premiere HD,UK,iptv-online-primary,Xsky-cinema-premieren,Xsky-cinema-premieren,,,,
Sky Cinema Family HD,UK,iptv-online-primary,Xsky-cinema-family,Xsky-cinema-family,,,,
Animal Planet HD,UK,iptv-online-primary,Xanimal-planet-eu,Xanimal-planet-eu,,,,
Crime Investigation HD,UK,iptv-online-primary,X76667,X76667,,,,
Discovery HD,UK,iptv-online-primary,Xdiscovery-channel,Xdiscovery-channel,,,,
КТК,Казахстан,iptv-online-primary,Xktk-kz,Xktk-kz,,,,
AQTOBE,Казахстан,iptv-online-primary,Xaqtobe,Xaqtobe,,,,
Saryarqa,Казахстан,iptv-online-primary,Xsaryarqa,Xsaryarqa,,,,
Кинобоевик,Казахстан,iptv-online-primary,Xkinoboevik-kz,Xkinoboevik-kz,,,,
Мировое Кино,Казахстан,iptv-online-primary,Xmirovoe-kino-kz,Xmirovoe-kino-kz,,,,
Премиум Кино,Казахстан,iptv-online-primary,Xpremium-kino-kz,Xpremium-kino-kz,,,,
Семейное Кино,Казахстан,iptv-online-primary,Xsemejnoe-kino-kz,Xsemejnoe-kino-kz,,,,
Кинодрама,Казахстан,iptv-online-primary,Xq-kino-hit,Xq-kino-hit,,,,
Киносериал,Казахстан,iptv-online-primary,Xq-kino-alem,Xq-kino-alem,,,,
QazSport,Казахстан,iptv-online-primary,Xkazsport,Xkazsport,,,,
Blue Hustler TV,Для взрослых,iptv-online-primary,Xblue-hustler,Xblue-hustler,,,,
Hustler HD,Для взрослых,iptv-online-primary,Xhustler-hd,Xhustler-hd,,,,
Hustler TV,Для взрослых,iptv-online-primary,Xhustler-hd,Xhustler-hd,,,,
Playboy,Для взрослых,iptv-online-primary,Xplayboy-tv,Xplayboy-tv,,,,
Eroxxx HD,Для взрослых,iptv-online-primary,Xeroxxxhd,Xeroxxxhd,,,,
Brazzers TV HD,Для взрослых,iptv-online-primary,Xbrazzers-tv-europe,Xbrazzers-tv-europe,,,,
Brazzers TV Europe,Для взрослых,iptv-online-primary,Xbrazzers-tv-europe,Xbrazzers-tv-europe,,,,
Barely Legal,Для взрослых,iptv-online-primary,Xbarely-legal,Xbarely-legal,,,,
Babes TV HD,Для взрослых,iptv-online-primary,Xbabes-tv,Xbabes-tv,,,,
Red Lips,Для взрослых,iptv-online-primary,Xredlips,Xo-la-la,,,,
Vivid Red HD,Для взрослых,iptv-online-primary,Xvivid-red,Xvivid-red,,,,
Dorcel HD,Для взрослых,iptv-online-primary,Xdorcel,Xdorcel,,,,
Red Lips,Для взрослых,iptv-online-primary,Xredlips,Xredlips,,,,
Private TV,Для взрослых,iptv-online-primary,Xprivate-tv,Xprivate-tv,,,,
Русская Ночь,Для взрослых,iptv-online-primary,Xrusskaya-noch,Xrusskaya-noch,,,,
Redlight HD,Для взрослых,iptv-online-primary,Xredlight-hd,Xredlight-hd,,,,
Eromania 4K,Для взрослых,iptv-online-primary,Xeromania4k,Xeromania4k,,,,
YOSSO TV SEXY,Для взрослых,iptv-online-primary,Xyosso-sexy,Xyosso-sexy,,,,
KBC+100500 (18+),Для взрослых,iptv-online-primary,X42052,X42052,,,,
БелРос HD,Россия,iptvx-noarch,tro,Xbelros,,,,
Shopping Live,Россия,iptvx-noarch,shopping-live,X	shopping-live,,,,
Наш Кинопоказ HD,Кино,iptvx-noarch,nash-kinopokaz-hd,Xnash-kinopokaz,,,,
Киножелезо HD,Кино,iptvx-noarch,okko-tv,okko-tv,,,,
Детское Кино International,Кино,iptvx-noarch,detkinoint-tviksel,detkinoint-tviksel,,,,
Кино 1 international,Кино,iptvx-noarch,kino1int-tviksel,kino1int-tviksel,,,,
Тайна,Кино,iptvx-noarch,tayna,tayna,,,,
Киноман,Кино,iptvx-noarch,kinosat,kinosat,,,,
Киносезон,Кино,iptvx-noarch,kinosezon,kinosezon,,,,
Киножелезо HD,Кино,iptvx-noarch,okko-tv,okko-tv,,,,
Кино и Жизнь,Кино,iptvx-noarch,kino-i-zhizn,kino-i-zhizn,,,,
Честный Детектив,Кино,iptvx-noarch,chestny-detektiv,Xchestny-detektiv,,,,
Kino 2 HD,Кино,iptvx-noarch,kino2-tviksel,kino2-tviksel,,,,
Патриот,Кино,iptvx-noarch,patriot,patriot,,,,
Смотрим 100% Классика,Кино,iptvx-noarch,smotrim-100-klassika,smotrim-100-klassika,,,,
Смотрим 100% Любовь,Кино,iptvx-noarch,smotrim-100-lubov,smotrim-100-lubov,,,,
Смотрим 100% Факты,Кино,iptvx-noarch,smotrim-100-fakty,smotrim-100-fakty,,,,
Смотрим 100% Мужское,Кино,iptvx-noarch,smotrim-100-muzhskoe,smotrim-100-muzhskoe,,,,
Смотрим 100% Праздник,Кино,iptvx-noarch,smotrim-100-prazdnik,smotrim-100-prazdnik,,,,
Смотрим 100% Детское,Кино,iptvx-noarch,smotrim-100-detskoe,smotrim-100-detskoe,,,,
Военное кино,Кино,iptvx-noarch,voenkino-tviksel,voenkino-tviksel,,,,
Мы,Кино,iptvx-noarch,myy,myy,,,,
Timeless Dizi Channel,Кино,iptvx-noarch,timeless-dizi,timeless-dizi,,,,
9-1-1 HD,Кино,iptvx-noarch,suspense,suspense,,,,
BCU Cinema HD,Кинозалы,iptvx-noarch,bcu-cinema,Xbcu-cinema,,,,
BCU CINEMA+ HD,Кинозалы,iptvx-noarch,bcu-cinemaplus,Xbcu-cinemaplus,,,,
BCU Marvel,Кинозалы,iptvx-noarch,bcu-marvel,Xbcu-marvel,,,,
BCU Russian HD,Кинозалы,iptvx-noarch,bcu-russian,Xbcu-russian,,,,
BCU Russia 90s HD,Кинозалы,iptvx-noarch,bcu-russia90s,bcu-russia90s,,,,
BCU СССР HD,Кинозалы,iptvx-noarch,bcu-sssr,Xbcu-sssr,,,True,strict-verified
BCU Cosmo HD,Кинозалы,iptvx-noarch,bcu-cosmo,Xbcu-cosmo,,,,
BCUMEDIA HD,Кинозалы,iptvx-noarch,bcu-media,bcu-media,,,,
BCU Premiere 1 HDR,Кинозалы,iptvx-noarch,bcu-kinozal-prem-1,bcu-kinozal-prem-1,,,,
BCU NEW MEDIA 2,Кинозалы,iptvx-noarch,bcu-action,bcu-action,,,,
BCU Premiere 2 HDR,Кинозалы,iptvx-noarch,bcu-kinozal-prem-2,bcu-kinozal-prem-2,,,,
BCU Comedy OLD,Кинозалы,iptvx-noarch,bcu-comedy,bcu-comedy,,,,
BCU Cosmo HDR,Кинозалы,iptvx-noarch,bcu-cosmo,bcu-cosmo,,,,
BCU Unity 1 HDR,Кинозалы,iptvx-noarch,bcu-unity-1,Xbcu-unity-1,,,,
BCU Unity 2 HDR,Кинозалы,iptvx-noarch,bcu-unity-2,Xbcu-unity-2,,,,
BCU Unity 3 HD,Кинозалы,iptvx-noarch,bcu-unity-3,Xbcu-unity-3,,,,
VeleS Криминальный,Кинозалы,iptvx-noarch,veles-krim,veles-criminal,,,,
VeleS Наше Кино,Кинозалы,iptvx-noarch,veles-nashek,veles-our-cinema,,,,
VeleS Комедия,Кинозалы,iptvx-noarch,veles-komed,veles-comedy,,,,
VeleS Триллер,Кинозалы,iptvx-noarch,veles-trill,veles-triller,,,,
VeleS Семейный,Кинозалы,iptvx-noarch,veles-semej,veles-family,,,,
VeleS Гоблин,Кинозалы,iptvx-noarch,veles-gobln,veles-goblin,,,,
VeleS Киноплёнка,Кинозалы,iptvx-noarch,veles-kinoplonk,veles-kinoplenka,,,,
VeleS Dj Set,Кинозалы,iptvx-noarch,veles-djset,veles-djset,,,,
VeleS Киносерия,Кинозалы,iptvx-noarch,veles-kinoser,veles-kinoseries,,,,
VeleS Premiere,Кинозалы,iptvx-noarch,veles-prem,veles-premiere,,,,
VeleS Страшное,Кинозалы,iptvx-noarch,veles-strash,veles-strashnoe,,,,
VeleS СССР,Кинозалы,iptvx-noarch,veles-sssr,veles-ussr,,,,
TvBoom.ViP,Кинозалы,iptvx-noarch,tvboomvip,tvboomvip,,,,
Fresh Fantastic,Кинозалы,iptvx-noarch,fresh-fantastic,Xfresh-fantastic,,,,
Fresh VHS,Кинозалы,iptvx-noarch,fresh-vhs,Xfresh-vhs,,,,
Fresh Rating,Кинозалы,iptvx-noarch,fresh-rating,Xfresh-rating,,,,
Fresh Family,Кинозалы,iptvx-noarch,fresh-family,Xfresh-family,,,,
Fresh Premiere,Кинозалы,iptvx-noarch,fresh-premiere,Xfresh-premiere,,,,
Fresh Comedy,Кинозалы,iptvx-noarch,fresh-comedy,Xfresh-comedy,,,,
Fresh Kids,Кинозалы,iptvx-noarch,fresh-kids,Xfresh-kids,,,,
Fresh Cinema,Кинозалы,iptvx-noarch,fresh-cinema,Xfresh-cinema,,,,
Fresh Horror,Кинозалы,iptvx-noarch,fresh-horror,Xfresh-horror,,,,
Fresh Adventure,Кинозалы,iptvx-noarch,fresh-adventure,Xfresh-adventure,,,,
Fresh Romantic,Кинозалы,iptvx-noarch,fresh-romatic,Xfresh-romatic,,,,
Fresh Russian,Кинозалы,iptvx-noarch,fresh-russian,Xfresh-russian,,,,
Fresh Thriller,Кинозалы,iptvx-noarch,fresh-thriller,Xfresh-thriller,,,,
YOSSO TV Grand,Кинозалы,iptvx-noarch,yosso-grand,Xyosso-grand,,,,
Magic Premiere,Кинозалы,iptvx-noarch,magic-premiere,Xmagic-premiere,,,,
Magic Adventure,Кинозалы,iptvx-noarch,magic-adventure,Xmagic-adventure,,,,
Magic Russian,Кинозалы,iptvx-noarch,magic-russian,Xmagic-russian,,,,
Magic Action,Кинозалы,iptvx-noarch,magic-action,Xmagic-action,,,,
Magic Comedy,Кинозалы,iptvx-noarch,magic-comedy,Xmagic-comedy,,,,
Magic Family,Кинозалы,iptvx-noarch,magic-family,Xmagic-family,,,,
Magic Galaxy,Кинозалы,iptvx-noarch,magic-galaxy,Xmagic-galaxy,,,,
Magic Horror,Кинозалы,iptvx-noarch,magic-horror,Xmagic-horror,,,,
Magic Karate,Кинозалы,iptvx-noarch,magic-karate,Xmagic-karate,,,,
Magic Love,Кинозалы,iptvx-noarch,magic-love,Xmagic-love,,,,
Magic Thriller,Кинозалы,iptvx-noarch,magic-thriller,Xmagic-thriller,,,,
Magic VHS,Кинозалы,iptvx-noarch,magic-vhs,Xmagic-vhs,,,,
CineMan Дубляж СССР,Кинозалы,iptvx-noarch,cineman-dub-ssr,cineman-dub-ssr,,,,
CineMan Комедийные сериалы,Кинозалы,iptvx-noarch,cineman-komseri,cineman-komseri,,,,
GL Невский,Кинозалы,iptvx-noarch,goldline-nevski,XGL Невский,,,,
TVPlay Indian Cinema,Кинозалы,iptvx-noarch,tvplay-indiancinema,tvplay-indiancinema,,,,
TVPlay Игра Престолов HD,Кинозалы,iptvx-noarch,tvplay-igraprestolov,tvplay-igraprestolov,,,,
TVPlay Авторский перевод HD,Кинозалы,iptvx-noarch,tvplay-avtorskiyperevod,tvplay-avtorskiyperevod,,,,
TVPlay АЛЬФ,Кинозалы,iptvx-noarch,tvplay-alf,tvplay-alf,,,,
TVPlay Космический,Кинозалы,iptvx-noarch,tvplay-kosmicheskiy,tvplay-kosmicheskiy,,,,
TVPlay Лихие 90е Сериал,Кинозалы,iptvx-noarch,tvplay-lihie90eserial,tvplay-lihie90eserial,,,,
MM NewFilm 1 HD,Кинозалы,iptvx-noarch,minimax-newfilm1,Xminimax-newfilm1,,,,
Velilla TV Морские дьяволы HD,Кинозалы,iptvx-noarch,velilla-mordiav,velillatvseadevils,,,,
Velilla TV Морские дьяволы 2 HD,Кинозалы,iptvx-noarch,velilla-mordiav2,velillatvseadevilsparttwo,,,,
Velilla TV Русский Сериал HD,Кинозалы,iptvx-noarch,velilla-ruserial,velillaruserial,,,,
Velilla TV Русские Мелодрамы HD,Кинозалы,iptvx-noarch,velilla-rusmylo,velillarusmelodrama,,,,
Velilla TV Кухня + Отель «Элеон» HD,Кинозалы,iptvx-noarch,velilla-kuxnia,velillatvcocina,,,,
Velilla TV Домашний HD,Кинозалы,iptvx-noarch,velilla-domashny,velillatvdomashniy,,,,
Velilla TV Вестерн HD,Кинозалы,iptvx-noarch,velilla-western,velillatvwestern,,,,
Velilla TV Action War Films HD,Кинозалы,iptvx-noarch,velilla-actionwar,actionwarfilms,,,,
Velilla TV Мосгаз HD,Кинозалы,iptvx-noarch,velilla-mosgaz,velillamosgaz,,,,
Velilla TV Бандитский Петербург,Кинозалы,iptvx-noarch,velilla-bpiter,banditpiter,,,,
Velilla TV Элен и ребята,Кинозалы,iptvx-noarch,velilla-elenir,heleneetlesgarcons,,,,
Velilla TV Счастливы вместе,Кинозалы,iptvx-noarch,velilla-sw,velillahappytogether,,,,
Velilla TV Ситком HD,Кинозалы,iptvx-noarch,velilla-sitkom,velillatvsitcom,,,,
Velilla TV ИП Пирогова HD,Кинозалы,iptvx-noarch,velilla-pirog,velillatvpirogova,,,,
Velilla TV Новогодний,Кинозалы,iptvx-noarch,velilla-ny,velillanewyear,,,,
Velilla TV Балабол HD,Кинозалы,iptvx-noarch,velilla-balabol,velilla-balabol,,,,
Velilla TV Cinema 4K,Кино 4K,iptvx-noarch,velilla-cinema4k,velilla4K,,,,
Velilla TV  The X - Files 4K,Кино 4K,iptvx-noarch,velilla-xfiles4k,velillathexfiles4k,,,,
UFC ТВ HD,Спорт,iptvx-noarch,ufc,ufc,,,,
MMA-TV HD,Спорт,iptvx-noarch,m1global,m1global,,,,
Equalympic HD,Спорт,iptvx-noarch,equalympic,X	no_epg_sport,,,,
Box Sport 11 Live 4K,Спорт,iptvx-noarch,box-sport-11-live,box-sport-11-live,,,,
M+ Deportes ES,Спорт,iptvx-noarch,m-plus-deport-es,m-plus-deport-es,,,,
M+ Deportes 2 HD ES,Спорт,iptvx-noarch,m-plus-deport2-es,m-plus-deport2-es,,,,
M+ Deportes 3 HD ES,Спорт,iptvx-noarch,m-plus-deport3-es,m-plus-deport3-es,,,,
M+ Deportes 4 HD ES,Спорт,iptvx-noarch,m-plus-deport4-es,m-plus-deport4-es,,,,
Arena Fight,Спорт,iptvx-noarch,arena-fight,arena-fight,,,,
Velilla TV World Cup 1966,Спорт,iptvx-noarch,velilla-wc1966,worldcup1966,,,,
Velilla TV World Cup 1970,Спорт,iptvx-noarch,velilla-wc1970,worldcup1970,,,,
Velilla TV World Cup 1974,Спорт,iptvx-noarch,velilla-wc1974,worldcup1974,,,,
Velilla TV World Cup 1978,Спорт,iptvx-noarch,velilla-wc1978,worldcup1978,,,,
Velilla TV World Cup 1982,Спорт,iptvx-noarch,velilla-wc1982,worldcup1982,,,,
Velilla TV World Cup 1986,Спорт,iptvx-noarch,velilla-wc1986,worldcup1986,,,,
Velilla TV World Cup 1998,Спорт,iptvx-noarch,velilla-wc1998,worldcup1998,,,,
Velilla TV World Cup 1990,Спорт,iptvx-noarch,velilla-wc1990,worldcup1990,,,,
Velilla TV World Cup 1994,Спорт,iptvx-noarch,velilla-wc1994,worldcup1994,,,,
Velilla TV World Cup 2002,Спорт,iptvx-noarch,velilla-wc2002,worldcup2002,,,,
Velilla TV World Cup 2006,Спорт,iptvx-noarch,velilla-wc2006,worldcup2006,,,,
Velilla TV World Cup 2010,Спорт,iptvx-noarch,velilla-wc2010,worldcup2010,,,,
Velilla TV World Cup 2014,Спорт,iptvx-noarch,velilla-wc2014,worldcup2014,,,,
Velilla TV World Cup 2018,Спорт,iptvx-noarch,velilla-wc2018,worldcup2018,,,,
Velilla TV World Cup 2022 HD,Спорт,iptvx-noarch,velilla-wc2022,worldcup2022,,,,
Velilla TV World Cup 2026 HD,Спорт,iptvx-noarch,velilla-wc2026,worldcup2026,,,,
Velilla TV EuroCup 1984,Спорт,iptvx-noarch,velilla-euro1984,eurocup1984,,,,
Velilla TV EuroCup 1988,Спорт,iptvx-noarch,velilla-euro1988,eurocup1988,,,,
Velilla TV EuroCup 1992,Спорт,iptvx-noarch,velilla-euro1992,eurocup1992,,,,
Velilla TV EuroCup 1996,Спорт,iptvx-noarch,velilla-euro1996,eurocup1996,,,,
Velilla TV EuroCup 2000,Спорт,iptvx-noarch,velilla-euro2000,eurocup2000,,,,
Velilla TV EuroCup 2004,Спорт,iptvx-noarch,velilla-euro2004,eurocup2004,,,,
Velilla TV EuroCup 2008 HD,Спорт,iptvx-noarch,velilla-euro2008,eurocup2008,,,,
Velilla TV EuroCup 2012 HD,Спорт,iptvx-noarch,velilla-euro2012,eurocup2012,,,,
Velilla TV EuroCup 2016 HD,Спорт,iptvx-noarch,velilla-euro2016,eurocup2016,,,,
Velilla TV EuroCup 2020 HD,Спорт,iptvx-noarch,velilla-euro2020,eurocup2020,,,,
Velilla TV EuroCup 2024 HD,Спорт,iptvx-noarch,velilla-euro2024,eurocup2024,,,,
Velilla TV FIFA Club World Cup 2025 HD,Спорт,iptvx-noarch,velilla-fifa-cwc2025,fifaclubworldcup2025,,,,
Velilla TV Legendary Matches HD,Спорт,iptvx-noarch,velilla-legendmatch,velillalegendarymatches,,,,
FIFA+ HD (England),Спорт,iptvx-noarch,fifa-plus-uk,fifapluseng,,,,
Go3 Sport 1 HD,Спорт,iptvx-noarch,tvplay-sports,tvplay-sports,,,,
Go3 Sport 2 HD,Спорт,iptvx-noarch,tvplay-sports-plus,tvplay-sports-plus,,,,
Go3 Sport Open HD,Спорт,iptvx-noarch,tv3-sport-open,tv3-sport-open,,,,
Знаєм 24,Познавательные,iptvx-noarch,znajem24,znajem24,,,,
One Planet HD,Познавательные,iptvx-noarch,one-planet,Xone-planet,,,,
Magic Disney,Детские,iptvx-noarch,magic-disney,Xmagic-disney,,,,
Lale,Детские,iptvx-noarch,lale,xlale,,,,
MM USSR Сказки HD,Детские,iptvx-noarch,minimax-ussr-skazki,Xminimax-ussr-skazki,,,,
Velilla TV Детский HD,Детские,iptvx-noarch,velilla-detsky,velillatvdetskiy,,,,
Velilla TV Том и Джерри HD,Детские,iptvx-noarch,velilla-tij,tomandjerry,,,,
ТВОЁ ТВ HD,Разное,iptvx-noarch,tvoyo-tv-hd,Xtvoyo-tv-hd,,,,
Три Ангела,Разное,iptvx-noarch,tri-angela,Xtri-angela,,,,
Russia Today,Новости,iptvx-noarch,rt-news,Xrussia-today,,,,
Classic Music HD,Музыкальные,iptvx-noarch,classic-music,Xclassic-music,,,,
Наше music HD,Музыкальные,iptvx-noarch,nashe-music-hd,Xnashe,,,,
EU Music HD,Музыкальные,iptvx-noarch,eu-music,eu-music,,,,
Now Rock,Музыкальные,iptvx-noarch,now-rock,now-rock,,,,
1HD Music,Музыкальные,iptvx-noarch,1hd,1hd,,,,
Music Box Dance,Музыкальные,iptvx-noarch,musicbox-dance,musicbox-dance,,,,
Music Box Classic,Музыкальные,iptvx-noarch,musicbox-classic,musicbox-classic,,,,
Music Box Hits,Музыкальные,iptvx-noarch,musicbox-hits,musicbox-hits,,,,
Music Box Sexy,Музыкальные,iptvx-noarch,musicbox-sexy,musicbox-sexy,,,,
AIVA,Музыкальные,iptvx-noarch,aiva,aiva,,,,
МузТВ,Музыкальные,iptvx-noarch,muztv,muztv,,,,
Velilla TV Eurodance 90s,Музыкальные,iptvx-noarch,velilla-eurodance90s,velillaeurodance90s,,,,
Velilla TV Russiandance 90s,Музыкальные,iptvx-noarch,velilla-rusdance,velillarussiandance90s,,,,
Velilla TV Magenta Musik Festivals HD,Музыкальные,iptvx-noarch,velilla-magentamusik,magentamusik,,,,
Velilla TV Pop And Rock Concerts HD,Музыкальные,iptvx-noarch,velilla-poprockconc,velillapoprockconcerts,,,,
Velilla TV Hard And Heavy Concerts HD,Музыкальные,iptvx-noarch,velilla-hardheavyconc,velillahardheavyconcerts,,,,
Беларусь 4 Витебск,Беларусь,iptvx-noarch,belarus4-vitebsk,Xbelarus4,,,,
+TV,Беларусь,iptvx-noarch,belviasat-plustv,belviasat-plustv,,,,
Euronews,Германия,iptvx-noarch,euronews,euronews,,,,
13th Street,Германия,iptvx-noarch,13-strt,X76766,,,,
WAIDWERK,Германия,iptvx-noarch,waidwerk,waidwerk,,,,
Channel 12,Израиль,iptvx-noarch,channel-12-il,channel-12-il,,,,
Channel 13,Израиль,iptvx-noarch,channel-13-il,channel-13-il,,,,
Yes Movies Action HD,Израиль,iptvx-noarch,yes2,Xyes.Movies.Action.il,,,,
Yes Movies Comedy HD,Израиль,iptvx-noarch,yes3,Xyes.Movies.Comedy.il,,,,
Yes TV Comedy HD,Израиль,iptvx-noarch,yes-comedy,Xyes.TV.Comedy.il,,,,
Yes TV Drama HD,Израиль,iptvx-noarch,yes-drama,Xyes.TV.Drama.il,,,,
Teledeporte HD ES,Испания,iptvx-noarch,teledeporte-es,teledeporte-es,,,,
TVN Style HD,Польша,iptvx-noarch,tvn-style-pl,X	tvn-style-pl,,,,
TV PULS HD,Польша,iptvx-noarch,tv-puls,tv-puls,,,,
Euronews,Молдова,iptvx-noarch,euronews,euronews,,,,
Max Sport 1 HD,Болгария,iptvx-noarch,max-sport-1,XMax.Sport.1.bg,,,,
Max Sport 2 HD,Болгария,iptvx-noarch,max-sport-2,XMax.Sport.2.bg,,,,
Max Sport 3 HD,Болгария,iptvx-noarch,max-sport-3,XMax.Sport.3.bg,,,,
Max Sport 4 HD,Болгария,iptvx-noarch,max-sport-4,XMax.Sport.4.bg,,,,
Планета HD BG,Болгария,iptvx-noarch,planeta-hd-bg,XPlaneta.bg,,,,
Балканика,Болгария,iptvx-noarch,balkanika,balkanika,,,,
AMC,SkyLink,iptvx-noarch,amc,amc,,,,
Penthouse Reality TV,Для взрослых,iptvx-noarch,penthouse-quickies,penthouse-quickies,,,,
TVPlay Наше XXX,Для взрослых,iptvx-noarch,tvplay-nashexxx,tvplay-nashexxx,,,,
Velilla TV Adult Channel HD,Для взрослых,iptvx-noarch,velilla-adult,velillatvadult,,,,
Velilla TV Hardcore Sex HD,Для взрослых,iptvx-noarch,velilla-hcsex,velillatvhardcoresex,,,,
1+1 Кіно,Кино,runigma-iptv,1plus1kino-ua,1plus1kino-ua,,,,
CPS Drama,Кинозалы,runigma-iptv,cps-drama,cps-drama,,,,
CPS Comedy,Кинозалы,runigma-iptv,cps-comedy,cps-comedy,,,,
CPS Action,Кинозалы,runigma-iptv,cps-action,cps-action,,,,
CPS Mix,Кинозалы,runigma-iptv,cps-mix,cps-mix,,,,
CPS Fiction,Кинозалы,runigma-iptv,cps-fiction,cps-fiction,,,,
CPS Detective,Кинозалы,runigma-iptv,cps-detective,cps-detective,,,,
ID Xtra HD,Познавательные,runigma-iptv,id-xtra,Xid-xtra-ru,,,,
BOX TV,Болгария,runigma-iptv,box-tv,box-tv,,,,
Hollywood HD,Кино,openbox-tsd,hollywood-hd,hollywood-hd,,,,
FilmZone Plus,Кино,openbox-tsd,filmzone-plus,Xfilmzone-plus-lt,,,,
Kinosweet,Кино,openbox-tsd,kinosweet,Xkinosweet,,,,
Vesna HD,Кино,openbox-tsd,vesna,vesna,,,,
BCU Marvel OLD,Кинозалы,openbox-tsd,bcu-marvel,bcu-marvel,,,,
BCU Reality OLD,Кинозалы,openbox-tsd,bcu-reality,bcu-reality,,,,
BCU Survival OLD,Кинозалы,openbox-tsd,bcu-survival,bcu-survival,,,,
BCU Romantic OLD,Кинозалы,openbox-tsd,bcu-romantic,bcu-romantic,,,,
BCUMEDIA_3_HDR,Кинозалы,openbox-tsd,bcu-media-3,bcu-media-3,,,,
VeleS Вестерн,Кинозалы,openbox-tsd,veles-vestern,veles-vestern,,,,
VeleS С Новым годом!,Кинозалы,openbox-tsd,veles-newyear,velesyear-new,,,,
VeleS Movie Hits,Кинозалы,openbox-tsd,veles-movies-hits,veles-movie-hits,,,,
MYTV,Кинозалы,openbox-tsd,mytv,XMyTVmytv-0,,,,
MYTV 2,Кинозалы,openbox-tsd,mytv-2,XMyTVmytv2-1,,,,
MYTV 3,Кинозалы,openbox-tsd,mytv-3,XMyTVmytv3-2,,,,
MYTV HIT,Кинозалы,openbox-tsd,mytv-hit,XMyTVmytvhit-3,,,,
CPS Western,Кинозалы,openbox-tsd,cps-western,cps-western,,,,
CPS Anime,Кинозалы,openbox-tsd,cps-anime,cps-anime,,,,
CPS USSR,Кинозалы,openbox-tsd,cps-ussr,cps-ussr,,,,
CPS Fresh,Кинозалы,openbox-tsd,cps-fresh,cps-fresh,,,,
CPS Oscar,Кинозалы,openbox-tsd,cps-oscar,cps-oscar,,,,
CPS Jackie Chan,Кинозалы,openbox-tsd,cps-jackie-chan,cps-jackie-chan,,,,
BOX Premiere 4K,Кино 4K,openbox-tsd,box-premiere-4k,Xbox-premiere4k,,,,
Setanta Sports Premium HD,Спорт,openbox-tsd,setanta-sports-premium,setanta-sports-premium,,,,
Про Київ,Познавательные,openbox-tsd,pro-kiiv,pro-kiiv,,,,
Машина часу,Познавательные,openbox-tsd,mashina-chasu,mashina-chasu,,,,
MYTV  Kids,Детские,openbox-tsd,mytv-kids,XMyTVmytvkids-4,,,,
Sweet Мультфільми HD,Детские,openbox-tsd,sweet-multfilmi,sweet-multfilmi,,,,
CPS Cartoon,Детские,openbox-tsd,cps-cartoon,cps-cartoon,,,,
UA.Music HD,Музыкальные,openbox-tsd,ua-music,ua-music,,,,
Премиальное HD,Кино,bcumedia-dedicated,Премиальное HD,Xkinopremium-hd,,,,
Тех Лет ТВ,Кино,bcumedia-dedicated,Тех Лет ТВ,Тех Лет ТВ,,,,
Ужасы HD,Кино,bcumedia-dedicated,Ужасы HD,Ужасы HD,,,,
BCUMEDIA OLD,Кинозалы,bcumedia-dedicated,BCUMedia OLD,BCUMedia OLD,,,,
TVPlay DC Comics HD,Кинозалы,tvteam,ch3754,ch3754,,,,
Velilla TV CatTV 4K,Познавательные,tvteam,ch4171,velillatvcattv,,,,
Deluxe Music HD,Музыкальные,tvteam,ch237,ch237,,,,
Deluxe Music,Музыкальные,tvteam,ch237,ch237,,,,
ORF 1 HD,Германия,tvteam,ch330,X76706,,,,
ARD alpha HD,Германия,tvteam,ch1934,ch1934,,,,
SR Fernsehen HD,Германия,tvteam,ch1938,ch1938,,,,
Arena Premium 1 HD,Спорт,epgpw-RU,381833,381833,,,,
Arena Premium 2 HD,Спорт,epgpw-RU,381835,381835,,,,
Arena Premium 3 HD,Спорт,epgpw-RU,381834,381834,,,,
Sky Sport Premier League,Германия,epgpw-DE,438445,X10880,,,,
Sportdigital FUSSBALL HD,Германия,epgpw-DE,438441,438441,,,,
Sky Replay,Германия,epgpw-DE,562033,X10635,,,,
Sky Cinema Classics HD,Германия,epgpw-DE,438459,Xsky-cinema,,,,
tagesschau24 HD,Германия,epgpw-DE,76696,76696,,,,
Premier Sports 1 HD,Спорт,epgpw-GB,219100,Xpremier-sports-1,,,,
Premier Sports 2 HD,Спорт,epgpw-GB,219104,Xpremier-sports-2,,,,
TNT Sports 4 HD,Спорт,epgpw-GB,400478,400478,,,,
Sky Cinema Hits HD,UK,epgpw-GB,454796,454796,,,,
Sky Documentaries HD,UK,epgpw-GB,454797,454797,,,,
Sky History HD,UK,epgpw-GB,12272,12272,,,,
Adult Swim,Канада,epgpw-CA,470749,470749,,,,
Наше крутое HD,Кино,epgone-ru2,2018,Xnash-detektiv,,,,
Lost HD,Кино,epgone-ru2,4772,4772,,,,
FilmZone,Кино,epgone-ru2,5635,Xfilmzone,,,,
Setanta Sports HD MD,Спорт,epgone-ru2,7244,7244,,,,
Sport 3 UA HD,Спорт,epgone-ru2,9297,9297,,,,
Ералаш,Детские,epgone-ru2,4775,4775,,,,
Russia Today Doc HD,Новости,epgone-ru2,2295,Xrussia-today,,,,
Deejay TV,Музыкальные,epgone-ru2,4673,4673,,,,
Tennis+ HD,Спорт,epgpw-all-lite,1889,1889,,,,
TSN 2,Спорт,epgpw-all-lite,470550,470550,,,,
TSN 4,Спорт,epgpw-all-lite,470915,470915,,,,
TSN 5,Спорт,epgpw-all-lite,470390,470390,,,,
Первый Российский Национальный канал,Россия,anzo-top,11336,Xprnk-tv,,,,
Мой мир,Россия,anzo-top,11487,11487,,,,
Новелла ТВ,Кино,anzo-top,12593,12593,,,,
Rock TV,Музыкальные,anzo-top,13533,13533,,,,
Deutsche Welle,Испания,anzo-top,13467,13467,,,,
7 TV,Молдова,anzo-top,10026,10026,,,,
Exxxotica HD,Для взрослых,anzo-top,11475,Xexxxotica,,,,
VOX Up HD,Германия,epgshare-AT,VOX.UP.at,XVOXup.de,,,,
Hope TV,Германия,epgshare-AT,Hope.TV.at,Hope.TV.at,,,,
Eclips TV,BE & NL,epgshare-BE,Eclips.TV.be,Eclips.TV.be,,,,
VTM Gold,BE & NL,epgshare-BE,VTM.GOLD.be,VTM.GOLD.be,,,,
BX1,BE & NL,epgshare-BE,BX1.be,XBX1.be,,,,
TV Drenthe,BE & NL,epgshare-BE,TV.Drenthe.be,TV.Drenthe.be,,,,
TV Gelderland,BE & NL,epgshare-BE,TV.Gelderland.be,TV.Gelderland.be,,,,
TV Oranje,BE & NL,epgshare-BE,TV.Oranje.be,TV.Oranje.be,,,,
VRT Canvas HD,BE & NL,epgshare-BE,VRT.Canvas.HD.be,XVRT.Canvas.nl,,,,
BFM TV,BE & NL,epgshare-BE,BFM.TV.be,BFM.TV.be,,,,
M6 4K,BE & NL,epgshare-BE,M6.be,M6.be,,,,
Tipik,BE & NL,epgshare-BE,Tipik.be,Tipik.be,,,,
Film1 Premiere HD,BE & NL,epgshare-NL,Film1.Premiere.nl,XFilm.1.Premiere.nl,,,,
NET5 HD,BE & NL,epgshare-NL,Net5.nl,XNET.5.nl,,,,
Oost,BE & NL,epgshare-NL,Oost.nl,Oost.nl,,,,
SBS6 HD,BE & NL,epgshare-NL,SBS6.nl,XSBS.6.nl,,,,
ESPN HD,BE & NL,epgshare-NL,ESPN.nl,XESPN.1.nl,,,,
AT5,BE & NL,epgshare-NL,AT5.nl,AT5.nl,,,,
ITV 1 HD,UK,epgshare-UK,ITV1.HD.uk,ITV1.HD.uk,,,,
ITV 2 HD,UK,epgshare-UK,ITV2.HD.uk,ITV2.HD.uk,,,,
ITV 3 HD,UK,epgshare-UK,ITV3.HD.uk,ITV3.HD.uk,,,,
ITV 4 HD,UK,epgshare-UK,ITV4.HD.uk,ITV4.HD.uk,,,,
More4 HD,UK,epgshare-UK,More4.HD.uk,More4.HD.uk,,,,
E4 HD,UK,epgshare-UK,E4.HD.uk,E4.HD.uk,,,,
Channel 4 HD,UK,epgshare-UK,Channel.4.HD.uk,Channel.4.HD.uk,,,,
Channel 5 HD,UK,epgshare-UK,Channel.5.HD.uk,Channel.5.HD.uk,,,,
Sky Cinema Sci-Fi HD,UK,epgshare-UK,Sky.Sci-Fi.HD.uk,Sky.Sci-Fi.HD.uk,,,,
Sky Cinema Drama HD,UK,epgshare-UK,Sky.Drama.HD.uk,Sky.Drama.HD.uk,,,,
Sky Cinema Greats HD,UK,epgshare-UK,Sky.Greats.HD.uk,Sky.Greats.HD.uk,,,,
Sky Kids HD,UK,epgshare-UK,Sky.Kids.HD.uk,Sky.Kids.HD.uk,,,,
Film4 HD,UK,epgshare-UK,Film4.HD.uk,Film4.HD.uk,,,,
MTV HD,UK,epgshare-UK,MTV.HD.uk,MTV.HD.uk,,,,
Music box 00s,Музыкальные,epgshare-MUSICBOX,MUSIC.BOX.00s.musicbox,MUSIC.BOX.00s.musicbox,,,,
Deluxe Dance,Музыкальные,epgshare-DELUXEMUSIC,Deluxe.Dance.de,Deluxe.Dance.de,,,,
Deluxe Rap HD,Музыкальные,epgshare-DELUXEMUSIC,Deluxe.Rap.de,Deluxe.Rap.de,,,,
RAI 2 HD,Италия,epgshare-IT,Rai.2.HD..102.it,Rai.2.HD..102.it,,,,
RAI 4 HD,Италия,epgshare-IT,Rai4.it,Rai4.it,,,,
RAI 5 HD,Италия,epgshare-IT,Rai5.it,Rai5.it,,,,
RAI Gulp HD,Италия,epgshare-IT,RaiGulp.it,RaiGulp.it,,,,
RAI YOYO HD,Италия,epgshare-IT,RaiYoyo.it,RaiYoyo.it,,,,
RAI Storia HD,Италия,epgshare-IT,RaiStoria.it,RaiStoria.it,,,,
RAI Movie HD,Италия,epgshare-IT,RaiMovie.it,RaiMovie.it,,,,
RAI Scuola HD,Италия,epgshare-IT,RaiScuola.it,RaiScuola.it,,,,
LA 5 HD,Италия,epgshare-IT,La.5.it,La.5.it,,,,
БНТ1,Болгария,epgshare-BG,БНТ1.bg,XBNT.bg,,,,
БНТ2,Болгария,epgshare-BG,БНТ2.bg,XBNT.2.bg,,,,
Nova HD,Болгария,epgshare-BG,Нова.телевизия.bg,XNova.TV.bg,,,,
Diema,Болгария,epgshare-BG,Диема.bg,XDiema.bg,,,,
Diema Family HD,Болгария,epgshare-BG,Диема.Фемили.bg,XDiema.Family.bg,,,,
Nova Sport,Болгария,epgshare-BG,Нова.Спорт.bg,XNova.Sport.bg,,,,
Nick Jr,Болгария,epgshare-BG,Nick.Jr..bg,XNick.Jr.bg,,,,
Vox Music TV HD,Польша,epgshare-PL,VOX.Music.TV.pl,XVOX.Music.TV.pl,,,,
Polar HD,Чехия,epgshare-CZ,POLAR.cz,POLAR.cz,,,,
Jihočeská televize,Чехия,epgshare-CZ,Jihočeská.televize.cz,Jihočeská.televize.cz,,,,
RTVS SPORT HD,SkyLink,epgshare-CZ,RTVS.SPORT.cz,X3981fa886a1704937afd96d87ea46ef1,,,,
Arena Sport 1 HD,SkyLink,epgshare-SK,Arena.Sport.1.HD.sk,X1ee5b7ce8676fe322a8bb63f097f8c9a,,,,
SPORT TV + PT,Спорт,epgshare-PT,SPORT.TV+.HD.pt,SPORT.TV+.HD.pt,,,,
SPORT TV 1 PT,Спорт,epgshare-PT,SPORT.TV1.HD.pt,SPORT.TV1.HD.pt,,,,
SPORT TV 2 PT,Спорт,epgshare-PT,SPORT.TV2.HD.pt,SPORT.TV2.HD.pt,,,,
SPORT TV 3 PT,Спорт,epgshare-PT,SPORT.TV3.HD.pt,SPORT.TV3.HD.pt,,,,
SPORT TV 4 PT,Спорт,epgshare-PT,SPORT.TV4.HD.pt,SPORT.TV4.HD.pt,,,,
SPORT TV 5 PT,Спорт,epgshare-PT,SPORT.TV5.HD.pt,SPORT.TV5.HD.pt,,,,
SPORT TV 6 PT,Спорт,epgshare-PT,Sport.TV.6.HD.pt,Sport.TV.6.HD.pt,,,,
DAZN 1 PT,Спорт,epgshare-PT,DAZN.1.pt,DAZN.1.pt,,,,
DAZN 2 PT,Спорт,epgshare-PT,DAZN.2.pt,DAZN.2.pt,,,,
Nick Jr HD,Латвия,epgshare-LV,Nick.Jr.HD.lv,Xnick-jr-baltic,,,,
OTV HD,Латвия,epgshare-LV,OTV.HD.lv,Xotv-lv,,,,
Конный мир HD,Спорт,teleguide-ru,2137,Xkonny-mir,,,,
Q Arena,Спорт,teleguide-ru,300174,Xqsport-kz,,,,
Angel TV,Разное,teleguide-ru,2885,Xangel-tv,,,,
News Front,Россия,gabbarit-current,News Front TV,News Front TV,,,,
Резонанс ТВ,Россия,gabbarit-current,Резонанс,Xrezonans,,,,
Sochi Live,Россия,gabbarit-current,Sochi Live,Xsochi-live,,,,
ТРК 555,Россия,gabbarit-current,ТРК 555 (Алушта),ТРК 555 (Алушта),,,,
Serial HD,Кино,gabbarit-current,Serial HD,Xserial-hd,,,,
Victory HD,Кино,gabbarit-current,Victory HD,Xvictory-hd,,,,
BEST Films HD,Кино,gabbarit-current,Best Films,Best Films,,,,
Окко ТВ HD,Кино,gabbarit-current,Okko TV,Xbubokko-tv,,,,
Среда,Кино,gabbarit-current,Среда (Дагестан),Среда (Дагестан),,,,
Fresh TV Armenia,Кинозалы,gabbarit-current,Fresh TV Armenia,Fresh TV Armenia,,,,
YOSSO-C-INQUEST,Кинозалы,gabbarit-current,C-Inquest,Xc-inquest-yosso,,,,
YOSSO-C-COMEDY,Кинозалы,gabbarit-current,C-Comedy,Xc-comedy-yosso,,,,
Видеокассета VHS,Кинозалы,gabbarit-current,Видеокасета VHS,Видеокасета VHS,,,,
TVPlay Латинские сериалы ретро,Кинозалы,gabbarit-current,TVPLAY Латинские сериалы ретро,TVPLAY Латинские сериалы ретро,,,,
jk_fargo,Кинозалы,gabbarit-current,jk_fargo,jk_fargo,,,,
Q Sport League,Спорт,gabbarit-current,Q SPORT League,Xq-sport-ext,,,,
Sport+ Qazaqstan HD,Спорт,gabbarit-current,SPORT+ Qazaqstan HD,Xsport-plus-kz,,,,
TSN 1,Спорт,gabbarit-current,TSN 1,TSN 1,,,,
TSN 3,Спорт,gabbarit-current,TSN 3,TSN 3,,,,
Viva Latino,Музыкальные,gabbarit-current,Viva Latino,Viva Latino,,,,
Наше Ретро,Музыкальные,gabbarit-current,#НАШЕ ретро,#НАШЕ ретро,,,,
MusicBox UA HD,Музыкальные,gabbarit-current,Music Box UA,Xmusicbox-ua-hd,,,,
Новое Радио,Музыкальные,gabbarit-current,Новое Радио,Новое Радио,,,,
V2Beat TV,Музыкальные,gabbarit-current,V2Beat HD,V2Beat HD,,,,
Now 80s,Музыкальные,gabbarit-current,NOW 80s,NOW 80s,,,,
Now 70s,Музыкальные,gabbarit-current,NOW 70s,NOW 70s,,,,
Етно HD,Музыкальные,gabbarit-current,Етно HD,Етно HD,,,,
KroneHit TV,Музыкальные,gabbarit-current,Kronehit HD,Kronehit HD,,,,
DANCE HITS 80,Музыкальные,gabbarit-current,Dance Hits 80,Dance Hits 80,,,,
Музыка 1 International,Музыкальные,gabbarit-current,Музыка 1,Музыка 1,,,,
Музыка 2 International,Музыкальные,gabbarit-current,Музыка 2,Музыка 2,,,,
Ment Pop,Музыкальные,gabbarit-current,Ment Pop HD,Ment Pop HD,,,,
Ocko HD,Музыкальные,gabbarit-current,Ocko,Ocko,,,,
Kiss Kiss,Музыкальные,gabbarit-current,Kiss Kiss,Kiss Kiss,,,,
MIXM HD,Музыкальные,gabbarit-current,MIXM TV,MIXM TV,,,,
VIVA TV HD,Музыкальные,gabbarit-current,Viva Russia,Viva Russia,,,,
538TV HD,Музыкальные,gabbarit-current,TV538,TV538,,,,
RITSA TV,Музыкальные,gabbarit-current,RITSA TV HD,RITSA TV HD,,,,
VeleS Магнитофон,Музыкальные,gabbarit-current,VeleS Магнитофон,veles-magnitofon,,,,
Kiss HD,Музыкальные,gabbarit-current,Kiss,Kiss,,,,
M2o TV,Музыкальные,gabbarit-current,m2o TV,m2o TV,,,,
TMF Rus,Музыкальные,gabbarit-current,TMF,TMF,,,,
ММТВ,Музыкальные,gabbarit-current,ММТВ,ММТВ,,,,
NRG 91 Music HD,Музыкальные,gabbarit-current,NRG 91 TV HD,NRG 91 TV HD,,,,
CHD-TV Rock HD,Музыкальные,gabbarit-current,CHD TV RU Rock,CHD TV RU Rock,,,,
Mafi2a,Музыкальные,gabbarit-current,Mafi2a TV,Mafi2a TV,,,,
Clubland TV,Музыкальные,gabbarit-current,Clubland TV,XFomixTV,,,,
Premium HD,Кино,gabbarit-current,Premium HD,premium-hd,,,True,v15-policy
Premiere HD,Кино,gabbarit-current,Premiere HD,Xpremiere-hd,,,True,v15-policy
USSR HD,Кино,gabbarit-current,USSR HD,Xussr-premieregroup,,,True,v15-policy
Paradise HD,Кино,gabbarit-current,Paradise HD,Xparadise-hd,,,True,v15-policy
Paradox HD,Кино,gabbarit-current,Paradox HD,Xparadox-hd,,,True,v15-policy
4ever Cinema HD,Кино,gabbarit-current,4 ever Cinema,X4ever-cinema,,,True,v15-policy
4ever Drama HD,Кино,gabbarit-current,4ever Drama,X4ever-drama,,,True,v15-policy
4ever Theater HD,Кино,gabbarit-current,4ever Theater,X4ever-theater,,,True,v15-policy
4ever Music HD,Музыкальные,iptvx-noarch,4ever-music,X4ever-music,,,True,v15-policy
