playlist_name,playlist_tvg_id,group,source,source_id,method
Первый канал,Xpervy,Россия,iptv-online-primary,Xpervy,id
Первый канал HD,Xpervy,Россия,iptv-online-primary,Xpervy,id
Первый канал Европа,Xpervy-kanal-eu,Россия,iptv-online-primary,Xpervy-kanal-eu,id
Первый канал +2,Xpervy-pl2,Россия,iptv-online-primary,Xpervy-pl2,id
Первый HD +4,Xpervy-pl4,Россия,iptv-online-primary,Xpervy-pl4,id
Первый канал +4,Xpervy-pl4,Россия,iptv-online-primary,Xpervy-pl4,id
Первый канал +6,Xpervy-pl6,Россия,iptv-online-primary,Xpervy-pl6,id
Россия 1 HD,Xrossia1,Россия,iptv-online-primary,Xrossia1,id
Россия 1,Xrossia1,Россия,iptv-online-primary,Xrossia1,id
Россия 1 +2,Xrossia1-pl2,Россия,iptv-online-primary,Xrossia1-pl2,id
Россия 1 +2 HD,Xrossia1-pl2,Россия,iptv-online-primary,Xrossia1-pl2,id
Россия 1 +4,Xrossia1-pl4,Россия,iptv-online-primary,Xrossia1-pl4,id
Россия 1 +4 HD,Xrossia1-pl4,Россия,iptv-online-primary,Xrossia1-pl4,id
Россия 1 +6,Xrossia1-pl6,Россия,iptv-online-primary,Xrossia1-pl6,id
Россия 1 +6 HD,Xrossia1-pl6,Россия,iptv-online-primary,Xrossia1-pl6,id
Россия-24,Xrossia-24,Россия,iptv-online-primary,Xrossia-24,id
Россия 1 +9 HD,Xrossia1-pl9,Россия,iptv-online-primary,Xrossia1-pl9,id
Планета РТР,Xrtr-planeta-eu,Россия,iptv-online-primary,Xrtr-planeta-eu,id
ТНТ HD,Xtnt,Россия,iptv-online-primary,Xtnt,id
ТНТ,Xtnt,Россия,iptv-online-primary,Xtnt,id
ТНТ +2,Xtnt-pl2,Россия,iptv-online-primary,Xtnt-pl2,id
ТНТ +4,Xtnt-pl4,Россия,iptv-online-primary,Xtnt-pl4,id
ТНТ +7,Xtnt-pl7,Россия,iptv-online-primary,Xtnt-pl7,id
ТНТ4,Xtnt4,Россия,iptv-online-primary,Xtnt4,id
ТНТ4 HD,Xtnt4,Россия,iptv-online-primary,Xtnt4,id
ТНТ4 +2,Xtnt4-pl2,Россия,iptv-online-primary,Xtnt4-pl2,id
ТНТ4 +4,Xtnt4-pl4,Россия,iptv-online-primary,Xtnt4-pl4,id
НТВ Мир,Xntv-mir,Россия,iptv-online-primary,Xntv-mir,id
НТВ HD,Xntv,Россия,iptv-online-primary,Xntv,id
НТВ,Xntv,Россия,iptv-online-primary,Xntv,id
НТВ +2,Xntv-pl2,Россия,iptv-online-primary,Xntv-pl2,id
НТВ +4,Xntv-pl4,Россия,iptv-online-primary,Xntv-pl4,id
НТВ Стиль,Xntv-style,Россия,iptv-online-primary,Xntv-style,id
НТВ +7,Xntv-pl7,Россия,iptv-online-primary,Xntv-pl7,id
ТВ3 HD,Xtv3-ru,Россия,iptv-online-primary,Xtv3-ru,id
Время,Xvremia,Россия,iptv-online-primary,Xvremia,id
Москва 24,Xmoskva-24,Россия,iptv-online-primary,Xmoskva-24,id
Рен ТВ HD,Xrentv,Россия,iptv-online-primary,Xrentv,id
Рен ТВ,Xrentv,Россия,iptv-online-primary,Xrentv,id
Рен ТВ +2,Xrentv-pl2,Россия,iptv-online-primary,Xrentv-pl2,id
Рен ТВ +7,Xrentv-pl7,Россия,iptv-online-primary,Xrentv-pl7,id
СТС International,sts-int,Россия,iptv-online-primary,Xsts-int,name
СТС HD,Xsts,Россия,iptv-online-primary,Xsts,id
СТС,Xsts,Россия,iptv-online-primary,Xsts,id
СТС +2,Xsts-pl2,Россия,iptv-online-primary,Xsts-pl2,id
СТС +4,Xsts-pl4,Россия,iptv-online-primary,Xsts-pl4,id
СТС Love,Xsts-love,Россия,iptv-online-primary,Xsts-love,id
СТС Love +4,Xsts-love-pl4,Россия,iptv-online-primary,Xsts-love-pl4,id
Пятый Канал,X5kanal-ru,Россия,iptv-online-primary,X5kanal-ru,id
Пятый Канал +2,X5kanal-ru-pl2,Россия,iptv-online-primary,X5kanal-ru-pl2,id
Россия-Культура,Xkultura,Россия,iptv-online-primary,Xkultura,id
РБК-ТВ,Xrbk,Россия,iptv-online-primary,Xrbk,id
Первый Российский Национальный канал,Xprnk-tv,Россия,iptv-online-primary,Xprnk-tv,id
ТВЦ,Xtvcentr,Россия,iptv-online-primary,Xtvcentr,id
ОТР,Xotr,Россия,iptv-online-primary,Xotr,id
ТВЦ International,Xtvci,Россия,iptv-online-primary,Xtvci,id
RTVi,Xrtvi,Россия,iptv-online-primary,Xrtvi,id
Перец,Xperec-int,Россия,iptv-online-primary,Xperec-int,id
Пятница,Xpiatnica,Россия,iptv-online-primary,Xpiatnica,id
Пятница HD,Xpiatnica,Россия,iptv-online-primary,Xpiatnica,id
Пятница +4,piatnica-pl4,Россия,iptv-online-primary,Xpiatnica-pl4,name
Пятница +2,piatnica-pl2,Россия,iptv-online-primary,Xpiatnica-pl2,name
Суббота,Xsuper,Россия,iptv-online-primary,Xsuper,id
Настоящее время HD,Xnastoyaschee-vremia,Россия,iptv-online-primary,Xnastoyaschee-vremia,id
Ю+,Xyu,Россия,iptv-online-primary,Xyu,id
Ю+ 2,yu-pl2,Россия,iptv-online-primary,Xyu-pl2,name
Ю+ 4,yu-pl4,Россия,iptv-online-primary,Xyu-pl4,name
Ю+ 7,yu-pl7,Россия,iptv-online-primary,Xyu-pl7,name
Мир,Xmir,Россия,iptv-online-primary,Xmir,id
Звезда HD,Xzvezda,Россия,iptv-online-primary,Xzvezda,id
Звезда,Xzvezda,Россия,iptv-online-primary,Xzvezda,id
Звезда +2,Xzvezda-pl2,Россия,iptv-online-primary,Xzvezda-pl2,id
Звезда Плюс,Xzvezda-plus,Россия,iptv-online-primary,Xzvezda-plus,id
Домашний,Xdomashny,Россия,iptv-online-primary,Xdomashny,id
Домашний HD,Xdomashny,Россия,iptv-online-primary,Xdomashny,id
Домашний +4,Xdomashny-pl4,Россия,iptv-online-primary,Xdomashny-pl4,id
Домашний +2,Xdomashny-pl2,Россия,iptv-online-primary,Xdomashny-pl2,id
Севастополь 24 HD,Xsevastopol-24,Россия,iptv-online-primary,Xsevastopol-24,id
КРЫМ 24,Xkrym24,Россия,iptv-online-primary,Xkrym24,id
Первый Крымский,Xpervy-krymsky,Россия,iptv-online-primary,Xpervy-krymsky,id
НТС Севастополь,Xnts-sevastopol,Россия,iptv-online-primary,Xnts-sevastopol,id
Миллет,Xmillet,Россия,iptv-online-primary,Xmillet,id
Первый Севастопольский,Xpervy-sevastopolsky,Россия,iptv-online-primary,Xpervy-sevastopolsky,id
Симферополь 24,Xsimfer24,Россия,iptv-online-primary,Xsimfer24,id
Легендарный 24 HD,Xlegendarny24,Россия,iptv-online-primary,Xlegendarny24,id
Че!,Xche,Россия,iptv-online-primary,Xche,id
Москва Доверие,Xdoverie,Россия,iptv-online-primary,Xdoverie,id
Че +2,che-pl2,Россия,iptv-online-primary,Xche-pl2,name
Че +4,che-pl4,Россия,iptv-online-primary,Xche-pl4,name
Че +7,che-pl7,Россия,iptv-online-primary,Xche-pl7,name
Известия HD,Xizvestia,Россия,iptv-online-primary,Xizvestia,id
ВМЕСТЕ-РФ,Xvmeste-rf,Россия,iptv-online-primary,Xvmeste-rf,id
Соловьев.Live,Xsolovjinypomiot,Россия,iptv-online-primary,Xsolovjinypomiot,id
Своё ТВ Ставрополь,Xsvoyo-tv-stavropol,Россия,iptv-online-primary,Xsvoyo-tv-stavropol,id
ОТВ Екатеринбург,Xotv-eburg,Россия,iptv-online-primary,Xotv-eburg,id
Красная линия,Xkrasnaya-linia,Россия,iptv-online-primary,Xkrasnaya-linia,id
Резонанс ТВ,Xrezonans,Россия,iptv-online-primary,Xrezonans,id
Белгород 24,Xbelgorod24,Россия,iptv-online-primary,Xbelgorod24,id
Астрахань 24,Xastraxan24,Россия,iptv-online-primary,Xastraxan24,id
Архыз 24,Xarxyz24,Россия,iptv-online-primary,Xarxyz24,id
Хузур ТВ,Xxuzur-tv,Россия,iptv-online-primary,Xxuzur-tv,id
Тамыр,Xtamyr,Россия,iptv-online-primary,Xtamyr,id
Курай,Xkuraj,Россия,iptv-online-primary,Xkuraj,id
ТКР Рязань,Xtrk-ryazan,Россия,iptv-online-primary,Xtrk-ryazan,id
ЛДПР ТВ,Xldpr-tv,Россия,iptv-online-primary,Xldpr-tv,id
TV Губерния,Xtv-guberniya,Россия,iptv-online-primary,Xtv-guberniya,id
Ника ТВ,Xnika-tv,Россия,iptv-online-primary,Xnika-tv,id
Осетия-Ирыстон,Xosetia-iryston,Россия,iptv-online-primary,Xosetia-iryston,id
НТМ,Xntm,Россия,iptv-online-primary,Xntm,id
Открытый мир,Xotkryty-mir,Россия,iptv-online-primary,Xotkryty-mir,id
Первый Ярославский,Xpervy-yaroslavsky,Россия,iptv-online-primary,Xpervy-yaroslavsky,id
Первый Ростовский,Xpervy-rostovsky,Россия,iptv-online-primary,Xpervy-rostovsky,id
МТВ Волгоград,Xmtv-volgograd,Россия,iptv-online-primary,Xmtv-volgograd,id
Аист,Xaist,Россия,iptv-online-primary,Xaist,id
12 канал Омск,X12-omsk,Россия,iptv-online-primary,X12-omsk,id
Катунь 24,Xkatun-24,Россия,iptv-online-primary,Xkatun-24,id
Енисей регион,Xenisey-region,Россия,iptv-online-primary,Xenisey-region,id
С1 Сургут,Xs1-surgut,Россия,iptv-online-primary,Xs1-surgut,id
86 Сургут,X86-surgut,Россия,iptv-online-primary,X86-surgut,id
Волга,Xvolga,Россия,iptv-online-primary,Xvolga,id
Волга 24,Xvremia-n,Россия,iptv-online-primary,Xvremia-n,id
Ветта 24,Xvetta24,Россия,iptv-online-primary,Xvetta24,id
Колыма-Плюс,Xkolyma-plus,Россия,iptv-online-primary,Xkolyma-plus,id
БСТ,Xbst,Россия,iptv-online-primary,Xbst,id
Щёлково,Xschelkovo,Россия,iptv-online-primary,Xschelkovo,id
ТНВ-Планета,Xtnv-planeta,Россия,iptv-online-primary,Xtnv-planeta,id
ТНВ-Татарстан,Xtnv,Россия,iptv-online-primary,Xtnv,id
NEXT-TV,Xnext-tv,Россия,iptv-online-primary,Xnext-tv,id
Мордовия 24,Xmordovia-24,Россия,iptv-online-primary,Xmordovia-24,id
НТРК Ингушетия,Xntrk-ingushetia,Россия,iptv-online-primary,Xntrk-ingushetia,id
Брянская Губерния,Xbrianskaya-gubernia,Россия,iptv-online-primary,Xbrianskaya-gubernia,id
ТВК Красноярск,Xtvk-krasnoyarsk,Россия,iptv-online-primary,Xtvk-krasnoyarsk,id
Экспресс,Xexpress,Россия,iptv-online-primary,Xexpress,id
РГВК Дагестан,Xrgvk-dagestan,Россия,iptv-online-primary,Xrgvk-dagestan,id
Грозный,Xgrozny,Россия,iptv-online-primary,Xgrozny,id
Тео-ТВ,Xteotv,Россия,iptv-online-primary,Xteotv,id
Евразия,Xevrasia,Россия,iptv-online-primary,Xevrasia,id
НТС Иркутск,Xnts-irkutsk,Россия,iptv-online-primary,Xnts-irkutsk,id
ТВ-ИН (Магнитогорск),Xtv-in,Россия,iptv-online-primary,Xtv-in,id
НВК Саха,Xsaxa,Россия,iptv-online-primary,Xsaxa,id
Алмазный край,Xalmazny-kray,Россия,iptv-online-primary,Xalmazny-kray,id
Раменское ТВ,Xramenskoe-tv,Россия,iptv-online-primary,Xramenskoe-tv,id
Новый век (Тамбов),Xnovy-vek-tambov,Россия,iptv-online-primary,Xnovy-vek-tambov,id
Север,Xsever,Россия,iptv-online-primary,Xsever,id
Салям,Xsalam,Россия,iptv-online-primary,Xsalam,id
Дзержинск ТВ,Xdzenzhinsk-tv,Россия,iptv-online-primary,Xdzenzhinsk-tv,id
Якутия 24,Xyakutia24,Россия,iptv-online-primary,Xyakutia24,id
Прима,Xprima,Россия,iptv-online-primary,Xprima,id
Тивиком HD,Xtivikom,Россия,iptv-online-primary,Xtivikom,id
АСТВ Южно-Сахалинск,Xastvus,Россия,iptv-online-primary,Xastvus,id
Майдан,Xmaydan,Россия,iptv-online-primary,Xmaydan,id
Хузур ТВ,Xxuzur-tv,Россия,iptv-online-primary,Xxuzur-tv,id
Теледом HD,Xteledom,Россия,iptv-online-primary,Xteledom,id
1+1,X1plus1,Украинские,iptv-online-primary,X1plus1,id
1+1 HD,X1plus1,Украинские,iptv-online-primary,X1plus1,id
1+1 Україна,X1plus1-ukraina,Украинские,iptv-online-primary,X1plus1-ukraina,id
1+1 Україна HD,X1plus1-ukraina,Украинские,iptv-online-primary,X1plus1-ukraina,id
1+1 International HD,X1plus1-int,Украинские,iptv-online-primary,X1plus1-int,id
2+2,X2plus2,Украинские,iptv-online-primary,X2plus2,id
2+2 HD,X2plus2,Украинские,iptv-online-primary,X2plus2,id
ICTV,Xictv-ua,Украинские,iptv-online-primary,Xictv-ua,id
ICTV HD,Xictv-ua,Украинские,iptv-online-primary,Xictv-ua,id
ICTV2,Xictv-ukraine,Украинские,iptv-online-primary,Xictv-ukraine,id
Ми - Україна,Xmy-ukraina,Украинские,iptv-online-primary,Xmy-ukraina,id
Ми - Україна+,Xmy-ukraina-plus,Украинские,iptv-online-primary,Xmy-ukraina-plus,id
Новий канал,Xnovy-kanal-ua,Украинские,iptv-online-primary,Xnovy-kanal-ua,id
Новий канал HD,Xnovy-kanal-ua,Украинские,iptv-online-primary,Xnovy-kanal-ua,id
UA:Перший,Xua-pershy,Украинские,iptv-online-primary,Xua-pershy,id
UA: Київ,Xua-kyiv,Украинские,iptv-online-primary,Xua-kyiv,id
СТБ,Xstb-ua,Украинские,iptv-online-primary,Xstb-ua,id
СТБ HD,Xstb-ua,Украинские,iptv-online-primary,Xstb-ua,id
Super+,Xsuperplus,Украинские,iptv-online-primary,Xsuperplus,id
Дизель Шоу,X6147,Украинские,iptv-online-primary,X6147,id
НТН,Xntn-ua,Украинские,iptv-online-primary,Xntn-ua,id
НТН HD,Xntn-ua,Украинские,iptv-online-primary,Xntn-ua,id
Интер,Xinter-ua,Украинские,iptv-online-primary,Xinter-ua,id
Интер HD,Xinter-ua,Украинские,iptv-online-primary,Xinter-ua,id
Интер+,Xinter-plus-ua,Украинские,iptv-online-primary,Xinter-plus-ua,id
Интер+ HD,Xinter-plus-ua,Украинские,iptv-online-primary,Xinter-plus-ua,id
ТЕТ,Xtet-ua,Украинские,iptv-online-primary,Xtet-ua,id
ТЕТ HD,Xtet-ua,Украинские,iptv-online-primary,Xtet-ua,id
Униан ТВ,Xunian-tv,Украинские,iptv-online-primary,Xunian-tv,id
К1,Xk1-ua,Украинские,iptv-online-primary,Xk1-ua,id
К1 HD,Xk1-ua,Украинские,iptv-online-primary,Xk1-ua,id
К2,Xk2-ua,Украинские,iptv-online-primary,Xk2-ua,id
К2 HD,Xk2-ua,Украинские,iptv-online-primary,Xk2-ua,id
Армія TV HD,Xarmia-tv-ua,Украинские,iptv-online-primary,Xarmia-tv-ua,id
Фронт,Xfront-ua,Украинские,iptv-online-primary,Xfront-ua,id
5 канал ПЕРШИЙ.УКРАЇНСЬКИЙ. ІНФОРМАЦІЙНИЙ,X5kanal-ua,Украинские,iptv-online-primary,X5kanal-ua,id
Eспресо TV,Xespreso-tv,Украинские,iptv-online-primary,Xespreso-tv,id
Прямий HD,Xpriamyj,Украинские,iptv-online-primary,Xpriamyj,id
FreeДОМ,Xua-tv,Украинские,iptv-online-primary,Xua-tv,id
Перший Західний,Xpershy-zaxidny,Украинские,iptv-online-primary,Xpershy-zaxidny,id
ATR,Xatr-ua,Украинские,iptv-online-primary,Xatr-ua,id
Квартал ТВ,Xkvartal-tv,Украинские,iptv-online-primary,Xkvartal-tv,id
Мега HD,Xmega-ua,Украинские,iptv-online-primary,Xmega-ua,id
Мега,Xmega-ua,Украинские,iptv-online-primary,Xmega-ua,id
Enter-фільм,Xenter-film,Украинские,iptv-online-primary,Xenter-film,id
Enter-фільм HD,Xenter-film,Украинские,iptv-online-primary,Xenter-film,id
Оце HD,Xotse,Украинские,iptv-online-primary,Xotse,id
Рада,Xrada-ua,Украинские,iptv-online-primary,Xrada-ua,id
Бігуді,Xbigudi,Украинские,iptv-online-primary,Xbigudi,id
Первый Автомобильный,X1auto,Украинские,iptv-online-primary,X1auto,id
Исландия,Xislandiya,Украинские,iptv-online-primary,Xislandiya,id
Сонце,Xsonce-ua,Украинские,iptv-online-primary,Xsonce-ua,id
Кус-кус,Xkus-kus,Украинские,iptv-online-primary,Xkus-kus,id
Zoom HD,Xzoom-ua,Украинские,iptv-online-primary,Xzoom-ua,id
Zoom,Xzoom-ua,Украинские,iptv-online-primary,Xzoom-ua,id
ТРК Київ,Xkyiv-ua,Украинские,iptv-online-primary,Xkyiv-ua,id
Дом,Xdom,Украинские,iptv-online-primary,Xdom,id
UA:Культура,Xkultura-ua,Украинские,iptv-online-primary,Xkultura-ua,id
UA:Одесcа,Xua-odesa,Украинские,iptv-online-primary,Xua-odesa,id
UA: Херсон,Xua-xerson,Украинские,iptv-online-primary,Xua-xerson,id
ПТРК (Павлоград),Xptrk-pavlograd,Украинские,iptv-online-primary,Xptrk-pavlograd,id
Апостроф TV,Xapostrof,Украинские,iptv-online-primary,Xapostrof,id
Караван ТВ,Xkaravan-tv,Украинские,iptv-online-primary,Xkaravan-tv,id
ТВА,Xtva-ua,Украинские,iptv-online-primary,Xtva-ua,id
ОТБ Галичина,Xotb-galychyna,Украинские,iptv-online-primary,Xotb-galychyna,id
Рівне-1,Xrivne1,Украинские,iptv-online-primary,Xrivne1,id
Первый городской (Кривой Рог),Xpervy-gorodskoy-kryvrig,Украинские,iptv-online-primary,Xpervy-gorodskoy-kryvrig,id
Розпакуй.TV,Xrozpakujtv,Украинские,iptv-online-primary,Xrozpakujtv,id
Сонце+,,Украинские,iptv-online-primary,Xsonce-ua,name
LUX TV,luxtv,Украинские,iptv-online-primary,Xluxtv,name
Viasat Kino HD,Xtv1000-cee,Кино,iptv-online-primary,Xtv1000-cee,id
Viasat Kino Action HD,Xtv1000-action-cee,Кино,iptv-online-primary,Xtv1000-action-cee,id
Viasat True Crime CEE,Xviasat-true-crime-cee,Кино,iptv-online-primary,Xviasat-true-crime-cee,id
Viasat Kino Comedy HD,Xvip-comedy-cee,Кино,iptv-online-primary,Xvip-comedy-cee,id
Viasat Kino World,Xtv1000-worldkino,Кино,iptv-online-primary,Xtv1000-worldkino,id
Viasat Serial,Xviasat-serial,Кино,iptv-online-primary,Xviasat-serial,id
Viju TV1000,Xtv1000,Кино,iptv-online-primary,Xtv1000,id
Viju TV1000 HD,Xtv1000,Кино,iptv-online-primary,Xtv1000,id
Viju TV1000 Action,Xtv1000-action,Кино,iptv-online-primary,Xtv1000-action,id
Viju TV1000 Action HD,Xtv1000-action,Кино,iptv-online-primary,Xtv1000-action,id
Viju TV1000 Новелла,Xviju-tv1000-novella,Кино,iptv-online-primary,Xviju-tv1000-novella,id
Viju TV1000 Русское кино HD,Xtv1000-russkoe-kino,Кино,iptv-online-primary,Xtv1000-russkoe-kino,id
Viju TV1000 Русское кино,Xtv1000-russkoe-kino,Кино,iptv-online-primary,Xtv1000-russkoe-kino,id
Viju TV1000 Romantica,Xviju-tv1000-romantica,Кино,iptv-online-primary,Xviju-tv1000-romantica,id
Viju+ Serial HD,Xvip-serial,Кино,iptv-online-primary,Xvip-serial,id
Viju+ Comedy HD,Xvip-comedy,Кино,iptv-online-primary,Xvip-comedy,id
Viju+ Megahit HD,Xvip-megahit,Кино,iptv-online-primary,Xvip-megahit,id
Viju+ Premiere HD,Xvip-premiere,Кино,iptv-online-primary,Xvip-premiere,id
Душевное HD,Xdushevnoe-hd,Кино,iptv-online-primary,Xdushevnoe-hd,id
Наше любимое HD,Xnashe-lubimoe,Кино,iptv-online-primary,Xnashe-lubimoe,id
Наше любимое кино UA,Xnashe-lubimoe-kino-ua,Кино,iptv-online-primary,Xnashe-lubimoe-kino-ua,id
Наш Кинопоказ HD,Xnash-kinopokaz,Кино,iptv-online-primary,Xnash-kinopokaz,id
Наше Мужское HD,Xnashe-muzhskoe,Кино,iptv-online-primary,Xnashe-muzhskoe,id
KION Хит,Xkion-xit,Кино,iptv-online-primary,Xkion-xit,id
Хит HD,Xkhit,Кино,iptv-online-primary,Xkhit,id
Блокбастер HD,Xblokbaster,Кино,iptv-online-primary,Xblokbaster,id
Остросюжетное HD,Xostrosiuzhetnoe-hd,Кино,iptv-online-primary,Xostrosiuzhetnoe-hd,id
Страшное HD,Xstrashnoe-hd,Кино,iptv-online-primary,Xstrashnoe-hd,id
Киноужас HD,Xkinouzhas,Кино,iptv-online-primary,Xkinouzhas,id
Про Любовь HD,Xpro-lyubov,Кино,iptv-online-primary,Xpro-lyubov,id
Кинопремьера HD,Xkinopremiera-hd,Кино,iptv-online-primary,Xkinopremiera-hd,id
Камеди HD,Xkamedi,Кино,iptv-online-primary,Xkamedi,id
Кинохит,Xkinoxit,Кино,iptv-online-primary,Xkinoxit,id
Киносемья,Xkinosemiya,Кино,iptv-online-primary,Xkinosemiya,id
Киносемья HD,Xkinosemiya,Кино,iptv-online-primary,Xkinosemiya,id
Киносвидание,Xkinosvidanie,Кино,iptv-online-primary,Xkinosvidanie,id
Кинокомедия,Xkinokomedia,Кино,iptv-online-primary,Xkinokomedia,id
Шокирующее,Xshokiruyushchee-hd,Кино,iptv-online-primary,Xshokiruyushchee-hd,id
Комедийное,Xkomedijnoe-hd,Кино,iptv-online-primary,Xkomedijnoe-hd,id
Лавстори HD,Xlavstori,Кино,iptv-online-primary,Xlavstori,id
AMEDIA 1 HD,Xamedia1,Кино,iptv-online-primary,Xamedia1,id
Amedia 1,Xamedia1,Кино,iptv-online-primary,Xamedia1,id
Amedia 2,Xamedia2,Кино,iptv-online-primary,Xamedia2,id
Amedia Hit,Xamedia-hit,Кино,iptv-online-primary,Xamedia-hit,id
AMEDIA Premium HD,Xamedia-premium,Кино,iptv-online-primary,Xamedia-premium,id
Amedia premium,Xamedia-premium,Кино,iptv-online-primary,Xamedia-premium,id
Fox Life HD,Xfoxlife,Кино,iptv-online-primary,Xfoxlife,id
Fox Life,Xfoxlife,Кино,iptv-online-primary,Xfoxlife,id
Fox HD,Xfox,Кино,iptv-online-primary,Xfox,id
Fox,Xfox,Кино,iptv-online-primary,Xfox,id
Epic Drama HD,Xepik-drama,Кино,iptv-online-primary,Xepik-drama,id
.black,Xsony-turbo,Кино,iptv-online-primary,Xsony-turbo,id
.red SD,Xsony-enter,Кино,iptv-online-primary,Xsony-enter,id
.red HD,Xsony-tv,Кино,iptv-online-primary,Xsony-tv,id
.sci-fi,Xsony-scifi,Кино,iptv-online-primary,Xsony-scifi,id
AMC,Xamc,Кино,iptv-online-primary,Xamc,id
Premiere HD 1,Xpremierehd1,Кино,iptv-online-primary,Xpremierehd1,id
Premiere HD 2,Xpremierehd2,Кино,iptv-online-primary,Xpremierehd2,id
Premiere HD 4,Xpremierehd4,Кино,iptv-online-primary,Xpremierehd4,id
Bollywood HD,Xbollywood-hd,Кино,iptv-online-primary,Xbollywood-hd,id
Hollywood HD,Xhollywood-hd,Кино,iptv-online-primary,Xhollywood-hd,id
TV XXI,Xtvxxi,Кино,iptv-online-primary,Xtvxxi,id
Epic,Xepic,Кино,iptv-online-primary,Xepic,id
НТВ Сериал,Xntv-serial,Кино,iptv-online-primary,Xntv-serial,id
НТВ Хит,Xntv-xit,Кино,iptv-online-primary,Xntv-xit,id
Кинопоказ,Xkinopokaz,Кино,iptv-online-primary,Xkinopokaz,id
Киносат,Xkinosat,Кино,iptv-online-primary,Xkinosat,id
Кино ТВ HD,Xkino-tv,Кино,iptv-online-primary,Xkino-tv,id
NOW Series HD,Xnow-series,Кино,iptv-online-primary,Xnow-series,id
Cine+ HD,Xcine-plus,Кино,iptv-online-primary,Xcine-plus,id
Cine+ Hit HD,Xcine-plus-hit-hd,Кино,iptv-online-primary,Xcine-plus-hit-hd,id
Cine+ Legend,Xcine-plus-ledend,Кино,iptv-online-primary,Xcine-plus-ledend,id
Твоє Кіно Хіт,Xtvoje-kino-xit,Кино,iptv-online-primary,Xtvoje-kino-xit,id
Твоє Кіно Action,Xtvoje-kino-action,Кино,iptv-online-primary,Xtvoje-kino-action,id
Твоє Кіно Relax,Xtvoje-kino-relax,Кино,iptv-online-primary,Xtvoje-kino-relax,id
4ever Theater HD,X4ever-theater,Кино,iptv-online-primary,X4ever-theater,id
4ever Cinema HD,X4ever-cinema,Кино,iptv-online-primary,X4ever-cinema,id
4ever Drama HD,X4ever-drama,Кино,iptv-online-primary,X4ever-drama,id
FilmUA Drama,Xfilmua-drama,Кино,iptv-online-primary,Xfilmua-drama,id
Kinowood,Xkinowood,Кино,iptv-online-primary,Xkinowood,id
VHS-ка HD,Xvhs-ka,Кино,iptv-online-primary,Xvhs-ka,id
Plan B,Xplan-b,Кино,iptv-online-primary,Xplan-b,id
Киноджем 1 HD,Xkinojam1,Кино,iptv-online-primary,Xkinojam1,id
Киноджем 2 HD,Xkinojam2,Кино,iptv-online-primary,Xkinojam2,id
DetectiveJam,Xdetectivejam,Кино,iptv-online-primary,Xdetectivejam,id
FamilyJam,Xfamilyjam,Кино,iptv-online-primary,Xfamilyjam,id
Go3 Films,Xtv1000-premium,Кино,iptv-online-primary,Xtv1000-premium,id
FilmZone Plus,Xfilmzone-plus-lt,Кино,iptv-online-primary,Xfilmzone-plus-lt,id
FilmBox,Xfilmbox-ru,Кино,iptv-online-primary,Xfilmbox-ru,id
FilmBox Arthouse,Xfilmbox-arthouse,Кино,iptv-online-primary,Xfilmbox-arthouse,id
Дорама,Xdorama,Кино,iptv-online-primary,Xdorama,id
Дорама HD,Xdorama,Кино,iptv-online-primary,Xdorama,id
Star Cinema HD,Xstar-cinema-ua,Кино,iptv-online-primary,Xstar-cinema-ua,id
Star Cinema,Xstar-cinema-ua,Кино,iptv-online-primary,Xstar-cinema-ua,id
Киносериал,Xq-kino-alem,Кино,iptv-online-primary,Xq-kino-alem,id
Кинодрама,Xq-kino-hit,Кино,iptv-online-primary,Xq-kino-hit,id
Семейное Кино,Xsemejnoe-kino-kz,Кино,iptv-online-primary,Xsemejnoe-kino-kz,id
Премиум Кино,Xpremium-kino-kz,Кино,iptv-online-primary,Xpremium-kino-kz,id
Кинобоевик,Xkinoboevik-kz,Кино,iptv-online-primary,Xkinoboevik-kz,id
Мировое Кино,Xmirovoe-kino-kz,Кино,iptv-online-primary,Xmirovoe-kino-kz,id
Романтичное HD,Xromantichnoe,Кино,iptv-online-primary,Xromantichnoe,id
Bolt HD,Xbolt-ru,Кино,iptv-online-primary,Xbolt-ru,id
Bolt HD Украина,Xbolt,Кино,iptv-online-primary,Xbolt,id
KinoLiving HD,Xkinoliving,Кино,iptv-online-primary,Xkinoliving,id
Kinosweet,Xkinosweet,Кино,iptv-online-primary,Xkinosweet,id
Kino 1,Xkino-1,Кино,iptv-online-primary,Xkino-1,id
Kino 24,Xkino-24,Кино,iptv-online-primary,Xkino-24,id
ProKino,Xprokino,Кино,iptv-online-primary,Xprokino,id
Start World HD,Xstart-world,Кино,iptv-online-primary,Xstart-world,id
Start World,Xstart-world,Кино,iptv-online-primary,Xstart-world,id
Start Air HD,Xstart-air,Кино,iptv-online-primary,Xstart-air,id
Start Air,Xstart-air,Кино,iptv-online-primary,Xstart-air,id
САПФИР,Xsapfir,Кино,iptv-online-primary,Xsapfir,id
Кинеко,Xkineko,Кино,iptv-online-primary,Xkineko,id
Родное кино,Xrodnoe-kino,Кино,iptv-online-primary,Xrodnoe-kino,id
Дом Кино,Xdomkino,Кино,iptv-online-primary,Xdomkino,id
Дом кино премиум HD,Xdomkino-premium,Кино,iptv-online-primary,Xdomkino-premium,id
Еврокино,Xevrokino,Кино,iptv-online-primary,Xevrokino,id
Русский роман,Xrussky-roman,Кино,iptv-online-primary,Xrussky-roman,id
Русский Иллюзион,Xrussky-illuzion,Кино,iptv-online-primary,Xrussky-illuzion,id
Мосфильм. Золотая коллекция,Xmosfilm,Кино,iptv-online-primary,Xmosfilm,id
Мосфильм HD,Xmosfilm,Кино,iptv-online-primary,Xmosfilm,id
Иллюзион +,Xilluzion-plus,Кино,iptv-online-primary,Xilluzion-plus,id
Мужское кино,Xmuzhskoe-kino,Кино,iptv-online-primary,Xmuzhskoe-kino,id
Наше новое кино,Xnashe-novoe-kino,Кино,iptv-online-primary,Xnashe-novoe-kino,id
Trash TV,Xtrashtv,Кино,iptv-online-primary,Xtrashtv,id
Советское кино,Xsov-kinklass,Кино,iptv-online-primary,Xsov-kinklass,id
Победа,Xpobeda,Кино,iptv-online-primary,Xpobeda,id
День Победы HD,Xdenpobedy,Кино,iptv-online-primary,Xdenpobedy,id
Комедия,Xrusskaya-komedia,Кино,iptv-online-primary,Xrusskaya-komedia,id
Русский бестселлер,Xrussky-bestseller,Кино,iptv-online-primary,Xrussky-bestseller,id
Русский детектив,Xrussky-detektiv,Кино,iptv-online-primary,Xrussky-detektiv,id
Киномикс,Xkinomiks,Кино,iptv-online-primary,Xkinomiks,id
Киносерия,Xkinoseria,Кино,iptv-online-primary,Xkinoseria,id
Любимое кино HD,Xlubimoe-kino,Кино,iptv-online-primary,Xlubimoe-kino,id
Любимое кино,Xlubimoe-kino,Кино,iptv-online-primary,Xlubimoe-kino,id
Мир сериала,Xmir-seriala,Кино,iptv-online-primary,Xmir-seriala,id
Cinema,Xcinema-ru,Кино,iptv-online-primary,Xcinema-ru,id
Индия,Xzee-tv,Кино,iptv-online-primary,Xzee-tv,id
Индийское Кино,Xindiyskoe-kino,Кино,iptv-online-primary,Xindiyskoe-kino,id
Феникс+ Кино,Xfeniks-plus-kino,Кино,iptv-online-primary,Xfeniks-plus-kino,id
ТВ3,Xtv3-ru,Кино,iptv-online-primary,Xtv3-ru,id
НСТ,Xnst,Кино,iptv-online-primary,Xnst,id
Shot TV,Xshot-tv,Кино,iptv-online-primary,Xshot-tv,id
Russian Extreme Ultra HD,Xrussian-extreme-uhd,Кино,iptv-online-primary,Xrussian-extreme-uhd,id
ТСВ,Xtcb,Кино,iptv-online-primary,Xtcb,id
BCU Action HD,Xbcu-action,Кинозалы,iptv-online-primary,Xbcu-action,id
BCU Comedy HD,Xbcu-comedy,Кинозалы,iptv-online-primary,Xbcu-comedy,id
BCU Catastrophe HD,Xbcu-catastrophe,Кинозалы,iptv-online-primary,Xbcu-catastrophe,id
BCU Cinema HD,Xbcu-cinema,Кинозалы,iptv-online-primary,Xbcu-cinema,id
BCU CINEMA+ HD,Xbcu-cinemaplus,Кинозалы,iptv-online-primary,Xbcu-cinemaplus,id
BCU STARS HD,Xbcu-stars,Кинозалы,iptv-online-primary,Xbcu-stars,id
BCU Fantastic HD,Xbcu-fantastic,Кинозалы,iptv-online-primary,Xbcu-fantastic,id
BCU Reality HD,Xbcu-reality,Кинозалы,iptv-online-primary,Xbcu-reality,id
BCU FilMystic HD,Xbcu-filmystic,Кинозалы,iptv-online-primary,Xbcu-filmystic,id
BCU History HD,Xbcu-history,Кинозалы,iptv-online-primary,Xbcu-history,id
BCU Kinorating HD,Xbcu-kinorating,Кинозалы,iptv-online-primary,Xbcu-kinorating,id
BCU Marvel,Xbcu-marvel,Кинозалы,iptv-online-primary,Xbcu-marvel,id
BCU Premiere HD,Xbcu-premiere,Кинозалы,iptv-online-primary,Xbcu-premiere,id
BCU Romantic HD,Xbcu-romantic,Кинозалы,iptv-online-primary,Xbcu-romantic,id
BCU Russian HD,Xbcu-russian,Кинозалы,iptv-online-primary,Xbcu-russian,id
BCU TruMotion HD,Xbcu-trumotion,Кинозалы,iptv-online-primary,Xbcu-trumotion,id
BCU VHS HD,Xbcu-vhs,Кинозалы,iptv-online-primary,Xbcu-vhs,id
BCU Кинозал Premiere 1 HD,Xbcu-kinozal-prem-1,Кинозалы,iptv-online-primary,Xbcu-kinozal-prem-1,id
BCU Кинозал Premiere 2 HD,Xbcu-kinozal-prem-2,Кинозалы,iptv-online-primary,Xbcu-kinozal-prem-2,id
BCU Кинозал Premiere 3 HD,Xbcu-kinozal-prem-3,Кинозалы,iptv-online-primary,Xbcu-kinozal-prem-3,id
BCU Survival HD,Xbcu-survival,Кинозалы,iptv-online-primary,Xbcu-survival,id
BCU СВАТЫ HD,Xbcu-svaty,Кинозалы,iptv-online-primary,Xbcu-svaty,id
BCU Ruserial HD,Xbcu-ruserial,Кинозалы,iptv-online-primary,Xbcu-ruserial,id
BCU СССР HD,Xbcu-sssr,Кинозалы,iptv-online-primary,Xbcu-sssr,id
BCU Cosmo HD,Xbcu-cosmo,Кинозалы,iptv-online-primary,Xbcu-cosmo,id
BCU Criminal HD,Xbcu-criminal,Кинозалы,iptv-online-primary,Xbcu-criminal,id
BCU Premiere 3 HDR,Xbcu-media-3-hdr,Кинозалы,iptv-online-primary,Xbcu-media-3-hdr,id
BCU Premiere HDR,,Кинозалы,iptv-online-primary,Xbcu-premiere,name
BCU Fantastic HDR,,Кинозалы,iptv-online-primary,Xbcu-fantastic,name
BCU Cosmo HDR,,Кинозалы,iptv-online-primary,Xbcu-cosmo,name
BCU Action HDR,,Кинозалы,iptv-online-primary,Xbcu-action,name
BCU FilMystic HDR,,Кинозалы,iptv-online-primary,Xbcu-filmystic,name
VeleS Kids,veles-kids,Кинозалы,iptv-online-primary,Xveles-kids,name
Tricolor Cinema 1,Xzal-01-tricolor,Кинозалы,iptv-online-primary,Xzal-01-tricolor,id
Tricolor Cinema 2,Xzal-02-tricolor,Кинозалы,iptv-online-primary,Xzal-02-tricolor,id
Tricolor Cinema 3,Xzal-03-tricolor,Кинозалы,iptv-online-primary,Xzal-03-tricolor,id
Tricolor Cinema 4,Xzal-04-tricolor,Кинозалы,iptv-online-primary,Xzal-04-tricolor,id
Tricolor Cinema 5,Xzal-05-tricolor,Кинозалы,iptv-online-primary,Xzal-05-tricolor,id
Tricolor Cinema 6,Xzal-06-tricolor,Кинозалы,iptv-online-primary,Xzal-06-tricolor,id
Tricolor Cinema 7,Xzal-07-tricolor,Кинозалы,iptv-online-primary,Xzal-07-tricolor,id
Tricolor Cinema 8,Xzal-08-tricolor,Кинозалы,iptv-online-primary,Xzal-08-tricolor,id
Tricolor Cinema 9,Xzal-09-tricolor,Кинозалы,iptv-online-primary,Xzal-09-tricolor,id
Tricolor Cinema 10,Xzal-10-tricolor,Кинозалы,iptv-online-primary,Xzal-10-tricolor,id
Tricolor Cinema 11,Xzal-11-tricolor,Кинозалы,iptv-online-primary,Xzal-11-tricolor,id
Fresh Soviet,Xfresh-soviet,Кинозалы,iptv-online-primary,Xfresh-soviet,id
Fresh Series,Xfresh-series,Кинозалы,iptv-online-primary,Xfresh-series,id
Fresh Fantastic,Xfresh-fantastic,Кинозалы,iptv-online-primary,Xfresh-fantastic,id
Fresh VHS,Xfresh-vhs,Кинозалы,iptv-online-primary,Xfresh-vhs,id
Fresh Rating,Xfresh-rating,Кинозалы,iptv-online-primary,Xfresh-rating,id
Fresh Family,Xfresh-family,Кинозалы,iptv-online-primary,Xfresh-family,id
Fresh Premiere,Xfresh-premiere,Кинозалы,iptv-online-primary,Xfresh-premiere,id
Fresh Comedy,Xfresh-comedy,Кинозалы,iptv-online-primary,Xfresh-comedy,id
Fresh Kids,Xfresh-kids,Кинозалы,iptv-online-primary,Xfresh-kids,id
Fresh Cinema,Xfresh-cinema,Кинозалы,iptv-online-primary,Xfresh-cinema,id
Fresh Horror,Xfresh-horror,Кинозалы,iptv-online-primary,Xfresh-horror,id
Fresh Adventure,Xfresh-adventure,Кинозалы,iptv-online-primary,Xfresh-adventure,id
Fresh Romantic,Xfresh-romatic,Кинозалы,iptv-online-primary,Xfresh-romatic,id
Fresh Russian,Xfresh-russian,Кинозалы,iptv-online-primary,Xfresh-russian,id
Fresh Thriller,Xfresh-thriller,Кинозалы,iptv-online-primary,Xfresh-thriller,id
KBC-В.О.В. HD,X39821,Кинозалы,iptv-online-primary,X39821,id
KBC-Comics HD,X39800,Кинозалы,iptv-online-primary,X39800,id
KBC-Elite comedy's HD,X35448,Кинозалы,iptv-online-primary,X35448,id
KBC-Fantastic HD,X39795,Кинозалы,iptv-online-primary,X39795,id
KBC-History HD,X39796,Кинозалы,iptv-online-primary,X39796,id
KBC-Newfilm HD,X39048,Кинозалы,iptv-online-primary,X39048,id
KBC-WAR HD,X42051,Кинозалы,iptv-online-primary,X42051,id
KBC-Russian Комедия HD,X36168,Кинозалы,iptv-online-primary,X36168,id
KBC-Видак HD,X36251,Кинозалы,iptv-online-primary,X36251,id
KBC-ГАЙ Ritchie & Tarantino,X39819,Кинозалы,iptv-online-primary,X39819,id
KBC-ДрамаTic HD,X36732,Кинозалы,iptv-online-primary,X36732,id
KBC-Вестерн HD,X39825,Кинозалы,iptv-online-primary,X39825,id
KBC-Кошмарное HD,X36277,Кинозалы,iptv-online-primary,X36277,id
KBC-Страна СССР,X36506,Кинозалы,iptv-online-primary,X36506,id
KBC-Animals HD,X39823,Кинозалы,iptv-online-primary,X39823,id
KBC-MusKino HD,X39822,Кинозалы,iptv-online-primary,X39822,id
KBC-СпортМикс HD,X35525,Кинозалы,iptv-online-primary,X35525,id
KBC-ГОБЛИН HD,X42054,Кинозалы,iptv-online-primary,X42054,id
KBC-Шпионское HD,X39820,Кинозалы,iptv-online-primary,X39820,id
KBC-АНИМЕ HD,X42053,Кинозалы,iptv-online-primary,X42053,id
KBC-Легендарное HD,X39826,Кинозалы,iptv-online-primary,X39826,id
YOSSO TV VHS,Xyosso-vhs,Кинозалы,iptv-online-primary,Xyosso-vhs,id
YOSSO TV Русские фильмы,Xyosso-rusfilm,Кинозалы,iptv-online-primary,Xyosso-rusfilm,id
YOSSO TV Советские фильмы,Xyosso-sovfilm,Кинозалы,iptv-online-primary,Xyosso-sovfilm,id
YOSSO TV New Кино,Xyosso-newkino,Кинозалы,iptv-online-primary,Xyosso-newkino,id
YOSSO TV Трагичное,Xyosso-tragic,Кинозалы,iptv-online-primary,Xyosso-tragic,id
YOSSO TV Забавное,Xyosso-zabavno,Кинозалы,iptv-online-primary,Xyosso-zabavno,id
YOSSO BEST 60fps,Xyosso-best60fps,Кинозалы,iptv-online-primary,Xyosso-best60fps,id
YOSSO TV BEST,Xyosso-best,Кинозалы,iptv-online-primary,Xyosso-best,id
YOSSO TV Ковбойское,Xyosso-cowboy,Кинозалы,iptv-online-primary,Xyosso-cowboy,id
YOSSO TV Adrenaline,Xyosso-adventure,Кинозалы,iptv-online-primary,Xyosso-adventure,id
YOSSO TV Adventure,Xyosso-adventure,Кинозалы,iptv-online-primary,Xyosso-adventure,id
YOSSO TV OBLIVION,Xyosso-oblivion,Кинозалы,iptv-online-primary,Xyosso-oblivion,id
YOSSO TV Thriller,Xyosso-thriller,Кинозалы,iptv-online-primary,Xyosso-thriller,id
Magic Premiere,Xmagic-premiere,Кинозалы,iptv-online-primary,Xmagic-premiere,id
Magic Adventure,Xmagic-adventure,Кинозалы,iptv-online-primary,Xmagic-adventure,id
Magic Russian,Xmagic-russian,Кинозалы,iptv-online-primary,Xmagic-russian,id
Magic Action,Xmagic-action,Кинозалы,iptv-online-primary,Xmagic-action,id
Magic Comedy,Xmagic-comedy,Кинозалы,iptv-online-primary,Xmagic-comedy,id
Magic Family,Xmagic-family,Кинозалы,iptv-online-primary,Xmagic-family,id
Magic Galaxy,Xmagic-galaxy,Кинозалы,iptv-online-primary,Xmagic-galaxy,id
Magic Horror,Xmagic-horror,Кинозалы,iptv-online-primary,Xmagic-horror,id
Magic Karate,Xmagic-karate,Кинозалы,iptv-online-primary,Xmagic-karate,id
Magic Love,Xmagic-love,Кинозалы,iptv-online-primary,Xmagic-love,id
Magic Thriller,Xmagic-thriller,Кинозалы,iptv-online-primary,Xmagic-thriller,id
Magic VHS,Xmagic-vhs,Кинозалы,iptv-online-primary,Xmagic-vhs,id
CineMan,Xcineman,Кинозалы,iptv-online-primary,Xcineman,id
CineMan Action,Xcineman-action,Кинозалы,iptv-online-primary,Xcineman-action,id
CineMan Комедия,Xcineman-comedy,Кинозалы,iptv-online-primary,Xcineman-comedy,id
CineMan Катастрофы,Xcineman-katastrofy,Кинозалы,iptv-online-primary,Xcineman-katastrofy,id
CineMan Лесник,Xcineman-lesnik,Кинозалы,iptv-online-primary,Xcineman-lesnik,id
CineMan Marvel,Xcineman-marvel,Кинозалы,iptv-online-primary,Xcineman-marvel,id
CineMan Melodrama,Xcineman-melodrama,Кинозалы,iptv-online-primary,Xcineman-melodrama,id
CineMan Ментовские Войны,Xcineman-musw,Кинозалы,iptv-online-primary,Xcineman-musw,id
CineMan MiniSeries,Xcineman-miniseries,Кинозалы,iptv-online-primary,Xcineman-miniseries,id
CineMan Пёс,Xcineman-pes,Кинозалы,iptv-online-primary,Xcineman-pes,id
CineMan Premium,Xcineman-premium,Кинозалы,iptv-online-primary,Xcineman-premium,id
CineMan РуКино,Xcineman-rukino,Кинозалы,iptv-online-primary,Xcineman-rukino,id
CineMan Симпсоны,Xcineman-simps,Кинозалы,iptv-online-primary,Xcineman-simps,id
CineMan Скорая помощь,Xcineman-skorpom,Кинозалы,iptv-online-primary,Xcineman-skorpom,id
CineMan Сваты,Xcineman-svaty,Кинозалы,iptv-online-primary,Xcineman-svaty,id
CineMan Thriller,Xcineman-thriller,Кинозалы,iptv-online-primary,Xcineman-thriller,id
CineMan Top,Xcineman-top,Кинозалы,iptv-online-primary,Xcineman-top,id
CineMan Ужасы,Xcineman-uzhasy,Кинозалы,iptv-online-primary,Xcineman-uzhasy,id
CineMan VHS,Xcineman-vhs,Кинозалы,iptv-online-primary,Xcineman-vhs,id
CineMan Глухарь + Карпов,Xcineman-gluhar,Кинозалы,iptv-online-primary,Xcineman-gluhar,id
BCU Biography HDR,Xbcu-biography-hdr,Кинозалы,iptv-online-primary,Xbcu-biography-hdr,id
BOX Franchise HD,Xbox-franchise,Кинозалы,iptv-online-primary,Xbox-franchise,id
BOX Hybrid HD,Xbox-hybrid,Кинозалы,iptv-online-primary,Xbox-hybrid,id
BOX Gangster HD,Xbox-gangster,Кинозалы,iptv-online-primary,Xbox-gangster,id
BOX Oscar HD,Xbox-oscar,Кинозалы,iptv-online-primary,Xbox-oscar,id
BOX Memory HD,Xbox-memory,Кинозалы,iptv-online-primary,Xbox-memory,id
BOX Serial HD,Xbox-serial,Кинозалы,iptv-online-primary,Xbox-serial,id
BOX Game HD,Xbox-game,Кинозалы,iptv-online-primary,Xbox-game,id
BOX Spy HD,Xbox-spy,Кинозалы,iptv-online-primary,Xbox-spy,id
BOX Western HD,Xbox-western,Кинозалы,iptv-online-primary,Xbox-western,id
BOX Zombie HD,Xbox-zombie,Кинозалы,iptv-online-primary,Xbox-zombie,id
BOX Cyber HD,Xbox-cyber,Кинозалы,iptv-online-primary,Xbox-cyber,id
BOX Ghost HD,Xbox-ghost,Кинозалы,iptv-online-primary,Xbox-ghost,id
BOX Stories HD,Xbox-stories,Кинозалы,iptv-online-primary,Xbox-stories,id
BOX Fantasy HD,Xbox-fantasy,Кинозалы,iptv-online-primary,Xbox-fantasy,id
BOX Mayday HD,Xbox-myday,Кинозалы,iptv-online-primary,Xbox-myday,id
GL Series,Xgoldline-series,Кинозалы,iptv-online-primary,Xgoldline-series,id
GL Survival,Xgoldline-survival,Кинозалы,iptv-online-primary,Xgoldline-survival,id
GL Детектив,Xgoldline-detektiv,Кинозалы,iptv-online-primary,Xgoldline-detektiv,id
GL Brief,Xgoldline-brief,Кинозалы,iptv-online-primary,Xgoldline-brief,id
GL Evidence,Xgoldline-evidence,Кинозалы,iptv-online-primary,Xgoldline-evidence,id
GL Exist,Xgoldline-exist,Кинозалы,iptv-online-primary,Xgoldline-exist,id
GL Island,Xgoldline-island,Кинозалы,iptv-online-primary,Xgoldline-island,id
GL Naked&Funny,Xgoldline-naked,Кинозалы,iptv-online-primary,Xgoldline-naked,id
GL Psycho,Xgoldline-psy,Кинозалы,iptv-online-primary,Xgoldline-psy,id
NEXT Volt,Xnext-volt,Кинозалы,iptv-online-primary,Xnext-volt,id
NEXT Blaze,Xnext-blaze,Кинозалы,iptv-online-primary,Xnext-blaze,id
NEXT Spark,Xnext-spark,Кинозалы,iptv-online-primary,Xnext-spark,id
NEXT Mythic,Xnext-mythic,Кинозалы,iptv-online-primary,Xnext-mythic,id
NEXT Shadow,Xnext-shadow,Кинозалы,iptv-online-primary,Xnext-shadow,id
NEXT Nova,Xnext-nova,Кинозалы,iptv-online-primary,Xnext-nova,id
NEXT Vibe,Xnext-vibe,Кинозалы,iptv-online-primary,Xnext-vibe,id
NEXT Aura,Xnext-aura,Кинозалы,iptv-online-primary,Xnext-aura,id
NEXT Venture,Xnext-venture,Кинозалы,iptv-online-primary,Xnext-venture,id
NEXT Epic,Xnext-epic,Кинозалы,iptv-online-primary,Xnext-epic,id
NEXT Horizon,Xnext-horizon,Кинозалы,iptv-online-primary,Xnext-horizon,id
NEXT Joy,Xnext-joy,Кинозалы,iptv-online-primary,Xnext-joy,id
NEXT Echo,Xnext-echo,Кинозалы,iptv-online-primary,Xnext-echo,id
NEXT Fusion,Xnext-fusion,Кинозалы,iptv-online-primary,Xnext-fusion,id
NEXT Vision,Xnext-vision,Кинозалы,iptv-online-primary,Xnext-vision,id
NEXT Bolt,Xnext-bolt,Кинозалы,iptv-online-primary,Xnext-bolt,id
NEXT Pulse,Xnext-pulse,Кинозалы,iptv-online-primary,Xnext-pulse,id
NEXT Strike,Xnext-strike,Кинозалы,iptv-online-primary,Xnext-strike,id
NEXT Quest,Xnext-quest,Кинозалы,iptv-online-primary,Xnext-quest,id
NEXT Peak,Xnext-peak,Кинозалы,iptv-online-primary,Xnext-peak,id
MM 007 HD,Xminimax-007,Кинозалы,iptv-online-primary,Xminimax-007,id
MM Flip UHD,Xminimax-flip,Кинозалы,iptv-online-primary,Xminimax-flip,id
MM Honey HD,Xminimax-honey,Кинозалы,iptv-online-primary,Xminimax-honey,id
MM Live Planet HD,Xminimax-live-planet,Кинозалы,iptv-online-primary,Xminimax-live-planet,id
MM NewFilm 2 HD,Xminimax-newfilm2,Кинозалы,iptv-online-primary,Xminimax-newfilm2,id
MM NewFilm 3 HD,Xminimax-newfilm3,Кинозалы,iptv-online-primary,Xminimax-newfilm3,id
MM NewFilm RU HD,Xminimax-newfilmru,Кинозалы,iptv-online-primary,Xminimax-newfilmru,id
MM UFO HD,Xminimax-ufo,Кинозалы,iptv-online-primary,Xminimax-ufo,id
MM USSR 1941-1945 HD,Xminimax-ussr-1941-1945,Кинозалы,iptv-online-primary,Xminimax-ussr-1941-1945,id
MM USSR Детектив HD,Xminimax-ussr-detektiv,Кинозалы,iptv-online-primary,Xminimax-ussr-detektiv,id
MM USSR Комедия HD,Xminimax-ussr-komedija,Кинозалы,iptv-online-primary,Xminimax-ussr-komedija,id
MM USSR Приключения HD,Xminimax-ussr-prikluchenija,Кинозалы,iptv-online-primary,Xminimax-ussr-prikluchenija,id
MM USSR Драма HD,Xminimax-ussr-fantastika,Кинозалы,iptv-online-primary,Xminimax-ussr-fantastika,id
MM Боевик HD,Xminimax-boevik,Кинозалы,iptv-online-primary,Xminimax-boevik,id
MM Боевик Classic HD,Xminimax-boevik_classic,Кинозалы,iptv-online-primary,Xminimax-boevik_classic,id
MM Вестерн HD,Xminimax-western,Кинозалы,iptv-online-primary,Xminimax-western,id
MM Воронины HD,Xminimax-voronini,Кинозалы,iptv-online-primary,Xminimax-voronini,id
MM Затмение HD,Xminimax-zatmenie,Кинозалы,iptv-online-primary,Xminimax-zatmenie,id
MM История HD,Xminimax-istorija,Кинозалы,iptv-online-primary,Xminimax-istorija,id
MM Катастрофа HD,Xminimax-katastrofa,Кинозалы,iptv-online-primary,Xminimax-katastrofa,id
MM Киберпанк HD,Xminimax-kiberpunk,Кинозалы,iptv-online-primary,Xminimax-kiberpunk,id
MM Комедия Classic HD,Xminimax-comedy_classic,Кинозалы,iptv-online-primary,Xminimax-comedy_classic,id
MM Комедия HD,Xminimax-comedy,Кинозалы,iptv-online-primary,Xminimax-comedy,id
MM Криминал HD,Xminimax-kriminal,Кинозалы,iptv-online-primary,Xminimax-kriminal,id
MM Крутые 90-е HD,Xminimax-krutie-90-e,Кинозалы,iptv-online-primary,Xminimax-krutie-90-e,id
MM Кунг-Фу HD,Xminimax-kungfu,Кинозалы,iptv-online-primary,Xminimax-kungfu,id
MM Мифология HD,Xminimax-mifologija,Кинозалы,iptv-online-primary,Xminimax-mifologija,id
MM Нуар HD,Xminimax-nuar,Кинозалы,iptv-online-primary,Xminimax-nuar,id
MM Погружение HD,Xminimax-pogrujenie,Кинозалы,iptv-online-primary,Xminimax-pogrujenie,id
MM Полицейский С Рублёвки HD,Xminimax-police,Кинозалы,iptv-online-primary,Xminimax-police,id
MM Приключения HD,Xminimax-prikluchenija,Кинозалы,iptv-online-primary,Xminimax-prikluchenija,id
MM Роскино HD,Xminimax-roskino,Кинозалы,iptv-online-primary,Xminimax-roskino,id
MM Сваты HD,Xminimax-svati,Кинозалы,iptv-online-primary,Xminimax-svati,id
MM Семейный 1 HD,Xminimax-family1,Кинозалы,iptv-online-primary,Xminimax-family1,id
MM Семейный 2 HD,Xminimax-family2,Кинозалы,iptv-online-primary,Xminimax-family2,id
MM Ситком HD,Xminimax-sitkom,Кинозалы,iptv-online-primary,Xminimax-sitkom,id
MM Ситком 2.0 HD,Xminimax-sitkom20,Кинозалы,iptv-online-primary,Xminimax-sitkom20,id
MM Скорость HD,Xminimax-skorost,Кинозалы,iptv-online-primary,Xminimax-skorost,id
MM Спорт HD,Xminimax-sport,Кинозалы,iptv-online-primary,Xminimax-sport,id
MM Супергерои HD,Xminimax-supergeroi,Кинозалы,iptv-online-primary,Xminimax-supergeroi,id
MM Триллер HD,Xminimax-triller,Кинозалы,iptv-online-primary,Xminimax-triller,id
MM Ужастик HD,Xminimax-ujastik,Кинозалы,iptv-online-primary,Xminimax-ujastik,id
MM Ужасы Classic HD,Xminimax-ujasi-classic,Кинозалы,iptv-online-primary,Xminimax-ujasi-classic,id
MM Ужасы HD,Xminimax-ujasi,Кинозалы,iptv-online-primary,Xminimax-ujasi,id
MM Фантастика HD,Xminimax-fantastika,Кинозалы,iptv-online-primary,Xminimax-fantastika,id
MM Фобия HD,Xminimax-fobija,Кинозалы,iptv-online-primary,Xminimax-fobija,id
MM Celebrity HD,Xminimax-celebrity,Кинозалы,iptv-online-primary,Xminimax-celebrity,id
MM Classic HD,Xminimax-classic,Кинозалы,iptv-online-primary,Xminimax-classic,id
MM Translation HD,Xminimax-translation,Кинозалы,iptv-online-primary,Xminimax-translation,id
MM Драма HD,Xminimax-drama,Кинозалы,iptv-online-primary,Xminimax-drama,id
MM Микромир HD,Xminimax-micromir,Кинозалы,iptv-online-primary,Xminimax-micromir,id
MM Макромир HD,Xminimax-makromir,Кинозалы,iptv-online-primary,Xminimax-makromir,id
MM Мегамир HD,Xminimax-megamir,Кинозалы,iptv-online-primary,Xminimax-megamir,id
MS Prisons HD,Xminimax-ms-prisons,Кинозалы,iptv-online-primary,Xminimax-ms-prisons,id
MM Агата Кристи HD,Xminimax-agata,Кинозалы,iptv-online-primary,Xminimax-agata,id
MM Стивен Кинг HD,Xminimax-st-king,Кинозалы,iptv-online-primary,Xminimax-st-king,id
KLI Kinozakaz,99936,Кинозалы,iptv-online-primary,X99936,name
KLI NOSTALGIA,99939,Кинозалы,iptv-online-primary,X99939,name
KLI Retro,99938,Кинозалы,iptv-online-primary,X99938,name
Joker:Сімсони,XSimson,Кинозалы UA,iptv-online-primary,XSimson,id
Joker:Губка Боб,Xgubka_bob,Кинозалы UA,iptv-online-primary,Xgubka_bob,id
jk_Cinema3,jk_Cinema3,Кинозалы UA,iptv-online-primary,Xjk_Cinema3,name
jk_doku_Ukraine,jk_doku_Ukraine,Кинозалы UA,iptv-online-primary,Xjk_doku_Ukraine,name
jk_serial,jk_serial,Кинозалы UA,iptv-online-primary,Xjk_serial,name
jk_Magic,jk_Magic,Кинозалы UA,iptv-online-primary,Xjk_Magic,name
jk_90210,jk_90210,Кинозалы UA,iptv-online-primary,Xjk_90210,name
jk_dram,jk_dram,Кинозалы UA,iptv-online-primary,Xjk_dram,name
jk_fineas,jk_fineas,Кинозалы UA,iptv-online-primary,Xjk_fineas,name
jk_strah,jk_strah,Кинозалы UA,iptv-online-primary,Xjk_strah,name
jk_Sliders,jk_Sliders,Кинозалы UA,iptv-online-primary,Xjk_Sliders,name
jk_Succession,jk_Succession,Кинозалы UA,iptv-online-primary,Xjk_Succession,name
jk_Money_Heist,jk_Money_Heist,Кинозалы UA,iptv-online-primary,Xjk_Money_Heist,name
jk_office,jk_office,Кинозалы UA,iptv-online-primary,Xjk_office,name
jk_Scrubs,jk_Scrubs,Кинозалы UA,iptv-online-primary,Xjk_Scrubs,name
jk_element,jk_element,Кинозалы UA,iptv-online-primary,Xjk_element,name
jk_Buffy,jk_Buffy,Кинозалы UA,iptv-online-primary,Xjk_Buffy,name
jk_Melrose_Place,jk_Melrose_Place,Кинозалы UA,iptv-online-primary,Xjk_Melrose_Place,name
jk_Stargate,jk_Stargate,Кинозалы UA,iptv-online-primary,Xjk_Stargate,name
jk_Only_Murders,jk_Only_Murders,Кинозалы UA,iptv-online-primary,Xjk_Only_Murders,name
jk_detektiv,jk_detektiv,Кинозалы UA,iptv-online-primary,Xjk_detektiv,name
jk_NCIS,jk_NCIS,Кинозалы UA,iptv-online-primary,Xjk_NCIS,name
jk_dark,jk_dark,Кинозалы UA,iptv-online-primary,Xjk_dark,name
jk_balance,jk_balance,Кинозалы UA,iptv-online-primary,Xjk_balance,name
jk_timon,jk_timon,Кинозалы UA,iptv-online-primary,Xjk_timon,name
jk_Cartoon,jk_Cartoon,Кинозалы UA,iptv-online-primary,Xjk_Cartoon,name
jk_Flintstones,jk_Flintstones,Кинозалы UA,iptv-online-primary,Xjk_Flintstones,name
The_Last_of_Us,XThe_Last_of_Us,Кинозалы UA,iptv-online-primary,XThe_Last_of_Us,id
House_ukr,XHouse_ukr,Кинозалы UA,iptv-online-primary,XHouse_ukr,id
jk_grimm,jk_grimm,Кинозалы UA,iptv-online-primary,Xjk_grimm,name
jk_kids,jk_kids,Кинозалы UA,iptv-online-primary,Xjk_kids,name
jk_black_cloak,jk_black_cloak,Кинозалы UA,iptv-online-primary,Xjk_black_cloak,name
jk_boys,jk_boys,Кинозалы UA,iptv-online-primary,Xjk_boys,name
jk_Winx,jk_Winx,Кинозалы UA,iptv-online-primary,Xjk_Winx,name
Joker: Фантастика,Xfantastika,Кинозалы UA,iptv-online-primary,Xfantastika,id
jk_Morning_Show,jk_Morning_Show,Кинозалы UA,iptv-online-primary,Xjk_Morning_Show,name
jk_Ritchie,jk_Ritchie,Кинозалы UA,iptv-online-primary,Xjk_Ritchie,name
jk_Scorsese,jk_Scorsese,Кинозалы UA,iptv-online-primary,Xjk_Scorsese,name
Joker: Wednesday,XWednesday,Кинозалы UA,iptv-online-primary,XWednesday,id
jk_Spilberg,jk_Spilberg,Кинозалы UA,iptv-online-primary,Xjk_Spilberg,name
jk_Kopola,jk_Kopola,Кинозалы UA,iptv-online-primary,Xjk_Kopola,name
jk_Skott,jk_Skott,Кинозалы UA,iptv-online-primary,Xjk_Skott,name
jk_Kameron,jk_Kameron,Кинозалы UA,iptv-online-primary,Xjk_Kameron,name
jk_Besson,jk_Besson,Кинозалы UA,iptv-online-primary,Xjk_Besson,name
jk_Nolan,jk_Nolan,Кинозалы UA,iptv-online-primary,Xjk_Nolan,name
jk_King,jk_King,Кинозалы UA,iptv-online-primary,Xjk_King,name
jk_Crowe,jk_Crowe,Кинозалы UA,iptv-online-primary,Xjk_Crowe,name
jk_Reeves,jk_Reeves,Кинозалы UA,iptv-online-primary,Xjk_Reeves,name
jk_Hemsworth,jk_Hemsworth,Кинозалы UA,iptv-online-primary,Xjk_Hemsworth,name
jk_Butler,jk_Butler,Кинозалы UA,iptv-online-primary,Xjk_Butler,name
jk_Kunis,jk_Kunis,Кинозалы UA,iptv-online-primary,Xjk_Kunis,name
jk_Neeson,jk_Neeson,Кинозалы UA,iptv-online-primary,Xjk_Neeson,name
jk_Scorpion,jk_Scorpion,Кинозалы UA,iptv-online-primary,Xjk_Scorpion,name
jk_duva,jk_duva,Кинозалы UA,iptv-online-primary,Xjk_duva,name
jk_Emeli,jk_Emeli,Кинозалы UA,iptv-online-primary,Xjk_Emeli,name
Bear TV Добірка Фільмів UA HD,bear_tv_dobirka_filmiv,Кинозалы UA,iptv-online-primary,Xbear_tv_dobirka_filmiv,name
Bear TV Домашній Кінозал UA HD,bear_tv_domashniy_kinozal,Кинозалы UA,iptv-online-primary,Xbear_tv_domashniy_kinozal,name
Bear TV ФільмМанія UA HD,bear_tv_filmmaniya,Кинозалы UA,iptv-online-primary,Xbear_tv_filmmaniya,name
Bear TV Фільмовий День UA HD,bear_tv_filmovyy_den,Кинозалы UA,iptv-online-primary,Xbear_tv_filmovyy_den,name
Bear TV Фільмовий Мікс UA HD,bear_tv_filmovyy_miks,Кинозалы UA,iptv-online-primary,Xbear_tv_filmovyy_miks,name
Bear TV Фільми 24 UA HD,bear_tv_filmy_24,Кинозалы UA,iptv-online-primary,Xbear_tv_filmy_24,name
Bear TV Фільм за Фільмом UA HD,bear_tv_film_za_filmom,Кинозалы UA,iptv-online-primary,Xbear_tv_film_za_filmom,name
Bear TV Хіт Фільм UA HD,bear_tv_hit_film,Кинозалы UA,iptv-online-primary,Xbear_tv_hit_film,name
Bear TV КіноАтмосфера UA HD,bear_tv_kinoatmosfera,Кинозалы UA,iptv-online-primary,Xbear_tv_kinoatmosfera,name
Bear TV Кіно Без Перерви UA HD,bear_tv_kinobezperervy,Кинозалы UA,iptv-online-primary,Xbear_tv_kinobezperervy,name
Bear TV КіноХвиля UA HD,bear_tv_kinohvylya,Кинозалы UA,iptv-online-primary,Xbear_tv_kinohvylya,name
Bear TV КіноКлуб UA HD,bear_tv_kinoklub,Кинозалы UA,iptv-online-primary,Xbear_tv_kinoklub,name
Bear TV КіноКолекція UA HD,bear_tv_kinokolektsiya,Кинозалы UA,iptv-online-primary,Xbear_tv_kinokolektsiya,name
Bear TV КіноЛінія UA HD,bear_tv_kinoliniya,Кинозалы UA,iptv-online-primary,Xbear_tv_kinoliniya,name
Bear TV КіноМарафон UA HD,bear_tv_kinomarafon,Кинозалы UA,iptv-online-primary,Xbear_tv_kinomarafon,name
Bear TV КіноМікс UA HD,bear_tv_kinomiks,Кинозалы UA,iptv-online-primary,Xbear_tv_kinomiks,name
Bear TV КіноНастрій UA HD,bear_tv_kinonastriy,Кинозалы UA,iptv-online-primary,Xbear_tv_kinonastriy,name
Bear TV КіноПланета UA HD,bear_tv_kinoplaneta,Кинозалы UA,iptv-online-primary,Xbear_tv_kinoplaneta,name
Bear TV КіноПлюс UA HD,bear_tv_kinoplyus,Кинозалы UA,iptv-online-primary,Xbear_tv_kinoplyus,name
Bear TV КіноПотік UA HD,bear_tv_kinopotik,Кинозалы UA,iptv-online-primary,Xbear_tv_kinopotik,name
Bear TV КіноСвіт UA HD,bear_tv_kinosvit,Кинозалы UA,iptv-online-primary,Xbear_tv_kinosvit,name
Bear TV КіноТайм UA HD,bear_tv_kinotaym,Кинозалы UA,iptv-online-primary,Xbear_tv_kinotaym,name
Bear TV КіноВечір UA HD,bear_tv_kinovechir,Кинозалы UA,iptv-online-primary,Xbear_tv_kinovechir,name
Bear TV Кінозал UA HD,bear_tv_kinozal,Кинозалы UA,iptv-online-primary,Xbear_tv_kinozal,name
Bear TV Легенди Кіно UA HD,bear_tv_legendy_kino,Кинозалы UA,iptv-online-primary,Xbear_tv_legendy_kino,name
Bear TV МегаФільм UA HD,bear_tv_megafilm,Кинозалы UA,iptv-online-primary,Xbear_tv_megafilm,name
Bear TV Movie UA HD,bear_tv_movie_ua,Кинозалы UA,iptv-online-primary,Xbear_tv_movie_ua,name
Bear TV Мульт 24 UA HD,bear_tv_mult_24,Кинозалы UA,iptv-online-primary,Xbear_tv_mult_24,name
Bear TV Мульт Анімація UA HD,bear_tv_mult_animatsiya,Кинозалы UA,iptv-online-primary,Xbear_tv_mult_animatsiya,name
Bear TV Дитячий Світ UA HD,bear_tv_mult_dytyachyy_svit,Кинозалы UA,iptv-online-primary,Xbear_tv_mult_dytyachyy_svit,name
Bear TV Мульт Хіт UA HD,bear_tv_mult_hit,Кинозалы UA,iptv-online-primary,Xbear_tv_mult_hit,name
Bear TV Kids Кіно UA HD,bear_tv_mult_kids_kino,Кинозалы UA,iptv-online-primary,Xbear_tv_mult_kids_kino,name
Bear TV Малий Екран UA HD,bear_tv_mult_malyy_ekran,Кинозалы UA,iptv-online-primary,Xbear_tv_mult_malyy_ekran,name
Bear TV Мульт Мікс UA HD,bear_tv_mult_miks,Кинозалы UA,iptv-online-primary,Xbear_tv_mult_miks,name
Bear TV Сімейні Мульти UA HD,bear_tv_mult_simeyni,Кинозалы UA,iptv-online-primary,Xbear_tv_mult_simeyni,name
Bear TV МультСвіт UA HD,bear_tv_mult_svit,Кинозалы UA,iptv-online-primary,Xbear_tv_mult_svit,name
Bear TV МультЗал UA HD,bear_tv_mult_zal,Кинозалы UA,iptv-online-primary,Xbear_tv_mult_zal,name
Bear TV Нічний Сеанс UA HD,bear_tv_nichnyy_seans,Кинозалы UA,iptv-online-primary,Xbear_tv_nichnyy_seans,name
Bear TV Прем'єра UA HD,bear_tv_prem_yera,Кинозалы UA,iptv-online-primary,Xbear_tv_prem_yera,name
Bear TV Сеанс 24 UA HD,bear_tv_seans_24,Кинозалы UA,iptv-online-primary,Xbear_tv_seans_24,name
Bear TV Сімейний Вечір UA HD,bear_tv_simeynyy_vechir,Кинозалы UA,iptv-online-primary,Xbear_tv_simeynyy_vechir,name
Bear TV Світ Кіно UA HD,bear_tv_svit_kino,Кинозалы UA,iptv-online-primary,Xbear_tv_svit_kino,name
Bear TV Топ Кіно UA HD,bear_tv_top_kino,Кинозалы UA,iptv-online-primary,Xbear_tv_top_kino,name
Bear TV Український Сеанс UA HD,bear_tv_ukrayinskyy_seans,Кинозалы UA,iptv-online-primary,Xbear_tv_ukrayinskyy_seans,name
Bear TV Улюблені Фільми UA HD,bear_tv_ulyubleni_filmy,Кинозалы UA,iptv-online-primary,Xbear_tv_ulyubleni_filmy,name
Bear TV Вечірнє Кіно UA HD,bear_tv_vechirnye_kino,Кинозалы UA,iptv-online-primary,Xbear_tv_vechirnye_kino,name
Bear TV Велике Кіно UA HD,bear_tv_velyke_kino,Кинозалы UA,iptv-online-primary,Xbear_tv_velyke_kino,name
Bear TV Великий Екран UA HD,bear_tv_velykyy_ekran,Кинозалы UA,iptv-online-primary,Xbear_tv_velykyy_ekran,name
Bear TV Вибір Глядача UA HD,bear_tv_vybir_glyadacha,Кинозалы UA,iptv-online-primary,Xbear_tv_vybir_glyadacha,name
Bear TV Золота Колекція UA HD,bear_tv_zolota_kolektsiya,Кинозалы UA,iptv-online-primary,Xbear_tv_zolota_kolektsiya,name
BCU Ultra 4K,Xbcu-ultra4k,Кино 4K,iptv-online-primary,Xbcu-ultra4k,id
BCU Premiere Ultra 4K,Xbcu-premiere-4k,Кино 4K,iptv-online-primary,Xbcu-premiere-4k,id
BCU Сваты 4K,,Кино 4K,iptv-online-primary,Xbcu-svaty,name
Кино UHD 4k,Xkino-ultra-hd,Кино 4K,iptv-online-primary,Xkino-ultra-hd,id
CineMan Relax 4K,Xcineman-relax,Кино 4K,iptv-online-primary,Xcineman-relax,id
BOX Serial 4K,Xbox-serial4k,Кино 4K,iptv-online-primary,Xbox-serial4k,id
BOX Remast 4K,Xbox-remast-4k,Кино 4K,iptv-online-primary,Xbox-remast-4k,id
BOX Relax 4K,Xbox-relax,Кино 4K,iptv-online-primary,Xbox-relax,id
YOSSO-4K,Xyosso-4k,Кино 4K,iptv-online-primary,Xyosso-4k,id
Bear TV МегаКадр RU UHD,000101_MegaKadr,Кино 4K,iptv-online-primary,X000101_MegaKadr,name
Bear TV Золотой Экран RU UHD,000102_GoldenScreen,Кино 4K,iptv-online-primary,X000102_GoldenScreen,name
Bear TV КиноВремя RU UHD,000104_KinoTime,Кино 4K,iptv-online-primary,X000104_KinoTime,name
Bear TV КиноМир RU UHD,000105_SerialWorld,Кино 4K,iptv-online-primary,X000105_SerialWorld,name
Bear TV Хитовый Экран RU UHD,000109_SerialHit,Кино 4K,iptv-online-primary,X000109_SerialHit,name
Bear TV Фильмонавт RU UHD,000110_Filmonavt,Кино 4K,iptv-online-primary,X000110_Filmonavt,name
Bear TV КиноГоризонт RU UHD,000113_KinoHorizon,Кино 4K,iptv-online-primary,X000113_KinoHorizon,name
Bear TV Сюжет ТВ RU UHD,000115_SyuzhetTV,Кино 4K,iptv-online-primary,X000115_SyuzhetTV,name
Bear TV Кадр Плюс RU UHD,000116_KadrPlus,Кино 4K,iptv-online-primary,X000116_KadrPlus,name
Bear TV КиноПульс RU UHD,000117_KinoPulse,Кино 4K,iptv-online-primary,X000117_KinoPulse,name
Bear TV Экран 24 RU UHD,000121_Ekran24,Кино 4K,iptv-online-primary,X000121_Ekran24,name
Bear TV Ночной Сеанс RU UHD,000130_NightSeans,Кино 4K,iptv-online-primary,X000130_NightSeans,name
Bear TV Премьера Live RU UHD,000131_PremiereLive,Кино 4K,iptv-online-primary,X000131_PremiereLive,name
Bear TV КиноМаршрут RU UHD,000132_KinoMarshrut,Кино 4K,iptv-online-primary,X000132_KinoMarshrut,name
Bear TV Легенды Экрана RU UHD,000133_LegendsEkrana,Кино 4K,iptv-online-primary,X000133_LegendsEkrana,name
Bear TV КиноВолна RU UHD,000135_MovieWave,Кино 4K,iptv-online-primary,X000135_MovieWave,name
Bear TV КиноОрбита RU UHD,000137_CinemaOrbit,Кино 4K,iptv-online-primary,X000137_CinemaOrbit,name
Bear TV Галактика Кино RU UHD,000139_FilmGalaxy,Кино 4K,iptv-online-primary,X000139_FilmGalaxy,name
Bear TV КиноСфера RU UHD,000141_KinoSphere,Кино 4K,iptv-online-primary,X000141_KinoSphere,name
Bear TV КиноДрайв RU UHD,000143_KinoDrive,Кино 4K,iptv-online-primary,X000143_KinoDrive,name
Bear TV Блокбастер ТВ RU UHD,000144_BlockbusterTV,Кино 4K,iptv-online-primary,X000144_BlockbusterTV,name
Bear TV Фильм Канал RU UHD,000199_FilmKanal,Кино 4K,iptv-online-primary,X000199_FilmKanal,name
Bear TV КиноЛиния RU UHD,000201_KinoLine,Кино 4K,iptv-online-primary,X000201_KinoLine,name
Bear TV КиноЗвезда RU UHD,000202_MovieStar,Кино 4K,iptv-online-primary,X000202_MovieStar,name
Bear TV КиноАрена RU UHD,000203_KinoArena,Кино 4K,iptv-online-primary,X000203_KinoArena,name
Bear TV Экран Будущего RU UHD,000204_EkranFuture,Кино 4K,iptv-online-primary,X000204_EkranFuture,name
Bear TV Кино Нова RU UHD,000205_CinemaNova,Кино 4K,iptv-online-primary,X000205_CinemaNova,name
Bear TV КиноФокус RU UHD,000206_KinoFocus,Кино 4K,iptv-online-primary,X000206_KinoFocus,name
Bear TV ФильмПоток RU UHD,000207_FilmPotok,Кино 4K,iptv-online-primary,X000207_FilmPotok,name
Bear TV КиноМикс RU UHD,000208_KinoMix,Кино 4K,iptv-online-primary,X000208_KinoMix,name
Bear TV КиноКлассика RU UHD,000209_KinoClassic,Кино 4K,iptv-online-primary,X000209_KinoClassic,name
Bear TV СуперСеанс RU UHD,000210_SuperSeans,Кино 4K,iptv-online-primary,X000210_SuperSeans,name
Bear TV КиноДом RU UHD,000211_HDKinoDom,Кино 4K,iptv-online-primary,X000211_HDKinoDom,name
Bear TV КиноПланета RU UHD,000212_KinoPlanet,Кино 4K,iptv-online-primary,X000212_KinoPlanet,name
Bear TV КиноНочь RU UHD,000213_MovieNight,Кино 4K,iptv-online-primary,X000213_MovieNight,name
Bear TV КиноПортал RU UHD,000214_KinoPortal,Кино 4K,iptv-online-primary,X000214_KinoPortal,name
Bear TV Экран Премиум RU UHD,000215_EkranPremium,Кино 4K,iptv-online-primary,X000215_EkranPremium,name
Bear TV КиноСвет RU UHD,000216_KinoSvet,Кино 4K,iptv-online-primary,X000216_KinoSvet,name
Bear TV ФильмЭкспресс RU UHD,000217_FilmExpress,Кино 4K,iptv-online-primary,X000217_FilmExpress,name
Bear TV Парк Кино RU UHD,000218_SerialPark,Кино 4K,iptv-online-primary,X000218_SerialPark,name
Bear TV Время Кино RU UHD,000219_CinemaTime,Кино 4K,iptv-online-primary,X000219_CinemaTime,name
Bear TV КиноМаяк RU UHD,000220_KinoMayak,Кино 4K,iptv-online-primary,X000220_KinoMayak,name
Bear TV КиноБаза RU UHD,000221_KinoBaza,Кино 4K,iptv-online-primary,X000221_KinoBaza,name
Bear TV ФильмЗона RU UHD,000222_FilmZone,Кино 4K,iptv-online-primary,X000222_FilmZone,name
Bear TV КиноИмперия RU UHD,000223_KinoEmpire,Кино 4K,iptv-online-primary,X000223_KinoEmpire,name
Bear TV Экран Хит RU UHD,000224_EkranHit,Кино 4K,iptv-online-primary,X000224_EkranHit,name
Bear TV Линия Кино RU UHD,000225_MovieLine,Кино 4K,iptv-online-primary,X000225_MovieLine,name
Bear TV КиноРитм RU UHD,000226_KinoRhythm,Кино 4K,iptv-online-primary,X000226_KinoRhythm,name
Bear TV Сеанс 24/7 RU UHD,000227_Seans247,Кино 4K,iptv-online-primary,X000227_Seans247,name
Bear TV Киномания RU UHD,009999_KinoMania,Кино 4K,iptv-online-primary,X009999_KinoMania,name
Eurosport,Xeurosport1,Спорт,iptv-online-primary,Xeurosport1,id
Eurosport HD,Xeurosport1,Спорт,iptv-online-primary,Xeurosport1,id
Eurosport 4K,Xeurosport1,Спорт,iptv-online-primary,Xeurosport1,id
Eurosport 2,Xeurosport2,Спорт,iptv-online-primary,Xeurosport2,id
Eurosport 2 HD,Xeurosport2,Спорт,iptv-online-primary,Xeurosport2,id
Матч! ПРЕМЬЕР,Xmatch-premier,Спорт,iptv-online-primary,Xmatch-premier,id
Матч Премьер HD,Xmatch-premier,Спорт,iptv-online-primary,Xmatch-premier,id
Матч Арена,Xmatch-arena,Спорт,iptv-online-primary,Xmatch-arena,id
Матч! Арена HD,Xmatch-arena,Спорт,iptv-online-primary,Xmatch-arena,id
Матч! Планета,Xmatch-planeta,Спорт,iptv-online-primary,Xmatch-planeta,id
Матч ТВ,Xmatch-tv,Спорт,iptv-online-primary,Xmatch-tv,id
Матч! HD,Xmatch-tv,Спорт,iptv-online-primary,Xmatch-tv,id
Матч! 50fps,Xmatch-tv,Спорт,iptv-online-primary,Xmatch-tv,id
Матч! Боец HD,Xmatch-boets,Спорт,iptv-online-primary,Xmatch-boets,id
МАТЧ! Страна,Xmatch-nash-sport,Спорт,iptv-online-primary,Xmatch-nash-sport,id
Матч! Страна HD,Xmatch-nash-sport,Спорт,iptv-online-primary,Xmatch-nash-sport,id
Матч! Игра,Xmatch-igra,Спорт,iptv-online-primary,Xmatch-igra,id
Матч! Игра HD,Xmatch-igra,Спорт,iptv-online-primary,Xmatch-igra,id
Матч! Футбол 1 HD,Xmatch-football1,Спорт,iptv-online-primary,Xmatch-football1,id
Матч Футбол 1,Xmatch-football1,Спорт,iptv-online-primary,Xmatch-football1,id
Матч! Футбол 2 HD,Xmatch-football2,Спорт,iptv-online-primary,Xmatch-football2,id
Матч! Футбол 3 HD,Xmatch-football3,Спорт,iptv-online-primary,Xmatch-football3,id
Megogo Спорт HD,Xmegogo-sport,Спорт,iptv-online-primary,Xmegogo-sport,id
Megogo Футбол 1 HD,Xmegogo-football-1,Спорт,iptv-online-primary,Xmegogo-football-1,id
Megogo Футбол 2 HD,Xmegogo-football-2,Спорт,iptv-online-primary,Xmegogo-football-2,id
Megogo Футбол 3 HD,Xmegogo-football-3,Спорт,iptv-online-primary,Xmegogo-football-3,id
Megogo Футбол 4 HD,Xmegogo-football-4,Спорт,iptv-online-primary,Xmegogo-football-4,id
Megogo Футбол 5 HD,Xmegogo-football-5,Спорт,iptv-online-primary,Xmegogo-football-5,id
Megogo Гонг,Xmegogo-gong,Спорт,iptv-online-primary,Xmegogo-gong,id
Setanta Sports Ukraine,Xsetanta-ua,Спорт,iptv-online-primary,Xsetanta-ua,id
Setanta Sports HD 50fps,Xsetanta-ua,Спорт,iptv-online-primary,Xsetanta-ua,id
Setanta Sports+ HD 50fps,Xsetanta-plus-ua,Спорт,iptv-online-primary,Xsetanta-plus-ua,id
Setanta Sports+ Ukraine,Xsetanta-plus-ua,Спорт,iptv-online-primary,Xsetanta-plus-ua,id
Setanta Sports 1 HD,Xsetanta-sports,Спорт,iptv-online-primary,Xsetanta-sports,id
Setanta Sports 2 HD,Xsetanta-sports-plus,Спорт,iptv-online-primary,Xsetanta-sports-plus,id
Setanta Qazaqstan,Xsetanta-kz,Спорт,iptv-online-primary,Xsetanta-kz,id
Суспільне Спорт,Xsuspilne-sport-ua,Спорт,iptv-online-primary,Xsuspilne-sport-ua,id
Суспільне Спорт 50FPS,Xsuspilne-sport-ua,Спорт,iptv-online-primary,Xsuspilne-sport-ua,id
DiviSport,Xdivisport,Спорт,iptv-online-primary,Xdivisport,id
Dynamo Kyiv TV,Xdynamo-kyiv-tv,Спорт,iptv-online-primary,Xdynamo-kyiv-tv,id
Футбол,Xfootball-ru,Спорт,iptv-online-primary,Xfootball-ru,id
Футбол HD,Xfootball-ru,Спорт,iptv-online-primary,Xfootball-ru,id
Viju+ Sport,Xviasat-sport,Спорт,iptv-online-primary,Xviasat-sport,id
Viju+ Sport HD,Xviasat-sport,Спорт,iptv-online-primary,Xviasat-sport,id
Окко Спорт HD,Xokko-sport,Спорт,iptv-online-primary,Xokko-sport,id
Окко Футбол HD,Xokko-football,Спорт,iptv-online-primary,Xokko-football,id
Окко.Прайм Спорт,Xokko-sport-2,Спорт,iptv-online-primary,Xokko-sport-2,id
Окко Чемпионат,Xokko-chemp,Спорт,iptv-online-primary,Xokko-chemp,id
Старт Триумф HD,Xstart-triumf,Спорт,iptv-online-primary,Xstart-triumf,id
Старт HD,Xstart,Спорт,iptv-online-primary,Xstart,id
КХЛ,Xkxl,Спорт,iptv-online-primary,Xkxl,id
KHL Prime,Xkxl-hd,Спорт,iptv-online-primary,Xkxl-hd,id
Хоккейный,Xxokkejny,Спорт,iptv-online-primary,Xxokkejny,id
Бокс ТВ,Xbox-tv,Спорт,iptv-online-primary,Xbox-tv,id
Sport 1 UA,Xsport1-ua,Спорт,iptv-online-primary,Xsport1-ua,id
Sport 2 UA,Xsport2-ua,Спорт,iptv-online-primary,Xsport2-ua,id
NBA TV,Xnba-tv,Спорт,iptv-online-primary,Xnba-tv,id
Мир Баскетбола,Xmir-basketbola,Спорт,iptv-online-primary,Xmir-basketbola,id
Мяч,Xfootbolny,Спорт,iptv-online-primary,Xfootbolny,id
Авто Плюс,Xavto-plus,Спорт,iptv-online-primary,Xavto-plus,id
Extreme Sports,Xextreme-sports,Спорт,iptv-online-primary,Xextreme-sports,id
Спортивный,Xsportivny,Спорт,iptv-online-primary,Xsportivny,id
UDAR,Xufc,Спорт,iptv-online-primary,Xufc,id
Живи активно HD,Xzhivi-aktivno,Спорт,iptv-online-primary,Xzhivi-aktivno,id
Русский Экстрим,Xrussky-ekstrim,Спорт,iptv-online-primary,Xrussky-ekstrim,id
Точка отрыва,Xtochka-otryva,Спорт,iptv-online-primary,Xtochka-otryva,id
Авто 24,Xavto24,Спорт,iptv-online-primary,Xavto24,id
Cars & Stars TV HD,Xcars-n-stars,Спорт,iptv-online-primary,Xcars-n-stars,id
FightBox,Xfightbox-hd,Спорт,iptv-online-primary,Xfightbox-hd,id
TRACE Sport Stars,Xtrace-sport-stars,Спорт,iptv-online-primary,Xtrace-sport-stars,id
Fast&FunBox,Xfastfunbox-hd,Спорт,iptv-online-primary,Xfastfunbox-hd,id
MAINCAST SPORT,Xmaincast-sport,Спорт,iptv-online-primary,Xmaincast-sport,id
UPL.TV HD,Xupltv,Спорт,iptv-online-primary,Xupltv,id
QazSport,Xkazsport,Спорт,iptv-online-primary,Xkazsport,id
Q Arena,Xqsport-kz,Спорт,iptv-online-primary,Xqsport-kz,id
Q Sport League,Xq-sport-ext,Спорт,iptv-online-primary,Xq-sport-ext,id
Sport+ Qazaqstan,Xsport-plus-kz,Спорт,iptv-online-primary,Xsport-plus-kz,id
BOX_SPORT_LIVE_1_HD,Xbox-sportcast-live1,Спорт,iptv-online-primary,Xbox-sportcast-live1,id
BOX_SPORT_LIVE_2_HD,Xbox-sportcast-live2,Спорт,iptv-online-primary,Xbox-sportcast-live2,id
BOX_SPORT_LIVE_3_HD,Xbox-sportcast-live3,Спорт,iptv-online-primary,Xbox-sportcast-live3,id
BOX_SPORT_LIVE_4_HD,Xbox-sportcast-live4,Спорт,iptv-online-primary,Xbox-sportcast-live4,id
BOX_SPORT_LIVE_5_HD,Xbox-sportcast-live5,Спорт,iptv-online-primary,Xbox-sportcast-live5,id
BOX_SPORT_LIVE_6_HD,Xbox-sportcast-live6,Спорт,iptv-online-primary,Xbox-sportcast-live6,id
BOX_SPORT_LIVE_7_HD,Xbox-sportcast-live7,Спорт,iptv-online-primary,Xbox-sportcast-live7,id
BOX_SPORT_LIVE_8_HD,Xbox-sportcast-live8,Спорт,iptv-online-primary,Xbox-sportcast-live8,id
BOX_SPORT_LIVE_9_HD,Xbox-sportcast-live9,Спорт,iptv-online-primary,Xbox-sportcast-live9,id
BeIN Sport 1 HD,Xbein-sport-1,Спорт,iptv-online-primary,Xbein-sport-1,id
BeIN Sport 2 HD,Xbein-sport-2,Спорт,iptv-online-primary,Xbein-sport-2,id
BeIN Sport 3 HD,Xbein-sport-3,Спорт,iptv-online-primary,Xbein-sport-3,id
BeIN Sport 4 HD,Xbein-sport-4,Спорт,iptv-online-primary,Xbein-sport-4,id
TNT Sport 1 HD,Xbt-sport1,Спорт,iptv-online-primary,Xbt-sport1,id
TNT Sport 2 HD,Xbt-sport2,Спорт,iptv-online-primary,Xbt-sport2,id
TNT Sport 3 HD,Xbt-sport3,Спорт,iptv-online-primary,Xbt-sport3,id
Movistar Formula 1,Xno_epg_sport,Спорт,iptv-online-primary,Xno_epg_sport,id
Sky Sport Bundesliga HD,Xsky-sport-bl1,Спорт,iptv-online-primary,Xsky-sport-bl1,id
BOX Be ON Edge HD,Xbox-beonedge,Спорт,iptv-online-primary,Xbox-beonedge,id
BOX Be ON Edge 1 Live HD,Xbox-beonedge1live,Спорт,iptv-online-primary,Xbox-beonedge1live,id
BOX Be ON Edge 2 Live HD,Xbox-beonedge2live,Спорт,iptv-online-primary,Xbox-beonedge2live,id
BOX SportCast Live 1 HD,Xbox-sportcast-live1,Спорт,iptv-online-primary,Xbox-sportcast-live1,id
BOX SportCast Live 2 HD,Xbox-sportcast-live2,Спорт,iptv-online-primary,Xbox-sportcast-live2,id
BOX SportCast Live 3 HD,Xbox-sportcast-live3,Спорт,iptv-online-primary,Xbox-sportcast-live3,id
BOX SportCast Live 4 HD,Xbox-sportcast-live4,Спорт,iptv-online-primary,Xbox-sportcast-live4,id
BOX SportCast Live 5 HD,Xbox-sportcast-live5,Спорт,iptv-online-primary,Xbox-sportcast-live5,id
BOX SportCast Live 6 HD,Xbox-sportcast-live6,Спорт,iptv-online-primary,Xbox-sportcast-live6,id
BOX SportCast Live 7 HD,Xbox-sportcast-live7,Спорт,iptv-online-primary,Xbox-sportcast-live7,id
BOX SportCast Live 8 HD,Xbox-sportcast-live8,Спорт,iptv-online-primary,Xbox-sportcast-live8,id
BOX SportCast Live 9 HD,Xbox-sportcast-live9,Спорт,iptv-online-primary,Xbox-sportcast-live9,id
Diema Sport HD,Xdiema-sport-1,Спорт,iptv-online-primary,Xdiema-sport-1,id
Diema Sport 2 HD,Xdiema-sport-2,Спорт,iptv-online-primary,Xdiema-sport-2,id
Diema Sport 3 HD,Xdiema-sport-3,Спорт,iptv-online-primary,Xdiema-sport-3,id
Discovery Channel HD,Xdiscovery-channel,Познавательные,iptv-online-primary,Xdiscovery-channel,id
National Geographic,Xnational-geographic,Познавательные,iptv-online-primary,Xnational-geographic,id
Nat Geo Wild HD,Xnat-geo-wild,Познавательные,iptv-online-primary,Xnat-geo-wild,id
Animal Planet HD,Xanimal-planet-eu,Познавательные,iptv-online-primary,Xanimal-planet-eu,id
DocuBox HD,Xdocubox-hd,Познавательные,iptv-online-primary,Xdocubox-hd,id
HGTV HD,Xhgtv,Познавательные,iptv-online-primary,Xhgtv,id
HD Life,Xhd-life,Познавательные,iptv-online-primary,Xhd-life,id
Viasat History HD CEE,Xhistory-viasat-en,Познавательные,iptv-online-primary,Xhistory-viasat-en,id
Viasat Nature,Xviasat-nature-cee,Познавательные,iptv-online-primary,Xviasat-nature-cee,id
Viasat Explore,Xviasat-explore-cee,Познавательные,iptv-online-primary,Xviasat-explore-cee,id
Viasat History HD,Xviasat-history,Познавательные,iptv-online-primary,Xviasat-history,id
Viju Explore HD,Xviasat-explore,Познавательные,iptv-online-primary,Xviasat-explore,id
Viju History HD,Xviasat-history,Познавательные,iptv-online-primary,Xviasat-history,id
Viju Nature HD,Xviasat-nature,Познавательные,iptv-online-primary,Xviasat-nature,id
Viju+ Planet HD,Xviasat-nature-history-hd,Познавательные,iptv-online-primary,Xviasat-nature-history-hd,id
TLC HD,Xtlc,Познавательные,iptv-online-primary,Xtlc,id
Big Planet HD,Xbig-planet,Познавательные,iptv-online-primary,Xbig-planet,id
Travel Channel HD,Xtravel-channel,Познавательные,iptv-online-primary,Xtravel-channel,id
RTG HD,Xrtg-hd,Познавательные,iptv-online-primary,Xrtg-hd,id
History HD,Xhistory-ru,Познавательные,iptv-online-primary,XHISTORY.nl,name
H2 HD,Xh2,Познавательные,iptv-online-primary,Xh2,id
The Explorers,Xthe-explorers,Познавательные,iptv-online-primary,Xthe-explorers,id
Travel+Adventure HD,Xtravel-adventure,Познавательные,iptv-online-primary,Xtravel-adventure,id
Travel XP HD,Xtravel-xp-hd,Познавательные,iptv-online-primary,Xtravel-xp-hd,id
Travel XP 4K,Xtravel-xp-hd,Познавательные,iptv-online-primary,Xtravel-xp-hd,id
Глазами туриста HD,Xglazami-turista,Познавательные,iptv-online-primary,Xglazami-turista,id
Приключения HD,Xprikluchenia-hd,Познавательные,iptv-online-primary,Xprikluchenia-hd,id
Большая Азия HD,Xbolshaya-azia,Познавательные,iptv-online-primary,Xbolshaya-azia,id
Поехали HD,Xpoexali,Познавательные,iptv-online-primary,Xpoexali,id
Живая природа HD,Xzhivaya-priroda,Познавательные,iptv-online-primary,Xzhivaya-priroda,id
Живая планета,Xzhivaya-planeta,Познавательные,iptv-online-primary,Xzhivaya-planeta,id
Рыболов,Xoxotnik-i-rybolov,Познавательные,iptv-online-primary,Xoxotnik-i-rybolov,id
Охотник и рыболов HD,Xoxotnik-i-rybolov-hd,Познавательные,iptv-online-primary,Xoxotnik-i-rybolov-hd,id
Охота и Рыбалка,Xoxota-i-rybalka,Познавательные,iptv-online-primary,Xoxota-i-rybalka,id
Рыбалка HD,Xrybalka,Познавательные,iptv-online-primary,Xrybalka,id
Диалоги о рыбалке,Xdialogi-o-rybalke,Познавательные,iptv-online-primary,Xdialogi-o-rybalke,id
Дикая охота HD,Xdikaya-oxota-hd,Познавательные,iptv-online-primary,Xdikaya-oxota-hd,id
Дикая рыбалка HD,Xdikaya-rybalka-hd,Познавательные,iptv-online-primary,Xdikaya-rybalka-hd,id
Continent E,Xcontinent-e,Познавательные,iptv-online-primary,Xcontinent-e,id
Трофей HD,Xtrofey,Познавательные,iptv-online-primary,Xtrofey,id
Загородная Жизнь,Xzagorodnaya-zhizn,Познавательные,iptv-online-primary,Xzagorodnaya-zhizn,id
Загородный,Xzagorodny,Познавательные,iptv-online-primary,Xzagorodny,id
Усадьба,Xusadba,Познавательные,iptv-online-primary,Xusadba,id
6 соток,X6sotok,Познавательные,iptv-online-primary,X6sotok,id
Дача HD,Xdacha,Познавательные,iptv-online-primary,Xdacha,id
Дикий,Xdikiy,Познавательные,iptv-online-primary,Xdikiy,id
Арсенал HD,Xarsenaltv,Познавательные,iptv-online-primary,Xarsenaltv,id
Мужской,Xmuzhskoy,Познавательные,iptv-online-primary,Xmuzhskoy,id
Наука 2.0,Xnauka-20,Познавательные,iptv-online-primary,Xnauka-20,id
Моя Планета,Xmoya-planeta,Познавательные,iptv-online-primary,Xmoya-planeta,id
Планета HD,Xmoya-planeta,Познавательные,iptv-online-primary,Xmoya-planeta,id
Совершенно секретно,Xsovsek,Познавательные,iptv-online-primary,Xsovsek,id
Кто есть кто,Xkto-est-kto,Познавательные,iptv-online-primary,Xkto-est-kto,id
История,Xistoria,Познавательные,iptv-online-primary,Xistoria,id
365 дней ТВ,X365-dnej,Познавательные,iptv-online-primary,X365-dnej,id
Психология 21,Xpsixologia-21,Познавательные,iptv-online-primary,Xpsixologia-21,id
Вопросы и ответы,Xvoprosy-i-otvety,Познавательные,iptv-online-primary,Xvoprosy-i-otvety,id
360°,X360-podmoskovie,Познавательные,iptv-online-primary,X360-podmoskovie,id
36.6 HD,X36-6-tv,Познавательные,iptv-online-primary,X36-6-tv,id
Оружие,Xoruzhie,Познавательные,iptv-online-primary,Xoruzhie,id
Terra,Xterra-ru,Познавательные,iptv-online-primary,Xterra-ru,id
Terra HD,Xterra-ru,Познавательные,iptv-online-primary,Xterra-ru,id
Домашние Животные,Xdomashnie-zhivotnye,Познавательные,iptv-online-primary,Xdomashnie-zhivotnye,id
Ocean TV,Xocean-tv,Познавательные,iptv-online-primary,Xocean-tv,id
Sea TV HD,Xsea-tv,Познавательные,iptv-online-primary,Xsea-tv,id
Galaxy,Xgalaxy-tv,Познавательные,iptv-online-primary,Xgalaxy-tv,id
Моя стихия,Xmorskoy,Познавательные,iptv-online-primary,Xmorskoy,id
Телепутешествия,Xteleputeshestvia,Познавательные,iptv-online-primary,Xteleputeshestvia,id
В мире животных HD,Xv-mire-zhivotnyx-hd,Познавательные,iptv-online-primary,Xv-mire-zhivotnyx-hd,id
Первый Космический HD,Xeureka-hd,Познавательные,iptv-online-primary,Xeureka-hd,id
Quiz TV,Xquiz-tv,Познавательные,iptv-online-primary,Xquiz-tv,id
Світло HD,Xepoque,Познавательные,iptv-online-primary,Xepoque,id
Наука,Xnauka,Познавательные,iptv-online-primary,Xnauka,id
Терра,Xterra,Познавательные,iptv-online-primary,Xterra,id
Фауна,Xfauna,Познавательные,iptv-online-primary,Xfauna,id
Масон ТВ,Xmason-tv,Познавательные,iptv-online-primary,Xmason-tv,id
UTravel,Xutravel,Познавательные,iptv-online-primary,Xutravel,id
CGTN Русский,Xcctv-ru,Познавательные,iptv-online-primary,Xcctv-ru,id
BOX Docu HD,Xbox-docu,Познавательные,iptv-online-primary,Xbox-docu,id
BOX Travel HD,Xbox-travel,Познавательные,iptv-online-primary,Xbox-travel,id
Curiosity Stream HD,Xcuriosity-stream,Познавательные,iptv-online-primary,Xcuriosity-stream,id
Nautical Channel,Xnautical-channel,Познавательные,iptv-online-primary,Xnautical-channel,id
ЕГЭ ТВ,Xege-tv,Познавательные,iptv-online-primary,Xege-tv,id
Кто Куда,Xmir-uvlecheniy,Познавательные,iptv-online-primary,Xmir-uvlecheniy,id
Драйв,Xdrive,Познавательные,iptv-online-primary,Xdrive,id
Ключ,Xkluch,Познавательные,iptv-online-primary,Xkluch,id
Т24,Xtexno-24,Познавательные,iptv-online-primary,Xtexno-24,id
myZen.tv HD,Xmyzen-tv,Познавательные,iptv-online-primary,Xmyzen-tv,id
RTG TV,Xrtg-tv,Познавательные,iptv-online-primary,Xrtg-tv,id
Зоопарк,Xzoopark,Познавательные,iptv-online-primary,Xzoopark,id
Кто Куда,Xmir-uvlecheniy,Познавательные,iptv-online-primary,Xmir-uvlecheniy,id
Пёс и Ко,Xpes-i-ko,Познавательные,iptv-online-primary,Xpes-i-ko,id
MM Открытия HD,Xminimax-otkritiya,Познавательные,iptv-online-primary,Xminimax-otkritiya,id
Museum 4K,Xmuseum-4k,Познавательные,iptv-online-primary,Xmuseum-4k,id
Глазами туриста 4K,Xglazami-turista-4k,Познавательные,iptv-online-primary,Xglazami-turista-4k,id
Quadro 4K,Xquadro4k,Познавательные,iptv-online-primary,Xquadro4k,id
Gulli,Xgulli-girl,Детские,iptv-online-primary,Xgulli-girl,id
Jim Jam,Xjimjam,Детские,iptv-online-primary,Xjimjam,id
Baby TV,Xbaby-tv,Детские,iptv-online-primary,Xbaby-tv,id
Duck TV,Xducktv,Детские,iptv-online-primary,Xducktv,id
Tiji TV,Xtiji,Детские,iptv-online-primary,Xtiji,id
СТС kids,Xsts-kids-hd,Детские,iptv-online-primary,Xsts-kids-hd,id
СТС Kids HD,Xsts-kids-hd,Детские,iptv-online-primary,Xsts-kids-hd,id
Cartoon Network,Xcartoon-network,Детские,iptv-online-primary,Xcartoon-network,id
Cartoon Classics,Xcartoon-classics,Детские,iptv-online-primary,Xcartoon-classics,id
NIKI Kids,Xniki-kids,Детские,iptv-online-primary,Xniki-kids,id
NIKI Junior,Xniki-junior,Детские,iptv-online-primary,Xniki-junior,id
Детский мир,Xdetsky-mir,Детские,iptv-online-primary,Xdetsky-mir,id
Уникум,Xdetsky,Детские,iptv-online-primary,Xdetsky,id
Лёва HD,Xliova,Детские,iptv-online-primary,Xliova,id
Magic Disney,Xmagic-disney,Детские,iptv-online-primary,Xmagic-disney,id
Пингвин Лоло,Xpingvin-lolo,Детские,iptv-online-primary,Xpingvin-lolo,id
BCU Мультсериал,Xbcu-multserial,Детские,iptv-online-primary,Xbcu-multserial,id
BCU Kids+ HD,Xbcu-kids-plus,Детские,iptv-online-primary,Xbcu-kids-plus,id
BCU Kids 4K,Xbcu-kids-4k,Детские,iptv-online-primary,Xbcu-kids-4k,id
BCU Little HD,Xbcu-little,Детские,iptv-online-primary,Xbcu-little,id
KBC-Союзмультзал,X39798,Детские,iptv-online-primary,X39798,id
KBC-Family Animation HD,X38589,Детские,iptv-online-primary,X38589,id
YOSSO TV Kids,Xyosso-kids,Детские,iptv-online-primary,Xyosso-kids,id
Kids TV,Xkidstv,Детские,iptv-online-primary,Xkidstv,id
Умка,Xumka,Детские,iptv-online-primary,Xumka,id
Карусель,Xkarusel,Детские,iptv-online-primary,Xkarusel,id
Мульт,Xmult,Детские,iptv-online-primary,Xmult,id
Мультимания,Xmultimania,Детские,iptv-online-primary,Xmultimania,id
СуперГерои,Xmalysh,Детские,iptv-online-primary,Xmalysh,id
В гостях у сказки,Xv-gostiax-u-skazki,Детские,iptv-online-primary,Xv-gostiax-u-skazki,id
Пиксель HD,Xpixel,Детские,iptv-online-primary,Xpixel,id
Пиксель,Xpixel,Детские,iptv-online-primary,Xpixel,id
Плюс Плюс,Xplusplus,Детские,iptv-online-primary,Xplusplus,id
Da Vinci Learning,Xda-vinci,Детские,iptv-online-primary,Xda-vinci,id
Ani,Xani,Детские,iptv-online-primary,Xani,id
Cine+ Kids,Xcine-plus-kids,Детские,iptv-online-primary,Xcine-plus-kids,id
Капитан Фантастика,Xginger-hd,Детские,iptv-online-primary,Xginger-hd,id
2x2,X2na2,Детские,iptv-online-primary,X2na2,id
KinoKazka,Xkinokazka,Детские,iptv-online-primary,Xkinokazka,id
Мама,Xmama,Детские,iptv-online-primary,Xmama,id
Чижик,Xchizhik,Детские,iptv-online-primary,Xchizhik,id
Радость моя,Xradost-moya,Детские,iptv-online-primary,Xradost-moya,id
Детское кино HD,Xdetskoe-kino,Детские,iptv-online-primary,Xdetskoe-kino,id
О!,Xo_,Детские,iptv-online-primary,Xo_,id
ТипТоп HD,Xtiptop,Детские,iptv-online-primary,Xtiptop,id
Cartoons 90,Xcartoons-90,Детские,iptv-online-primary,Xcartoons-90,id
Cartoons Short,Xcartoons-short,Детские,iptv-online-primary,Xcartoons-short,id
Cartoons Big,Xcartoons-big,Детские,iptv-online-primary,Xcartoons-big,id
FAN HD,Xfanhd,Детские,iptv-online-primary,Xfanhd,id
BOX Anime HD,Xbox-anime,Детские,iptv-online-primary,Xbox-anime,id
BOX M.Serial HD,Xbox-m-serial,Детские,iptv-online-primary,Xbox-m-serial,id
MM USSR Сказки HD,Xminimax-ussr-skazki,Детские,iptv-online-primary,Xminimax-ussr-skazki,id
MM Walt Disney HD,Xminimax-walt-disney,Детские,iptv-online-primary,Xminimax-walt-disney,id
CineMan KIDS 4K,Xcineman-kids4k,Детские,iptv-online-primary,Xcineman-kids4k,id
KLI Looney Tunes,99935,Детские,iptv-online-primary,X99935,name
KLI Tom and Jerry,99934,Детские,iptv-online-primary,X99934,name
KLI Альф,99937,Детские,iptv-online-primary,X99937,name
KLI Винни Пух и его друзья,99931,Детские,iptv-online-primary,X99931,name
KLI Простоквашино,99932,Детские,iptv-online-primary,X99932,name
KLI Лунтик,99930,Детские,iptv-online-primary,X99930,name
KLI Утиные Истории,99929,Детские,iptv-online-primary,X99929,name
KLI Черепашки-Ниндзя,99933,Детские,iptv-online-primary,X99933,name
KLI Черный Плащ,99927,Детские,iptv-online-primary,X99927,name
KLI Чип и Дейл,99928,Детские,iptv-online-primary,X99928,name
KLI Kids FHD,99914,Детские,iptv-online-primary,X99914,name
КВН ТВ,Xkvn-tv,Разное,iptv-online-primary,Xkvn-tv,id
ТВОЁ ТВ HD - ЮМОР,Xtvoetv-humor,Разное,iptv-online-primary,Xtvoetv-humor,id
ТВОЁ ТВ HD,Xtvoyo-tv-hd,Разное,iptv-online-primary,Xtvoyo-tv-hd,id
Luxury HD,Xluxury-hd,Разное,iptv-online-primary,Xluxury-hd,id
Зал суда,Xzal-suda,Разное,iptv-online-primary,Xzal-suda,id
НТВ Право,Xntv-pravo,Разное,iptv-online-primary,Xntv-pravo,id
Бобер,Xbobior,Разное,iptv-online-primary,Xbobior,id
Закон,Xzakon-tv,Разное,iptv-online-primary,Xzakon-tv,id
8 канал,X8kanal-eu,Разное,iptv-online-primary,X8kanal-eu,id
Fashion TV HD,Xfashion-tv,Разное,iptv-online-primary,Xfashion-tv,id
FashionBox,Xfashionbox-hd,Разное,iptv-online-primary,Xfashionbox-hd,id
Доктор,Xdoktor,Разное,iptv-online-primary,Xdoktor,id
Здоровое ТВ,Xzdorovoe-tv,Разное,iptv-online-primary,Xzdorovoe-tv,id
Театр,Xteatr,Разное,iptv-online-primary,Xteatr,id
Кухня ТВ,Xkuxnia-tv,Разное,iptv-online-primary,Xkuxnia-tv,id
FoodTime,Xeda-hd,Разное,iptv-online-primary,Xeda-hd,id
Первый вегетарианский,Xpervy-vegetariansky,Разное,iptv-online-primary,Xpervy-vegetariansky,id
Союз,Xsoyuz,Разное,iptv-online-primary,Xsoyuz,id
Ретро,Xretro-tv,Разное,iptv-online-primary,Xretro-tv,id
ТБН,Xtbn-ru,Разное,iptv-online-primary,Xtbn-ru,id
Успех,Xuspex,Разное,iptv-online-primary,Xuspex,id
Ностальгия,Xnostalgia,Разное,iptv-online-primary,Xnostalgia,id
Живи!,Xzhivi,Разное,iptv-online-primary,Xzhivi,id
Сарафан,Xsarafan,Разное,iptv-online-primary,Xsarafan,id
Телеканал СПАС,Xspas,Разное,iptv-online-primary,Xspas,id
EWTN Украина,Xewtn-ua,Разное,iptv-online-primary,Xewtn-ua,id
English Club TV,Xenglish-club-tv,Разное,iptv-online-primary,Xenglish-club-tv,id
CNN,Xcnn,Новости,iptv-online-primary,Xcnn,id
CNBC,Xcnbc-europe,Новости,iptv-online-primary,Xcnbc-europe,id
Euronews EN,Xeuronews-en,Новости,iptv-online-primary,Xeuronews-en,id
Bloomberg,Xbloomberg,Новости,iptv-online-primary,Xbloomberg,id
RT Doc,Xrtd-ru,Новости,iptv-online-primary,Xrtd-ru,id
Мир 24,Xmir-24,Новости,iptv-online-primary,Xmir-24,id
France 24,Xfrance-24,Новости,iptv-online-primary,Xfrance-24,id
Дождь,Xdozhd,Новости,iptv-online-primary,Xdozhd,id
4ever Music HD,X4ever-music,Музыкальные,iptv-online-primary,X4ever-music,id
Жара HD,Xzhara,Музыкальные,iptv-online-primary,Xzhara,id
Жара,Xzhara,Музыкальные,iptv-online-primary,Xzhara,id
МУЗ,Xmuztv,Музыкальные,iptv-online-primary,Xmuztv,id
Fon Music,Xtnt-music,Музыкальные,iptv-online-primary,Xtnt-music,id
Европа Плюс ТВ,Xeuropa-plus-tv,Музыкальные,iptv-online-primary,Xeuropa-plus-tv,id
Megogo Live HD,Xmegogo-live,Музыкальные,iptv-online-primary,Xmegogo-live,id
Bridge TV hits,Xbridge-tv-dance,Музыкальные,iptv-online-primary,Xbridge-tv-dance,id
Bridge TV Rock,Xbridge-tv-rock,Музыкальные,iptv-online-primary,Xbridge-tv-rock,id
Bridge TV Classic,Xbridge-tv-classic,Музыкальные,iptv-online-primary,Xbridge-tv-classic,id
Bridge TV Deluxe,Xbridge-hd,Музыкальные,iptv-online-primary,Xbridge-hd,id
Bridge TV,Xbridge-tv,Музыкальные,iptv-online-primary,Xbridge-tv,id
Bridge TV Шлягер,Xbridge-tv-shlager,Музыкальные,iptv-online-primary,Xbridge-tv-shlager,id
360 Tune Box HD,X360-tunebox,Музыкальные,iptv-online-primary,X360-tunebox,id
InRating TV HD,Xinrating,Музыкальные,iptv-online-primary,Xinrating,id
Muzvar HD,Xmuzwar,Музыкальные,iptv-online-primary,Xmuzwar,id
Trace Urban HD,Xtrace-urban,Музыкальные,iptv-online-primary,Xtrace-urban,id
Trace Latina,Xtrace-latina-fr,Музыкальные,iptv-online-primary,Xtrace-latina-fr,id
Mezzo,Xmezzo,Музыкальные,iptv-online-primary,Xmezzo,id
Mezzo Live HD,Xmezzo-live-hd,Музыкальные,iptv-online-primary,Xmezzo-live-hd,id
Шансон ТВ,Xshanson-tv,Музыкальные,iptv-online-primary,Xshanson-tv,id
Мультимузыка,Xmultimuzyka,Музыкальные,iptv-online-primary,Xmultimuzyka,id
RU.TV,Xru-tv,Музыкальные,iptv-online-primary,Xru-tv,id
Музыка,Xmuzyka-pervogo,Музыкальные,iptv-online-primary,Xmuzyka-pervogo,id
Music Box,Xmusicbox,Музыкальные,iptv-online-primary,Xmusicbox,id
M1 HD,Xm1-ua,Музыкальные,iptv-online-primary,Xm1-ua,id
M2 HD,Xm2-ua,Музыкальные,iptv-online-primary,Xm2-ua,id
О2ТВ,Xo2tv,Музыкальные,iptv-online-primary,Xo2tv,id
Ля-минор,Xla-minor,Музыкальные,iptv-online-primary,Xla-minor,id
Bridge TV русский хит,Xbridge-tv-ruxit,Музыкальные,iptv-online-primary,Xbridge-tv-ruxit,id
MCM Top,Xmcm-top,Музыкальные,iptv-online-primary,Xmcm-top,id
Black,,Музыкальные,iptv-online-primary,Xsony-turbo,name
Страна FM,Xradio-strana-fm-tv,Музыкальные,iptv-online-primary,Xradio-strana-fm-tv,id
Stars.TV,Xstars-tv,Музыкальные,iptv-online-primary,Xstars-tv,id
Матур ТВ,Xmatur-tv,Музыкальные,iptv-online-primary,Xmatur-tv,id
Первый Музыкальный BY,Xonemuz,Музыкальные,iptv-online-primary,Xonemuz,id
4Fun Kids,X4fun-gold,Музыкальные,iptv-online-primary,X4fun-gold,id
4Fun Dance,X4fun-dance,Музыкальные,iptv-online-primary,X4fun-dance,id
4fun.TV,X4fun,Музыкальные,iptv-online-primary,X4fun,id
Kino Polska Muzyka PL,Xkinopolskamuz-int,Музыкальные,iptv-online-primary,Xkinopolskamuz-int,id
Eska TV HD,Xeskatv,Музыкальные,iptv-online-primary,Xeskatv,id
Eska Rock TV HD,Xeskatv-rock,Музыкальные,iptv-online-primary,Xeskatv-rock,id
KBC-НАШ ROCK,X39824,Музыкальные,iptv-online-primary,X39824,id
YOSSO TV Music Hits,Xyosso-musichits,Музыкальные,iptv-online-primary,Xyosso-musichits,id
BOX Music 4K,Xbox-music-4k,Музыкальные,iptv-online-primary,Xbox-music-4k,id
Беларусь 1,Xbelarus1,Беларусь,iptv-online-primary,Xbelarus1,id
Беларусь 2,Xbelarus2,Беларусь,iptv-online-primary,Xbelarus2,id
Беларусь 3,Xbelarus3,Беларусь,iptv-online-primary,Xbelarus3,id
Беларусь 5,Xbelarus5,Беларусь,iptv-online-primary,Xbelarus5,id
БелРос HD,Xtro,Беларусь,iptv-online-primary,Xtro,id
Беларусь 24,Xbelarus24,Беларусь,iptv-online-primary,Xbelarus24,id
РТР HD,Xrtr-belarus,Беларусь,iptv-online-primary,Xrtr-belarus,id
СТВ,Xstv-by,Беларусь,iptv-online-primary,Xstv-by,id
ОНТ,Xont-by,Беларусь,iptv-online-primary,Xont-by,id
Спорт ТВ [BY],Xsport-tv-by,Беларусь,iptv-online-primary,Xsport-tv-by,id
8 канал Беларусь,X8kanal-by,Беларусь,iptv-online-primary,X8kanal-by,id
НТВ Беларусь,Xntv-belarus,Беларусь,iptv-online-primary,Xntv-belarus,id
Мир Беларусь HD,Xmir,Беларусь,iptv-online-primary,Xmir,id
ТВ3 Беларусь,Xtv3-by,Беларусь,iptv-online-primary,Xtv3-by,id
Звязда,Xzvyazda-by,Беларусь,iptv-online-primary,Xzvyazda-by,id
СкиФ Витебск,Xskif-vitebsk,Беларусь,iptv-online-primary,Xskif-vitebsk,id
Яснае ТВ HD,Xminsk-tv,Беларусь,iptv-online-primary,Xminsk-tv,id
Витебск,Xvitebsk,Беларусь,iptv-online-primary,Xvitebsk,id
Первый Информационный HD,Xpervy-info-by,Беларусь,iptv-online-primary,Xpervy-info-by,id
RU.TV,Xru-tv-by,Беларусь,iptv-online-primary,Xru-tv-by,id
TV1 HD,Xtv1-lt,Литва,iptv-online-primary,Xtv1-lt,id
2TV HD,Xliuks,Литва,iptv-online-primary,Xliuks,id
TV3 HD,Xtv3-lt,Литва,iptv-online-primary,Xtv3-lt,id
TV6 HD,Xtv6-lt,Литва,iptv-online-primary,Xtv6-lt,id
TV8 HD,Xtv8-lt,Литва,iptv-online-primary,Xtv8-lt,id
LTV1,Xltv1,Литва,iptv-online-primary,Xltv1,id
LTV7,Xltv7,Литва,iptv-online-primary,Xltv7,id
BTV HD,Xbtv,Литва,iptv-online-primary,Xbtv,id
LNK HD,Xlnk,Литва,iptv-online-primary,Xlnk,id
LRT HD,Xlrt-tv,Литва,iptv-online-primary,Xlrt-tv,id
Lietuvos ryto TV HD,Xlietuvos-ryto-televizija,Литва,iptv-online-primary,Xlietuvos-ryto-televizija,id
TV3 Plus,Xtv3-plus-lt,Литва,iptv-online-primary,Xtv3-plus-lt,id
LRT Plius HD,Xlrt-kultura,Литва,iptv-online-primary,Xlrt-kultura,id
Balticum TV HD,Xbalticum-tv,Литва,iptv-online-primary,Xbalticum-tv,id
Balticum Platinum HD,Xbalticum-platinum,Литва,iptv-online-primary,Xbalticum-platinum,id
Balticum Auksinis HD,Xbalticum-auksinis,Литва,iptv-online-primary,Xbalticum-auksinis,id
Info TV HD,Xinfo-tv,Литва,iptv-online-primary,Xinfo-tv,id
Delfi TV HD,Xdelfi-tv,Литва,iptv-online-primary,Xdelfi-tv,id
Viasat Kino World HD,Xtv1000-premium,Литва,iptv-online-primary,Xtv1000-premium,id
Filmzone Plus HD,Xfilmzone-lt,Литва,iptv-online-primary,Xfilmzone-lt,id
Filmzone HD,Xfilmzone-lt,Литва,iptv-online-primary,Xfilmzone-lt,id
Epic Drama,Xepik-drama,Литва,iptv-online-primary,Xepik-drama,id
Go3 Films HD,Xtv1000-cee,Литва,iptv-online-primary,Xtv1000-cee,id
Kidzone Max HD,Xkidzone,Литва,iptv-online-primary,Xkidzone,id
Kidzone Mini HD,Xkidzone,Литва,iptv-online-primary,Xkidzone,id
Sport 1 HD,Xsport1-lt,Литва,iptv-online-primary,Xsport1-lt,id
Go3 Sport 1 HD,Xtvplay-sports,Литва,iptv-online-primary,Xtvplay-sports,id
Go3 Sport 2 HD,Xtvplay-sports-plus,Литва,iptv-online-primary,Xtvplay-sports-plus,id
Go3 Sport 3 HD,Xtv3-sport-3,Литва,iptv-online-primary,Xtv3-sport-3,id
Go3 Sport Open HD,Xtv3-sport-open,Литва,iptv-online-primary,Xtv3-sport-open,id
Movify Kino,Xmovify-kino,Литва,iptv-online-primary,Xmovify-kino,id
Re TV,ReTV.lv@SD,Литва,iptv-online-primary,Xre-tv,name
Sea TV,Xsea-tv,Литва,iptv-online-primary,Xsea-tv,id
TV3 Life,Xlnt,Литва,iptv-online-primary,Xlnt,id
TV3 HD,Xtv3-lv,Латвия,iptv-online-primary,Xtv3-lv,id
TV6,Xtv6-lv,Латвия,iptv-online-primary,Xtv6-lv,id
TV6 HD,Xtv6-lv,Латвия,iptv-online-primary,Xtv6-lv,id
LTV1 HD,Xltv1,Латвия,iptv-online-primary,Xltv1,id
LTV7 HD,Xltv7,Латвия,iptv-online-primary,Xltv7,id
TV3 Plus HD,X3-plus-latvia,Латвия,iptv-online-primary,X3-plus-latvia,id
TV3 Life HD,Xlnt,Латвия,iptv-online-primary,Xlnt,id
Go3 Films HD,Xtv1000-premium,Латвия,iptv-online-primary,Xtv1000-premium,id
STV Pirma!,Xstv-pirma!,Латвия,iptv-online-primary,Xstv-pirma!,id
360 TV HD,X360-lv,Латвия,iptv-online-primary,X360-lv,id
Kidzone Mini HD,Xkidzone,Латвия,iptv-online-primary,Xkidzone,id
Nick Jr HD,Xnick-jr-baltic,Латвия,iptv-online-primary,XNick.Jr.ro,name
Re:TV HD,Xre-tv,Латвия,iptv-online-primary,Xre-tv,id
LRT Klasika,Xlrt-klasika-lt,Латвия,iptv-online-primary,Xlrt-klasika-lt,id
LRT Lituanica,Xlrt-lituanica,Латвия,iptv-online-primary,Xlrt-lituanica,id
LRT Opus,Xlrt-opus-lt,Латвия,iptv-online-primary,Xlrt-opus-lt,id
LRT Radijas,Xlrt-radijas-lt,Латвия,iptv-online-primary,Xlrt-radijas-lt,id
BTV,Xbtv,Латвия,iptv-online-primary,Xbtv,id
ETV,Xetv-ee,Эстония,iptv-online-primary,Xetv-ee,id
ETV 2,Xetv2-ee,Эстония,iptv-online-primary,Xetv2-ee,id
ETV+ HD,Xetv-plus-ee,Эстония,iptv-online-primary,Xetv-plus-ee,id
Kanal 2,Xkanal-2-ee,Эстония,iptv-online-primary,Xkanal-2-ee,id
TV3,Xtv3-ee,Эстония,iptv-online-primary,Xtv3-ee,id
TV6,Xtv6-ee,Эстония,iptv-online-primary,Xtv6-ee,id
Duo 3,Xsony-channel-ee,Эстония,iptv-online-primary,Xsony-channel-ee,id
RTL HD DE,Xrtl,Германия,iptv-online-primary,Xrtl,id
RTL UHD,Xrtl,Германия,iptv-online-primary,Xrtl,id
RTL UP HD,X76722,Германия,iptv-online-primary,X76722,id
RTL Live HD DE,X76673,Германия,iptv-online-primary,X76673,id
RTL Crime HD DE,X76700,Германия,iptv-online-primary,X76700,id
RTL Passion HD,X76804,Германия,iptv-online-primary,X76804,id
Sky Sport Bundesliga HD,Xsky-sport-bl1,Германия,iptv-online-primary,Xsky-sport-bl1,id
Sat.1 HD DE,Xsat1,Германия,iptv-online-primary,Xsat1,id
SAT.1 Gold HD,X76716,Германия,iptv-online-primary,X76716,id
Sky Sport Austria HD DE,Xsky-sport-aus,Германия,iptv-online-primary,Xsky-sport-aus,id
Sky Sports F1 HD,Xsky-sports-f1,Германия,iptv-online-primary,Xsky-sports-f1,id
Sky Sport Top Event HD,X10675,Германия,iptv-online-primary,X10675,id
Sky Sport Golf HD,Xsky-sports-golf,Германия,iptv-online-primary,Xsky-sports-golf,id
Sky Sport 1 HD DE,Xsky-sport-hd1,Германия,iptv-online-primary,Xsky-sport-hd1,id
Sky Sport Mix,X10785,Германия,iptv-online-primary,X10785,id
Sky Sport Tennis HD,X10634,Германия,iptv-online-primary,X10634,id
ORF SPORT+,X76756,Германия,iptv-online-primary,X76756,id
Sport 1 HD,X401577,Германия,iptv-online-primary,X401577,id
ESports 1,XeSports1.de,Германия,iptv-online-primary,XeSports1.de,id
Sport 1+,XSPORT1+.de,Германия,iptv-online-primary,XSPORT1+.de,id
Eurosport 1 HD,X76619,Германия,iptv-online-primary,X76619,id
SAT.1 emotions HD,Xtnt-serie-de,Германия,iptv-online-primary,Xtnt-serie-de,id
Sky Crime,X10908,Германия,iptv-online-primary,X10908,id
Sky One HD,X401732,Германия,iptv-online-primary,X401732,id
Sky Showcase HD,X10918,Германия,iptv-online-primary,X10918,id
Sky Nature,X10640,Германия,iptv-online-primary,X10640,id
Sky Documentaries,X10620,Германия,iptv-online-primary,X10620,id
Sky Krimi HD,X76663,Германия,iptv-online-primary,X76663,id
Sky Cinema Premieren HD,Xsky-cinema-premieren,Германия,iptv-online-primary,Xsky-cinema-premieren,id
Sky Cinema Family HD,Xsky-cinema-family,Германия,iptv-online-primary,Xsky-cinema-family,id
Sky Cinema Action HD,Xsky-cinema-action,Германия,iptv-online-primary,Xsky-cinema-action,id
Sky Cinema Highlights,X321554,Германия,iptv-online-primary,X321554,id
Sky Atlantic HD DE,Xsky-atlantic,Германия,iptv-online-primary,Xsky-atlantic,id
Comedy Central HD DE,X76742,Германия,iptv-online-primary,X76742,id
Universal TV HD DE,X76662,Германия,iptv-online-primary,X76662,id
NOW HD,X76694,Германия,iptv-online-primary,X76694,id
VOX HD DE,Xvox,Германия,iptv-online-primary,Xvox,id
Warner TV Serie HD,X76806,Германия,iptv-online-primary,X76806,id
Warner TV Comedy HD,X76679,Германия,iptv-online-primary,X76679,id
Warner TV Film HD,X76645,Германия,iptv-online-primary,X76645,id
One HD,X76738,Германия,iptv-online-primary,X76738,id
Phoenix HD,X76649,Германия,iptv-online-primary,X76649,id
Geo Television HD,X76800,Германия,iptv-online-primary,X76800,id
Discovery HD DE,X76686,Германия,iptv-online-primary,X76686,id
Kabel Eins Doku HD,X76715,Германия,iptv-online-primary,X76715,id
TLC HD,X76699,Германия,iptv-online-primary,X76699,id
Toggo HD,X76767,Германия,iptv-online-primary,X76767,id
Toggo Plus HD,X76789,Германия,iptv-online-primary,X76789,id
Cartoonito,X197540,Германия,iptv-online-primary,XCartoonito.ro,name
Cartoon Network DE,X76763,Германия,iptv-online-primary,X76763,id
Disney HD DE,X76786,Германия,iptv-online-primary,X76786,id
Jukebox,X76615,Германия,iptv-online-primary,X76615,id
Das Erste HD,X76674,Германия,iptv-online-primary,X76674,id
arte HD DE,Xarte-hd,Германия,iptv-online-primary,Xarte-hd,id
ZDFinfo HD,X76718,Германия,iptv-online-primary,X76718,id
ZDFneo HD,X76739,Германия,iptv-online-primary,X76739,id
ZDF HD DE,Xzdf,Германия,iptv-online-primary,Xzdf,id
SIXX HD DE,X76614,Германия,iptv-online-primary,X76614,id
Kabel Eins HD,Xkabel-1,Германия,iptv-online-primary,Xkabel-1,id
Kabel Eins classic HD,X76725,Германия,iptv-online-primary,X76725,id
ProSieben HD DE,Xprosieben,Германия,iptv-online-primary,Xprosieben,id
ProSieben Maxx HD DE,Xprosieben-maxx,Германия,iptv-online-primary,Xprosieben-maxx,id
NITRO HD,X76787,Германия,iptv-online-primary,X76787,id
Romance TV DE,X76624,Германия,iptv-online-primary,X76624,id
3 Sat HD DE,X76682,Германия,iptv-online-primary,X76682,id
NDR HD DE,X76748,Германия,iptv-online-primary,X76748,id
SWR Fernsehen RP HD,X76693,Германия,iptv-online-primary,X76693,id
HR HD DE,X76648,Германия,iptv-online-primary,X76648,id
Bibel TV HD,X76794,Германия,iptv-online-primary,X76794,id
Anixe HD DE,X76745,Германия,iptv-online-primary,X76745,id
Motorvision TV DE,X76630,Германия,iptv-online-primary,X76630,id
ORF 2 HD,X76616,Германия,iptv-online-primary,X76616,id
ORF 3 HD,X76734,Германия,iptv-online-primary,X76734,id
ATV DE,X76810,Германия,iptv-online-primary,X76810,id
ATV 2 DE,X76638,Германия,iptv-online-primary,X76638,id
KIKA HD DE,X76680,Германия,iptv-online-primary,X76680,id
Crime + Investigation,X76667,Германия,iptv-online-primary,X76667,id
QVC HD,X76697,Германия,iptv-online-primary,X76697,id
QVC ZWEI HD,X76618,Германия,iptv-online-primary,X76618,id
DF1 HD,X182674,Германия,iptv-online-primary,X182674,id
RiC NEU,X76731,Германия,iptv-online-primary,X76731,id
oe24.TV HD,X100304,Германия,iptv-online-primary,X100304,id
Heimatkanal,X76675,Германия,iptv-online-primary,X76675,id
1-2-3.tv HD,X123.tv.de,Германия,iptv-online-primary,X123.tv.de,id
HSE Extra HD,X76737,Германия,iptv-online-primary,X76737,id
Channel 9 HD,Xערוץ.9.שידור.חי.il,Израиль,iptv-online-primary,Xערוץ.9.שידור.חי.il,id
Keshet 12 HD,X991603,Израиль,iptv-online-primary,X991603,id
Reshet 13 HD,X991604,Израиль,iptv-online-primary,X991604,id
now 14 HD,X991622,Израиль,iptv-online-primary,X991622,id
Channel 24,X991612,Израиль,iptv-online-primary,X991612,id
Kan 11 HD,X991576,Израиль,iptv-online-primary,X991576,id
Hot Cinema 1 HD,X991584,Израиль,iptv-online-primary,X991584,id
Hot Cinema 2 HD,X991585,Израиль,iptv-online-primary,X991585,id
Hot Cinema 3 HD,X991586,Израиль,iptv-online-primary,X991586,id
Hot Cinema 4 HD,X991587,Израиль,iptv-online-primary,X991587,id
Hot 3 HD,X991599,Израиль,iptv-online-primary,X991599,id
Hot 8 HD,Xערוץ.8.שידור.חי.il,Израиль,iptv-online-primary,Xערוץ.8.שידור.חי.il,id
BollyWood HD,XBollywood.Series.il,Израиль,iptv-online-primary,Xbollywood-hd,name
HOT Zone HD,X991583,Израиль,iptv-online-primary,X991583,id
Yam Tiсhoni HD,X991600,Израиль,iptv-online-primary,X991600,id
Disney Junior,XDisneyJunior.il,Израиль,iptv-online-primary,XDisney.Junior.ro,name
Baby TV,,Израиль,iptv-online-primary,Xbaby-tv,name
Nick Jr,XNickJr.il,Израиль,iptv-online-primary,XNick.Jr.ro,name
Hop!,X991589,Израиль,iptv-online-primary,X991589,id
Travel Channel,XTravelChannel.il,Израиль,iptv-online-primary,Xtravel-channel,name
One HD,X991623,Израиль,iptv-online-primary,X991623,id
One 2 HD,X991784,Израиль,iptv-online-primary,X991784,id
Sport 1 HD,X991787,Израиль,iptv-online-primary,X991787,id
Sport 2 HD,X991796,Израиль,iptv-online-primary,X991796,id
Sport 3 HD,X991788,Израиль,iptv-online-primary,X991788,id
Sport 4 HD,X991783,Израиль,iptv-online-primary,X991783,id
Sport 5 HD,X991606,Израиль,iptv-online-primary,X991606,id
Sport 5 Stars HD,X991790,Израиль,iptv-online-primary,X991790,id
Sport 5 Plus HD,X991605,Израиль,iptv-online-primary,X991605,id
Sport 5 Live HD,X991593,Израиль,iptv-online-primary,X991593,id
Zoom,XZoom.il,Израиль,iptv-online-primary,Xzoom-ua,name
Home+,X991573,Израиль,iptv-online-primary,X991573,id
Polsat HD,Xpolsat,Польша,iptv-online-primary,Xpolsat,id
Polsat 2,Xpolsat2,Польша,iptv-online-primary,Xpolsat2,id
TVN HD,Xtvn-pl,Польша,iptv-online-primary,Xtvn-pl,id
TVP Polonia,Xtvp-polonia,Польша,iptv-online-primary,Xtvp-polonia,id
TVN Siedem HD,XTVN.7.HD.pl,Польша,iptv-online-primary,XTVN.7.HD.pl,id
TVP 1 HD,Xtvp1,Польша,iptv-online-primary,Xtvp1,id
TVP 2 HD,Xtvp2,Польша,iptv-online-primary,Xtvp2,id
TVP 3 HD,Xtvp3,Польша,iptv-online-primary,Xtvp3,id
TVP Kultura,Xtvp-kultura,Польша,iptv-online-primary,Xtvp-kultura,id
TVP Rozrywka,XTVP.Rozrywka.pl,Польша,iptv-online-primary,XTVP.Rozrywka.pl,id
TV4 HD PL,Xtv4-pl,Польша,iptv-online-primary,Xtv4-pl,id
TV6 HD PL,Xtv6-pl,Польша,iptv-online-primary,Xtv6-pl,id
BBC Lifestyle HD,XBBC.Lifestyle.HD.pl,Польша,iptv-online-primary,XBBC.Lifestyle.HD.pl,id
BBC Brit HD,XBBC.Brit.HD.pl,Польша,iptv-online-primary,XBBC.Brit.HD.pl,id
13 Ulica HD,X13ulica-pl,Польша,iptv-online-primary,X13ulica-pl,id
TVN 24 HD,Xtvn24-pl,Польша,iptv-online-primary,Xtvn24-pl,id
TVP INFO HD,Xtvp-info,Польша,iptv-online-primary,Xtvp-info,id
Polsat News,Xpolsat-news,Польша,iptv-online-primary,Xpolsat-news,id
Polsat News 2,Xpolsat-news-2,Польша,iptv-online-primary,Xpolsat-news-2,id
Polsat Film HD PL,Xpolsat-film,Польша,iptv-online-primary,Xpolsat-film,id
TVP Seriale HD,Xtvp-seriale,Польша,iptv-online-primary,Xtvp-seriale,id
Ale Kino+ HD,Xale-kino-plus,Польша,iptv-online-primary,Xale-kino-plus,id
AMC HD PL,XAMC.HD.pl,Польша,iptv-online-primary,XAMC.HD.pl,id
Epic Drama HD,XEpic.Drama.HD.pl,Польша,iptv-online-primary,XEpic.Drama.HD.pl,id
Polsat Play HD PL,Xpolsat-play,Польша,iptv-online-primary,Xpolsat-play,id
Polsat Cafe HD PL,Xpolsat-cafe,Польша,iptv-online-primary,Xpolsat-cafe,id
E! Entertainment,XE!.Entertainment.HD.pl,Польша,iptv-online-primary,XE!.Entertainment.HD.pl,id
TeleToon+ HD,Xteletoon-pl,Польша,iptv-online-primary,Xteletoon-pl,id
Romance TV HD,XRomance.TV.HD.pl,Польша,iptv-online-primary,XRomance.TV.HD.pl,id
Warner TV,Xwarner-pl,Польша,iptv-online-primary,Xwarner-pl,id
Kino TV HD,Xkino-tv-pl,Польша,iptv-online-primary,Xkino-tv-pl,id
Cinemax HD,Xcinemax,Польша,iptv-online-primary,Xcinemax,id
Cinemax 2 HD,Xcinemax2,Польша,iptv-online-primary,Xcinemax2,id
CANAL+ Film HD,Xcanal-pl-film,Польша,iptv-online-primary,Xcanal-pl-film,id
CANAL+ Family HD,Xcanal-pl-family,Польша,iptv-online-primary,Xcanal-pl-family,id
CANAL+ Seriale HD,Xcanal-pl-seriale,Польша,iptv-online-primary,Xcanal-pl-seriale,id
CANAL+ Premium HD,Xcanal-pl-premium,Польша,iptv-online-primary,Xcanal-pl-premium,id
FilmBox Action HD PL,Xfilmbox-action-pl,Польша,iptv-online-primary,Xfilmbox-action-pl,id
FilmBox Family HD PL,Xfilmbox-family-pl,Польша,iptv-online-primary,Xfilmbox-family-pl,id
FilmBox Premium HD PL,Xfilmbox-premium-pl,Польша,iptv-online-primary,Xfilmbox-premium-pl,id
FilmBox Extra HD PL,Xfilmbox-extra-pl,Польша,iptv-online-primary,Xfilmbox-extra-pl,id
HBO HD,Xhbo-hd,Польша,iptv-online-primary,Xhbo-hd,id
HBO2 HD,Xhbo2-hd,Польша,iptv-online-primary,Xhbo2-hd,id
HBO3 HD,Xhbo3-hd,Польша,iptv-online-primary,Xhbo3-hd,id
WP HD,XWP.pl,Польша,iptv-online-primary,XWP.pl,id
SciFi HD,XSCI.FI.HD.pl,Польша,iptv-online-primary,XSCI.FI.HD.pl,id
Planete+ HD PL,Xplanete-pl,Польша,iptv-online-primary,Xplanete-pl,id
Polsat Viasat Nature HD,Xpolsat-viasat-nature,Польша,iptv-online-primary,Xpolsat-viasat-nature,id
Discovery Channel HD PL,Xdiscovery-channel-pl,Польша,iptv-online-primary,Xdiscovery-channel-pl,id
Discovery Life HD PL,Xdiscovery-life-pl,Польша,iptv-online-primary,Xdiscovery-life-pl,id
Discovery History HD PL,Xdiscovery-historia-pl,Польша,iptv-online-primary,Xdiscovery-historia-pl,id
ID Investigation Discovery PL,XID.HD.pl,Польша,iptv-online-primary,XID.HD.pl,id
History 2 HD,Xh2-pl,Польша,iptv-online-primary,Xh2-pl,id
History HD,Xhistory-pl,Польша,iptv-online-primary,Xhistory-pl,id
TVP Historia HD,Xtvp-historia,Польша,iptv-online-primary,Xtvp-historia,id
Travel Channel HD,Xtravel-channel-pl,Польша,iptv-online-primary,Xtravel-channel-pl,id
CANAL+ Kuchnia HD,Xcanal-pl-kuchnia,Польша,iptv-online-primary,Xcanal-pl-kuchnia,id
Sport Klub PL,Xsportklub-pl,Польша,iptv-online-primary,Xsportklub-pl,id
TVP Sport HD,Xtvp-sport,Польша,iptv-online-primary,Xtvp-sport,id
Eleven Sports 1 4K,Xeleven-sports-1,Польша,iptv-online-primary,Xeleven-sports-1,id
Eleven Sports 1 HD,Xeleven-sports-1,Польша,iptv-online-primary,Xeleven-sports-1,id
Eleven Sports 2 HD,Xeleven-sports-2,Польша,iptv-online-primary,Xeleven-sports-2,id
Eleven Sports 3 HD,Xeleven-sports-3,Польша,iptv-online-primary,Xeleven-sports-3,id
CANAL+ Sport 1 HD PL,Xcanal-pl-sport-1,Польша,iptv-online-primary,Xcanal-pl-sport-1,id
CANAL+ Sport 3 HD PL,Xcanal-pl-sport-3,Польша,iptv-online-primary,Xcanal-pl-sport-3,id
CANAL+ Sport 4 HD PL,Xcanal-pl-sport-4,Польша,iptv-online-primary,Xcanal-pl-sport-4,id
CANAL+ Sport 5 HD PL,Xcanal-pl-sport-5,Польша,iptv-online-primary,Xcanal-pl-sport-5,id
Eurosport 1 HD PL,Xeurosport1-pl,Польша,iptv-online-primary,Xeurosport1-pl,id
Eurosport 2 HD PL,Xeurosport2-pl,Польша,iptv-online-primary,Xeurosport2-pl,id
Golf Channel,XGolf.Channel.HD.pl,Польша,iptv-online-primary,XGolf.Channel.HD.pl,id
FightBox HD,Xfightbox-hd,Польша,iptv-online-primary,Xfightbox-hd,id
Motowizija,Xmotowizja-pl,Польша,iptv-online-primary,Xmotowizja-pl,id
Extreme Sport,Xextreme-sports,Польша,iptv-online-primary,Xextreme-sports,id
Polsat Sport,Xpolsat-sport,Польша,iptv-online-primary,Xpolsat-sport,id
Polsat Sport 2,Xpolsat-sport-extra,Польша,iptv-online-primary,Xpolsat-sport-extra,id
Polsat Sport 3,Xpolsat-sport-extra,Польша,iptv-online-primary,Xpolsat-sport-extra,id
Polsat Sport Premium 1 HD,Xpolsat-sport-pr1,Польша,iptv-online-primary,Xpolsat-sport-pr1,id
Polsat Sport Premium 2 HD,Xpolsat-sport-pr2,Польша,iptv-online-primary,Xpolsat-sport-pr2,id
Polsat Sport Premium 3 HD,Xpolsat-sport-pr3,Польша,iptv-online-primary,Xpolsat-sport-pr3,id
Polsat Sport Premium 4 HD,Xpolsat-sport-pr4,Польша,iptv-online-primary,Xpolsat-sport-pr4,id
Polsat Sport Premium 5 HD,Xpolsat-sport-pr5,Польша,iptv-online-primary,Xpolsat-sport-pr5,id
Polsat Games HD,Xpolsat-games,Польша,iptv-online-primary,Xpolsat-games,id
Polsat Sport Fight,Xpolsat-sport-fight,Польша,iptv-online-primary,Xpolsat-sport-fight,id
Zoom TV,XZOOM.TV.HD.pl,Польша,iptv-online-primary,XZOOM.TV.HD.pl,id
Polo TV,XPolo.TV.HD.pl,Польша,iptv-online-primary,XPolo.TV.HD.pl,id
Sundance HD,Xsundance-pl,Польша,iptv-online-primary,Xsundance-pl,id
Puls 2 HD,XPULS.2.HD.pl,Польша,iptv-online-primary,XPULS.2.HD.pl,id
Polsat Music HD,Xpolsat-music,Польша,iptv-online-primary,Xpolsat-music,id
Paramount Network,Xparamount-network-pl,Польша,iptv-online-primary,Xparamount-network-pl,id
1 TV,X1TV_GE,Грузия,iptv-online-primary,X1TV_GE,id
Imedi TV,Ximedi,Грузия,iptv-online-primary,Ximedi,id
Palitra News,XPalitra_news,Грузия,iptv-online-primary,XPalitra_news,id
GDS TV,XGDS,Грузия,iptv-online-primary,XGDS,id
Adjara TV,XAdjara,Грузия,iptv-online-primary,XAdjara,id
Obiektivi TV,XObiektivi,Грузия,iptv-online-primary,XObiektivi,id
Pirveli,XTVPirveli,Грузия,iptv-online-primary,XTVPirveli,id
Rustavi 2,XRustavi2,Грузия,iptv-online-primary,XRustavi2,id
Qartuli Arkhi,XQartuli_Arkhi,Грузия,iptv-online-primary,XQartuli_Arkhi,id
Comedy Arkhi,XComedyArkhi,Грузия,iptv-online-primary,XComedyArkhi,id
Pos TV,XPosTV,Грузия,iptv-online-primary,XPosTV,id
Batumi TV,XBatumi,Грузия,iptv-online-primary,XBatumi,id
Formula,XFormula,Грузия,iptv-online-primary,XFormula,id
Marao,XMarao,Грузия,iptv-online-primary,XMarao,id
Marneuli TV,XMarneuli_TV,Грузия,iptv-online-primary,XMarneuli_TV,id
Argo TV,Xargo,Грузия,iptv-online-primary,Xargo,id
Euronews Georgia,XEURONEWS_GE,Грузия,iptv-online-primary,XEURONEWS_GE,id
Silk Hollywood Movies,XSilkHollywoodMovies,Грузия,iptv-online-primary,XSilkHollywoodMovies,id
Silk Movie Collection,XSilkMovieCollection,Грузия,iptv-online-primary,XSilkMovieCollection,id
Rioni,XRioni,Грузия,iptv-online-primary,XRioni,id
Silk Universal,XSilk_Universal,Грузия,iptv-online-primary,XSilk_Universal,id
Silk Sport 1,XSilk1,Грузия,iptv-online-primary,XSilk1,id
Silk Sport 2,XSilk2,Грузия,iptv-online-primary,XSilk2,id
Silk Sport 3,XSilk3,Грузия,iptv-online-primary,XSilk3,id
Setanta Sports 1,XSetanta Sports 1,Грузия,iptv-online-primary,XSetanta Sports 1,id
Setanta Sports 2,XSetanta Sports 2,Грузия,iptv-online-primary,XSetanta Sports 2,id
Setanta Sports 3,XSetanta Sports 3,Грузия,iptv-online-primary,XSetanta Sports 3,id
Moldova 1 HD,Xmoldova-1,Молдова,iptv-online-primary,Xmoldova-1,id
Moldova 2 HD,Xmoldova-2,Молдова,iptv-online-primary,Xmoldova-2,id
N4,Xn4,Молдова,iptv-online-primary,Xn4,id
TVN HD,,Молдова,iptv-online-primary,Xtvn-pl,name
ARTE,,Болгария,iptv-online-primary,Xarte-hd,name
FashionBox HD,,Болгария,iptv-online-primary,Xfashionbox-hd,name
bTV,XbTV.bg,Болгария,iptv-online-primary,XbTV.bg,id
Kino Nova HD,XKinoNova.bg,Болгария,iptv-online-primary,XKinoNova.bg,id
bTV Action,XbTV.Action.bg,Болгария,iptv-online-primary,XbTV.Action.bg,id
bTV Comedy,XbTV.Comedy.bg,Болгария,iptv-online-primary,XbTV.Comedy.bg,id
bTV Cinema,XbTV.Cinema.bg,Болгария,iptv-online-primary,XbTV.Cinema.bg,id
Nat Geo Wild,XNat.Geo.Wild.bg,Болгария,iptv-online-primary,XNat.Geo.Wild.bg,id
Diema Sport,XDIEMA.SPORT.bg,Болгария,iptv-online-primary,Xdiema-sport-1,name
Diema Sport 2,XDIEMA.SPORT.2.bg,Болгария,iptv-online-primary,Xdiema-sport-2,name
Diema Sport 3,XDIEMA.SPORT.3.bg,Болгария,iptv-online-primary,Xdiema-sport-3,name
Nickelodeon,XNickelodeon.bg,Болгария,iptv-online-primary,XNickelodeon.bg,id
Nick Jr,XNick.Jr.bg,Болгария,iptv-online-primary,XNick.Jr.ro,name
Love Nature HD,Xlove-nature-4k,Болгария,iptv-online-primary,Xlove-nature-4k,id
Acasa Gold,XAcasa.Gold.ro,Румыния,iptv-online-primary,XAcasa.Gold.ro,id
Acasa HD,XAcasa.ro,Румыния,iptv-online-primary,XAcasa.ro,id
Alfa omega HD,XAlfa.Omega.TV.ro,Румыния,iptv-online-primary,XAlfa.Omega.TV.ro,id
AMC,XAMC.ro,Румыния,iptv-online-primary,XAMC.ro,id
Antena 1,XAntena.1.ro,Румыния,iptv-online-primary,XAntena.1.ro,id
Antena 3 HD RO,XAntena.3.CNN.ro,Румыния,iptv-online-primary,XAntena.3.CNN.ro,id
Antena 3,XAntena.3.CNN.ro,Румыния,iptv-online-primary,XAntena.3.CNN.ro,id
Antena stars,XAntena.Stars.ro,Румыния,iptv-online-primary,XAntena.Stars.ro,id
Kanal D HD RO,XKanal.D.HD.ro,Румыния,iptv-online-primary,XKanal.D.HD.ro,id
Kanal D,XKanal.D.ro,Румыния,iptv-online-primary,XKanal.D.ro,id
Credo TV,XCredo.TV.ro,Румыния,iptv-online-primary,XCredo.TV.ro,id
Digi sport 1 HD,XDigi.Sport.1.HD.ro,Румыния,iptv-online-primary,XDigi.Sport.1.HD.ro,id
Digi sport 2 HD,XDigi.Sport.2.HD.ro,Румыния,iptv-online-primary,XDigi.Sport.2.HD.ro,id
Digi24,XDigi.24.HD.ro,Румыния,iptv-online-primary,XDigi.24.HD.ro,id
Discovery,XDiscovery.Channel.ro,Румыния,iptv-online-primary,XDiscovery.Channel.ro,id
Disney channel,XDisney.Channel.ro,Румыния,iptv-online-primary,XDisney.Channel.ro,id
Disney Junior,XDisney.Junior.ro,Румыния,iptv-online-primary,XDisney.Junior.ro,id
Cartoonito,XCartoonito.ro,Румыния,iptv-online-primary,XCartoonito.ro,id
Cartoon Network,XCartoon.Network.ro,Румыния,iptv-online-primary,XCartoon.Network.ro,id
Duck,XDuck.TV.HD.ro,Румыния,iptv-online-primary,XDuck.TV.HD.ro,id
E! Entertainment HD RO,XE!.Entertainment.HD.ro,Румыния,iptv-online-primary,XE!.Entertainment.HD.ro,id
Etho,XEtno.TV.HD.ro,Румыния,iptv-online-primary,XEtno.TV.HD.ro,id
Emi HD,XEMI.TV.HD.ro,Румыния,iptv-online-primary,XEMI.TV.HD.ro,id
Eurosport HD,XEurosport.1.HD.ro,Румыния,iptv-online-primary,XEurosport.1.HD.ro,id
Eurosport 2,XEurosport.1.HD.ro,Румыния,iptv-online-primary,XEurosport.1.HD.ro,id
Eurosport 2 HD,XEurosport.2.HD.ro,Румыния,iptv-online-primary,XEurosport.2.HD.ro,id
Sport Extra HD,XSport.Extra.ro,Румыния,iptv-online-primary,XSport.Extra.ro,id
Film Cafe,XFILM.CAFE.HD.ro,Румыния,iptv-online-primary,XFILM.CAFE.HD.ro,id
Happy Channel,XHappy.Channel.HD.ro,Румыния,iptv-online-primary,XHappy.Channel.HD.ro,id
HBO HD,XHBO.HD.ro,Румыния,iptv-online-primary,XHBO.HD.ro,id
HBO2,XHBO.2.ro,Румыния,iptv-online-primary,XHBO.2.ro,id
HBO3,XHBO.3.ro,Румыния,iptv-online-primary,XHBO.3.ro,id
IDXtra HD,XID.Investigation.Discovery.HD.ro,Румыния,iptv-online-primary,XID.Investigation.Discovery.HD.ro,id
CineMax 2 RO,XCinemax.2.HD.ro,Румыния,iptv-online-primary,XCinemax.2.HD.ro,id
Kiss,XKiss.TV.ro,Румыния,iptv-online-primary,XKiss.TV.ro,id
Minimax,XMinimax.ro,Румыния,iptv-online-primary,XMinimax.ro,id
Mooz Dance HD,XMooz.Dance.ro,Румыния,iptv-online-primary,XMooz.Dance.ro,id
HIT Music Channel,XH!T.Music.Channel.ro,Румыния,iptv-online-primary,XH!T.Music.Channel.ro,id
Music Channel,XMusic.Channel.ro,Румыния,iptv-online-primary,XMusic.Channel.ro,id
National Geographic,XNational.Geographic.HD.ro,Румыния,iptv-online-primary,XNational.Geographic.HD.ro,id
Nat Geo Willd HD,XNational.Geographic.Wild.HD.ro,Румыния,iptv-online-primary,XNational.Geographic.Wild.HD.ro,id
National TV,XNational.TV.ro,Румыния,iptv-online-primary,XNational.TV.ro,id
National 24 Plus,XNational.24.Plus.ro,Румыния,iptv-online-primary,XNational.24.Plus.ro,id
Nick JR,XNick.Jr.ro,Румыния,iptv-online-primary,XNick.Jr.ro,id
Nicktoons,,Румыния,iptv-online-primary,XNicktoons.hu,name
Warner TV HD,,Румыния,iptv-online-primary,Xwarner-pl,name
Kontra HD,XKontra.gr,Греция,iptv-online-primary,XKontra.gr,id
Attica,XATTICA.gr,Греция,iptv-online-primary,XATTICA.gr,id
Alert,XALERT.gr,Греция,iptv-online-primary,XALERT.gr,id
HBO HU,XHBO.hu,Венгрия,iptv-online-primary,XHBO.hu,id
HBO 2 HU,XHBO.2.hu,Венгрия,iptv-online-primary,XHBO.2.hu,id
HBO 3 HU,XHBO.3.hu,Венгрия,iptv-online-primary,XHBO.3.hu,id
HirTV HU,XHIR.TV.hu,Венгрия,iptv-online-primary,XHIR.TV.hu,id
History HU,XHistory.Channel.hu,Венгрия,iptv-online-primary,XHistory.Channel.hu,id
Jocky TV HU,XJocky.TV.hu,Венгрия,iptv-online-primary,XJocky.TV.hu,id
Moziverzum HU,XMoziverzum.hu,Венгрия,iptv-online-primary,XMoziverzum.hu,id
Spektrum HU,XSpektrum.hu,Венгрия,iptv-online-primary,XSpektrum.hu,id
Cool HU,XCool.TV.hu,Венгрия,iptv-online-primary,XCool.TV.hu,id
Film Cafe HU,XFilm.Café.hu,Венгрия,iptv-online-primary,XFilm.Café.hu,id
RTL HU,XRTL.hu,Венгрия,iptv-online-primary,XRTL.hu,id
Spiler TV HU,XSpíler1.TV.hu,Венгрия,iptv-online-primary,XSpíler1.TV.hu,id
TV2 HU,XTV2.hu,Венгрия,iptv-online-primary,XTV2.hu,id
Viasat Nature HU,XViasat.Nature.hu,Венгрия,iptv-online-primary,XViasat.Nature.hu,id
Minimax HU,XMinimax.hu,Венгрия,iptv-online-primary,XMinimax.hu,id
Nicktoons HU,XNicktoons.hu,Венгрия,iptv-online-primary,XNicktoons.hu,id
Nickelodeon HU,XNickelodeon.hu,Венгрия,iptv-online-primary,XNickelodeon.hu,id
SuperTV2 HU,XSuper.TV2.hu,Венгрия,iptv-online-primary,XSuper.TV2.hu,id
Izaura TV HU,XIzaura.TV.hu,Венгрия,iptv-online-primary,XIzaura.TV.hu,id
Muzsika TV HU,XMuzsika.TV.hu,Венгрия,iptv-online-primary,XMuzsika.TV.hu,id
Sorozat+ HU,XSorozat+.hu,Венгрия,iptv-online-primary,XSorozat+.hu,id
RTL GOLD HU,XRTL.GOLD.hu,Венгрия,iptv-online-primary,XRTL.GOLD.hu,id
RTL KETTO HU,XRTL.KETTŐ.hu,Венгрия,iptv-online-primary,XRTL.KETTŐ.hu,id
RTL HAROM HU,XRTL.HÁROM.hu,Венгрия,iptv-online-primary,XRTL.HÁROM.hu,id
Cinemax2 HU,XCinemax.2.hu,Венгрия,iptv-online-primary,XCinemax.2.hu,id
Auto Motor Sport HU,XAuto.Motor.Sport.TV.hu,Венгрия,iptv-online-primary,XAuto.Motor.Sport.TV.hu,id
Slager TV HU,XSláger.TV.hu,Венгрия,iptv-online-primary,XSláger.TV.hu,id
Film Mania HU,XFilm.Mánia.hu,Венгрия,iptv-online-primary,XFilm.Mánia.hu,id
Viasat Explore HD HU,XViasat.Explore.hu,Венгрия,iptv-online-primary,XViasat.Explore.hu,id
Viasat History HU,XViasat.History.hu,Венгрия,iptv-online-primary,XViasat.History.hu,id
Life TV HU,XLifeTv.hu,Венгрия,iptv-online-primary,XLifeTv.hu,id
Animal Planet HU,XAnimal.Planet.HD.hu,Венгрия,iptv-online-primary,XAnimal.Planet.HD.hu,id
Discovery HU,XDiscovery.Channel.hu,Венгрия,iptv-online-primary,XDiscovery.Channel.hu,id
ID Investigation Discovery HU,XID:.Investigation.Discovery.hu,Венгрия,iptv-online-primary,XID:.Investigation.Discovery.hu,id
Nat Geo Wild HU,XNational.Geographic.Wild.HD.hu,Венгрия,iptv-online-primary,XNational.Geographic.Wild.HD.hu,id
Dikh TV HU,XDikh.TV.hu,Венгрия,iptv-online-primary,XDikh.TV.hu,id
Spektrum Home HU,XSpektrum.Home.hu,Венгрия,iptv-online-primary,XSpektrum.Home.hu,id
Arena4 HU,XAréna4.hu,Венгрия,iptv-online-primary,XAréna4.hu,id
Cartoon Network HU,XCartoon.Network.hu,Венгрия,iptv-online-primary,XCartoon.Network.hu,id
Duna HU,XDuna.TV.hu,Венгрия,iptv-online-primary,XDuna.TV.hu,id
M4 HU,Xm4.hu,Венгрия,iptv-online-primary,Xm4.hu,id
Love Nature HD HU,XLove.Nature.hu,Венгрия,iptv-online-primary,XLove.Nature.hu,id
Film+ HU,XFilm+.hu,Венгрия,iptv-online-primary,XFilm+.hu,id
Magyar Mozi TV HU,XMagyar.Mozi.TV.hu,Венгрия,iptv-online-primary,XMagyar.Mozi.TV.hu,id
Mozi+ HU,XMozi+.hu,Венгрия,iptv-online-primary,XMozi+.hu,id
Sport 1 HU,XSport1.hu,Венгрия,iptv-online-primary,XSport1.hu,id
Sport 2 HU,XSport2.hu,Венгрия,iptv-online-primary,XSport2.hu,id
Spiler 2 HU,XSpíler2.TV.hu,Венгрия,iptv-online-primary,XSpíler2.TV.hu,id
m1 HU,Xm1.HD.hu,Венгрия,iptv-online-primary,Xm1.HD.hu,id
m2 Petofi HU,Xm2.HD.hu,Венгрия,iptv-online-primary,Xm2.HD.hu,id
MATCH4 HD HU,XMatch.4.hu,Венгрия,iptv-online-primary,XMatch.4.hu,id
Eurosport HU,XEurosport.HD.hu,Венгрия,iptv-online-primary,XEurosport.HD.hu,id
Eurosport 2 HU,XEurosport.2.HD.hu,Венгрия,iptv-online-primary,XEurosport.2.HD.hu,id
M4 Sport HU,Xm4sport+.hu,Венгрия,iptv-online-primary,Xm4sport+.hu,id
Sport 1 HD,X18e7a585715561d4bb2606977deb20f6,SkyLink,iptv-online-primary,Xsport1-lt,name
Golf Channel,Xfad8ef045fa357781cfb3163d4b45a09,SkyLink,iptv-online-primary,XGolf.Channel.HD.pl,name
Ketnet,XKetnet.be,BE & NL,iptv-online-primary,XKetnet.be,id
VTM 2 HD,XVTM.2.be,BE & NL,iptv-online-primary,XVTM.2.be,id
VTM 3,XVTM.3.be,BE & NL,iptv-online-primary,XVTM.3.be,id
VTM 4,XVTM.4.be,BE & NL,iptv-online-primary,XVTM.4.be,id
24Kitchen,X24Kitchen.nl,BE & NL,iptv-online-primary,X24Kitchen.nl,id
CANAL+ Action,XCanal+.Action.nl,BE & NL,iptv-online-primary,XCanal+.Action.nl,id
Disney Channel,XDisney.Channel.nl,BE & NL,iptv-online-primary,XDisney.Channel.nl,id
Film1 Action,XFilm1.Action.nl,BE & NL,iptv-online-primary,XFilm1.Action.nl,id
Film1 Drama,XFilm1.Drama.nl,BE & NL,iptv-online-primary,XFilm1.Drama.nl,id
Film1 Family,XFilm1.Family.nl,BE & NL,iptv-online-primary,XFilm1.Family.nl,id
History NL,XHISTORY.nl,BE & NL,iptv-online-primary,XHISTORY.nl,id
Love Nature HD BNL,XLove.Nature.nl,BE & NL,iptv-online-primary,XLove.Nature.nl,id
NPO1 HD,XNPO.1.nl,BE & NL,iptv-online-primary,XNPO.1.nl,id
NPO2 HD,XNPO.2.nl,BE & NL,iptv-online-primary,XNPO.2.nl,id
NPO3 HD,XNPO.3.nl,BE & NL,iptv-online-primary,XNPO.3.nl,id
National Geographic Wild,XNational.Geographic.nl,BE & NL,iptv-online-primary,XNational.Geographic.nl,id
ONS,XONS.nl,BE & NL,iptv-online-primary,XONS.nl,id
Omroep Brabant Televisie,XOmroep.Brabant.nl,BE & NL,iptv-online-primary,XOmroep.Brabant.nl,id
Omrop Fryslan Televisie,XOmrop.Fryslân.nl,BE & NL,iptv-online-primary,XOmrop.Fryslân.nl,id
RTL Z,XRTL.Z.nl,BE & NL,iptv-online-primary,XRTL.Z.nl,id
RTL4 HD,XRTL.4.nl,BE & NL,iptv-online-primary,XRTL.4.nl,id
RTL5 HD,XRTL.5.nl,BE & NL,iptv-online-primary,XRTL.5.nl,id
RTL7 HD,XRTL.7.nl,BE & NL,iptv-online-primary,XRTL.7.nl,id
RTL8 HD,XRTL.8.nl,BE & NL,iptv-online-primary,XRTL.8.nl,id
Star Channel,XSTAR.Channel.nl,BE & NL,iptv-online-primary,XSTAR.Channel.nl,id
VRT 1,XVRT.1.nl,BE & NL,iptv-online-primary,XVRT.1.nl,id
Viaplay TV,XViaplay.TV.nl,BE & NL,iptv-online-primary,XViaplay.TV.nl,id
ESPN 2 HD,XESPN.2.nl,BE & NL,iptv-online-primary,XESPN.2.nl,id
ESPN 4 HD,XESPN.4.nl,BE & NL,iptv-online-primary,XESPN.4.nl,id
Ziggo Sport 2,XZiggo.Sport.2.nl,BE & NL,iptv-online-primary,XZiggo.Sport.2.nl,id
Ziggo Sport 6,XZiggo.Sport.6.nl,BE & NL,iptv-online-primary,XZiggo.Sport.6.nl,id
Arte HD,,BE & NL,iptv-online-primary,Xarte-hd,name
BBC Cbeebies HD,Xbbc-four-uk,UK,iptv-online-primary,Xbbc-four-uk,id
BBC Three,Xbbc-3-uk,UK,iptv-online-primary,Xbbc-3-uk,id
BBC Two HD,Xbbc-2-uk,UK,iptv-online-primary,Xbbc-2-uk,id
Comedy Central HD,,UK,iptv-online-primary,X76742,name
Sky Cinema Premiere HD,Xsky-cinema-premieren,UK,iptv-online-primary,Xsky-cinema-premieren,id
Sky Cinema Family HD,Xsky-cinema-family,UK,iptv-online-primary,Xsky-cinema-family,id
Sky Documentaries HD,,UK,iptv-online-primary,X10620,name
Viasat History HD,,UK,iptv-online-primary,XViasat.History.hu,name
Animal Planet HD,Xanimal-planet-eu,UK,iptv-online-primary,Xanimal-planet-eu,id
Crime Investigation HD,,UK,iptv-online-primary,X76667,name
Viasat Nature HD,,UK,iptv-online-primary,XViasat.Nature.hu,name
Discovery HD,Xdiscovery-channel,UK,iptv-online-primary,Xdiscovery-channel,id
КТК,Xktk-kz,Казахстан,iptv-online-primary,Xktk-kz,id
AQTOBE,Xaqtobe,Казахстан,iptv-online-primary,Xaqtobe,id
Saryarqa,Xsaryarqa,Казахстан,iptv-online-primary,Xsaryarqa,id
Кинобоевик,Xkinoboevik-kz,Казахстан,iptv-online-primary,Xkinoboevik-kz,id
Мировое Кино,Xmirovoe-kino-kz,Казахстан,iptv-online-primary,Xmirovoe-kino-kz,id
Премиум Кино,Xpremium-kino-kz,Казахстан,iptv-online-primary,Xpremium-kino-kz,id
Семейное Кино,Xsemejnoe-kino-kz,Казахстан,iptv-online-primary,Xsemejnoe-kino-kz,id
Кинодрама,Xq-kino-hit,Казахстан,iptv-online-primary,Xq-kino-hit,id
Киносериал,Xq-kino-alem,Казахстан,iptv-online-primary,Xq-kino-alem,id
Sport+ Qazaqstan,Xsport-plus-kz,Казахстан,iptv-online-primary,Xsport-plus-kz,id
Q Sport League,Xq-sport-ext,Казахстан,iptv-online-primary,Xq-sport-ext,id
Q Arena,Xqsport-kz,Казахстан,iptv-online-primary,Xqsport-kz,id
QazSport,Xkazsport,Казахстан,iptv-online-primary,Xkazsport,id
CNN Türk HD,Xcnn-turk,Турция,iptv-online-primary,Xcnn-turk,id
TRT 2,Xtrt-2-hd,Турция,iptv-online-primary,Xtrt-2-hd,id
TRT Haber HD,Xtrt-haber-hd,Турция,iptv-online-primary,Xtrt-haber-hd,id
TRT Avaz,Xtrt-avaz,Турция,iptv-online-primary,Xtrt-avaz,id
Kanal D HD,Xkanal-d-hd,Турция,iptv-online-primary,Xkanal-d-hd,id
Star TV HD TR,Xstar-tv-hd-tr,Турция,iptv-online-primary,Xstar-tv-hd-tr,id
Armenia 1,Xh1-am,Армения,iptv-online-primary,Xh1-am,id
Blue Hustler TV,Xblue-hustler,Для взрослых,iptv-online-primary,Xblue-hustler,id
Hustler HD,Xhustler-hd,Для взрослых,iptv-online-primary,Xhustler-hd,id
Hustler TV,Xhustler-hd,Для взрослых,iptv-online-primary,Xhustler-hd,id
Playboy,Xplayboy-tv,Для взрослых,iptv-online-primary,Xplayboy-tv,id
Eroxxx HD,Xeroxxxhd,Для взрослых,iptv-online-primary,Xeroxxxhd,id
Brazzers TV HD,Xbrazzers-tv-europe,Для взрослых,iptv-online-primary,Xbrazzers-tv-europe,id
Brazzers TV Europe,Xbrazzers-tv-europe,Для взрослых,iptv-online-primary,Xbrazzers-tv-europe,id
Barely Legal,Xbarely-legal,Для взрослых,iptv-online-primary,Xbarely-legal,id
Babes TV HD,Xbabes-tv,Для взрослых,iptv-online-primary,Xbabes-tv,id
Red Lips,Xo-la-la,Для взрослых,iptv-online-primary,Xredlips,name
Vivid Red HD,Xvivid-red,Для взрослых,iptv-online-primary,Xvivid-red,id
Dorcel HD,Xdorcel,Для взрослых,iptv-online-primary,Xdorcel,id
Red Lips,Xredlips,Для взрослых,iptv-online-primary,Xredlips,id
Private TV,Xprivate-tv,Для взрослых,iptv-online-primary,Xprivate-tv,id
Exxxotica HD,Xexxxotica,Для взрослых,iptv-online-primary,Xexxxotica,id
Русская Ночь,Xrusskaya-noch,Для взрослых,iptv-online-primary,Xrusskaya-noch,id
Redlight HD,Xredlight-hd,Для взрослых,iptv-online-primary,Xredlight-hd,id
Eromania 4K,Xeromania4k,Для взрослых,iptv-online-primary,Xeromania4k,id
YOSSO TV SEXY,Xyosso-sexy,Для взрослых,iptv-online-primary,Xyosso-sexy,id
KBC+100500 (18+),X42052,Для взрослых,iptv-online-primary,X42052,id
Пятниця +7,piatnica-pl7,Россия,iptvx-noarch,piatnica-pl7,id
БелРос HD,Xbelros,Россия,iptvx-noarch,tro,name
Shopping Live,X	shopping-live,Россия,iptvx-noarch,shopping-live,name
Конкурент.Україна,Xkonkurent-ua,Украинские,iptvx-noarch,konkurent-ua,name
24 Украина HD,24news-ua,Украинские,iptvx-noarch,24news-ua,id
СуперМама,,Украинские,iptvx-noarch,supermama,name
Суспільне Полтава,suspilne-poltava,Украинские,iptvx-noarch,ua-poltava,name
Первый городской Одесса,,Украинские,iptvx-noarch,pervy-gorodskoy-odessa,name
РАІ,Xraiua,Украинские,iptvx-noarch,rai-ua,name
Сварожичи,,Украинские,iptvx-noarch,svarozhichi,name
СК1,,Украинские,iptvx-noarch,ck1-ua,name
Киножелезо HD,no_epg_cinema,Кино,iptvx-noarch,okko-tv,alias
Детское Кино International,,Кино,iptvx-noarch,detkinoint-tviksel,alias
Кино 1 international,,Кино,iptvx-noarch,kino1int-tviksel,alias
Окко ТВ H,,Кино,iptvx-noarch,okko-tv,alias
Муви ТВ,,Кино,iptvx-noarch,muvitv,alias
Тайна,,Кино,iptvx-noarch,tayna,alias
Киноман,,Кино,iptvx-noarch,kinosat,alias
Киносезон,,Кино,iptvx-noarch,kinosezon,alias
Киножелезо HD,,Кино,iptvx-noarch,okko-tv,alias
Кино и Жизнь,,Кино,iptvx-noarch,kino-i-zhizn,name
Среда,,Кино,iptvx-noarch,sreda,name
Star Family HD,Xstar-family-ua,Кино,iptvx-noarch,star-family,name
Kino 2 HD,,Кино,iptvx-noarch,kino2-tviksel,alias
Патриот,,Кино,iptvx-noarch,patriot,alias
Смотрим 100% Классика,,Кино,iptvx-noarch,smotrim-100-klassika,alias
Смотрим 100% Любовь,,Кино,iptvx-noarch,smotrim-100-lubov,alias
Смотрим 100% Факты,,Кино,iptvx-noarch,smotrim-100-fakty,alias
Смотрим 100% Мужское,,Кино,iptvx-noarch,smotrim-100-muzhskoe,alias
Смотрим 100% Праздник,,Кино,iptvx-noarch,smotrim-100-prazdnik,alias
Смотрим 100% Детское,,Кино,iptvx-noarch,smotrim-100-detskoe,alias
Военное кино,,Кино,iptvx-noarch,voenkino-tviksel,alias
Мы,,Кино,iptvx-noarch,myy,name
Timeless Dizi Channel,,Кино,iptvx-noarch,timeless-dizi,alias
BCU Russia 90s HD,,Кинозалы,iptvx-noarch,bcu-russia90s,name
BCUMEDIA HD,,Кинозалы,iptvx-noarch,bcu-media,name
BCU Premiere 1 HDR,,Кинозалы,iptvx-noarch,bcu-kinozal-prem-1,alias
BCU Premiere 2 HDR,,Кинозалы,iptvx-noarch,bcu-kinozal-prem-2,alias
BCU Comedy OLD,,Кинозалы,iptvx-noarch,bcu-comedy,alias
VeleS Наше Кино,veles-our-cinema,Кинозалы,iptvx-noarch,veles-nashek,name
VeleS Триллер,veles-triller,Кинозалы,iptvx-noarch,veles-trill,name
VeleS Киносерия,veles-kinoseries,Кинозалы,iptvx-noarch,veles-kinoser,name
VeleS Premiere,veles-premiere,Кинозалы,iptvx-noarch,veles-prem,name
VeleS Страшное,veles-strashnoe,Кинозалы,iptvx-noarch,veles-strash,name
TvBoom.ViP,,Кинозалы,iptvx-noarch,tvboomvip,alias
YOSSO TV Grand,Xyosso-grand,Кинозалы,iptvx-noarch,yosso-grand,name
CineMan Дубляж СССР,,Кинозалы,iptvx-noarch,cineman-dub-ssr,name
CineMan Комедийные сериалы,,Кинозалы,iptvx-noarch,cineman-komseri,name
GL Невский,XGL Невский,Кинозалы,iptvx-noarch,goldline-nevski,name
TVPlay Indian Cinema,,Кинозалы,iptvx-noarch,tvplay-indiancinema,name
TVPlay Игра Престолов HD,,Кинозалы,iptvx-noarch,tvplay-igraprestolov,name
TVPlay Авторский перевод HD,,Кинозалы,iptvx-noarch,tvplay-avtorskiyperevod,name
TVPlay АЛЬФ,,Кинозалы,iptvx-noarch,tvplay-alf,name
TVPlay Космический,,Кинозалы,iptvx-noarch,tvplay-kosmicheskiy,name
TVPlay Лихие 90е Сериал,,Кинозалы,iptvx-noarch,tvplay-lihie90eserial,name
MM NewFilm 1 HD,Xminimax-newfilm1,Кинозалы,iptvx-noarch,minimax-newfilm1,name
Velilla TV Морские дьяволы HD,velillatvseadevils,Кинозалы,iptvx-noarch,velilla-mordiav,name
Velilla TV Морские дьяволы 2 HD,velillatvseadevilsparttwo,Кинозалы,iptvx-noarch,velilla-mordiav2,name
Velilla TV Русский Сериал HD,velillaruserial,Кинозалы,iptvx-noarch,velilla-ruserial,name
Velilla TV Русские Мелодрамы HD,velillarusmelodrama,Кинозалы,iptvx-noarch,velilla-rusmylo,name
Velilla TV Кухня + Отель «Элеон» HD,velillatvcocina,Кинозалы,iptvx-noarch,velilla-kuxnia,name
Velilla TV Домашний HD,velillatvdomashniy,Кинозалы,iptvx-noarch,velilla-domashny,alias
Velilla TV Вестерн HD,velillatvwestern,Кинозалы,iptvx-noarch,velilla-western,name
Velilla TV Action War Films HD,actionwarfilms,Кинозалы,iptvx-noarch,velilla-actionwar,name
Velilla TV Мосгаз HD,velillamosgaz,Кинозалы,iptvx-noarch,velilla-mosgaz,name
Velilla TV Бандитский Петербург,banditpiter,Кинозалы,iptvx-noarch,velilla-bpiter,name
Velilla TV Элен и ребята,heleneetlesgarcons,Кинозалы,iptvx-noarch,velilla-elenir,name
Velilla TV Счастливы вместе,velillahappytogether,Кинозалы,iptvx-noarch,velilla-sw,name
Velilla TV Ситком HD,velillatvsitcom,Кинозалы,iptvx-noarch,velilla-sitkom,name
Velilla TV ИП Пирогова HD,velillatvpirogova,Кинозалы,iptvx-noarch,velilla-pirog,name
Velilla TV Новогодний,velillanewyear,Кинозалы,iptvx-noarch,velilla-ny,name
Velilla TV Балабол HD,,Кинозалы,iptvx-noarch,velilla-balabol,name
BOX Premiere 4K,Xbox-premiere4k,Кино 4K,iptvx-noarch,box-premiere-plus-4khdr,name
Velilla TV Cinema 4K,velilla4K,Кино 4K,iptvx-noarch,velilla-cinema4k,name
Velilla TV  The X - Files 4K,velillathexfiles4k,Кино 4K,iptvx-noarch,velilla-xfiles4k,name
UFC ТВ HD,,Спорт,iptvx-noarch,ufc,name
MMA-TV HD,,Спорт,iptvx-noarch,m1global,name
Equalympic HD,X	no_epg_sport,Спорт,iptvx-noarch,equalympic,name
Box Sport 11 Live 4K,,Спорт,iptvx-noarch,box-sport-11-live,name
SPORT TV + PT,,Спорт,iptvx-noarch,sporttvplus-pt,name
SPORT TV 1 PT,,Спорт,iptvx-noarch,sporttv1-pt,name
SPORT TV 2 PT,,Спорт,iptvx-noarch,sporttv2-pt,name
SPORT TV 3 PT,,Спорт,iptvx-noarch,sporttv3-pt,name
SPORT TV 4 PT,,Спорт,iptvx-noarch,sporttv4-pt,name
SPORT TV 5 PT,,Спорт,iptvx-noarch,sporttv5-pt,name
SPORT TV 6 PT,,Спорт,iptvx-noarch,sporttv6-pt,name
M+ Deportes ES,,Спорт,iptvx-noarch,m-plus-deport-es,name
M+ Deportes 2 ES,,Спорт,iptvx-noarch,m-plus-deport2-es,name
M+ Deportes 3 ES,,Спорт,iptvx-noarch,m-plus-deport3-es,name
M+ Deportes 4 ES,,Спорт,iptvx-noarch,m-plus-deport4-es,name
DAZN 1 PT,,Спорт,iptvx-noarch,eleven-sport1-pt,name
DAZN 2 PT,,Спорт,iptvx-noarch,eleven-sport2-pt,name
Arena Fight,,Спорт,iptvx-noarch,arena-fight,name
Velilla TV World Cup 1966,worldcup1966,Спорт,iptvx-noarch,velilla-wc1966,name
Velilla TV World Cup 1970,worldcup1970,Спорт,iptvx-noarch,velilla-wc1970,name
Velilla TV World Cup 1974,worldcup1974,Спорт,iptvx-noarch,velilla-wc1974,name
Velilla TV World Cup 1978,worldcup1978,Спорт,iptvx-noarch,velilla-wc1978,name
Velilla TV World Cup 1982,worldcup1982,Спорт,iptvx-noarch,velilla-wc1982,name
Velilla TV World Cup 1986,worldcup1986,Спорт,iptvx-noarch,velilla-wc1986,name
Velilla TV World Cup 1998,worldcup1998,Спорт,iptvx-noarch,velilla-wc1998,name
Velilla TV World Cup 1990,worldcup1990,Спорт,iptvx-noarch,velilla-wc1990,name
Velilla TV World Cup 1994,worldcup1994,Спорт,iptvx-noarch,velilla-wc1994,name
Velilla TV World Cup 2002,worldcup2002,Спорт,iptvx-noarch,velilla-wc2002,name
Velilla TV World Cup 2006,worldcup2006,Спорт,iptvx-noarch,velilla-wc2006,name
Velilla TV World Cup 2010,worldcup2010,Спорт,iptvx-noarch,velilla-wc2010,name
Velilla TV World Cup 2014,worldcup2014,Спорт,iptvx-noarch,velilla-wc2014,name
Velilla TV World Cup 2018,worldcup2018,Спорт,iptvx-noarch,velilla-wc2018,name
Velilla TV World Cup 2022 HD,worldcup2022,Спорт,iptvx-noarch,velilla-wc2022,name
Velilla TV World Cup 2026 HD,worldcup2026,Спорт,iptvx-noarch,velilla-wc2026,name
Velilla TV EuroCup 1984,eurocup1984,Спорт,iptvx-noarch,velilla-euro1984,name
Velilla TV EuroCup 1988,eurocup1988,Спорт,iptvx-noarch,velilla-euro1988,name
Velilla TV EuroCup 1992,eurocup1992,Спорт,iptvx-noarch,velilla-euro1992,name
Velilla TV EuroCup 1996,eurocup1996,Спорт,iptvx-noarch,velilla-euro1996,name
Velilla TV EuroCup 2000,eurocup2000,Спорт,iptvx-noarch,velilla-euro2000,name
Velilla TV EuroCup 2004,eurocup2004,Спорт,iptvx-noarch,velilla-euro2004,name
Velilla TV EuroCup 2008 HD,eurocup2008,Спорт,iptvx-noarch,velilla-euro2008,name
Velilla TV EuroCup 2012 HD,eurocup2012,Спорт,iptvx-noarch,velilla-euro2012,name
Velilla TV EuroCup 2016 HD,eurocup2016,Спорт,iptvx-noarch,velilla-euro2016,name
Velilla TV EuroCup 2020 HD,eurocup2020,Спорт,iptvx-noarch,velilla-euro2020,name
Velilla TV EuroCup 2024 HD,eurocup2024,Спорт,iptvx-noarch,velilla-euro2024,name
Velilla TV FIFA Club World Cup 2025 HD,fifaclubworldcup2025,Спорт,iptvx-noarch,velilla-fifa-cwc2025,name
Velilla TV Legendary Matches HD,velillalegendarymatches,Спорт,iptvx-noarch,velilla-legendmatch,name
FIFA+ HD (England),fifapluseng,Спорт,iptvx-noarch,fifa-plus-uk,name
National Geographic HD,Xnational-geographic-cee,Познавательные,iptvx-noarch,national-geographic,name
Знаєм 24,,Познавательные,iptvx-noarch,znajem24,name
One Planet HD,Xone-planet,Познавательные,iptvx-noarch,one-planet,name
Lale,xlale,Детские,iptvx-noarch,lale,name
Velilla TV Cartoons Disney 4K,cartoonsdisney,Детские,iptvx-noarch,velilla-cartoondisney,name
Velilla TV Детский HD,velillatvdetskiy,Детские,iptvx-noarch,velilla-detsky,name
Velilla TV Том и Джерри HD,tomandjerry,Детские,iptvx-noarch,velilla-tij,name
Три Ангела,Xtri-angela,Разное,iptvx-noarch,tri-angela,name
Russia Today,Xrussia-today,Новости,iptvx-noarch,rt-news,name
Classic Music HD,Xclassic-music,Музыкальные,iptvx-noarch,classic-music,name
Наше music HD,Xnashe,Музыкальные,iptvx-noarch,nashe-music-hd,name
EU Music HD,,Музыкальные,iptvx-noarch,eu-music,name
Now Rock,,Музыкальные,iptvx-noarch,now-rock,name
1HD Music,,Музыкальные,iptvx-noarch,1hd,name
MTV Live US,,Музыкальные,iptvx-noarch,mtv-live-us,name
Music Box Dance,,Музыкальные,iptvx-noarch,musicbox-dance,name
Music Box Classic,,Музыкальные,iptvx-noarch,musicbox-classic,name
Music Box Hits,,Музыкальные,iptvx-noarch,musicbox-hits,name
Music Box Sexy,,Музыкальные,iptvx-noarch,musicbox-sexy,name
AIVA,,Музыкальные,iptvx-noarch,aiva,name
МузТВ,,Музыкальные,iptvx-noarch,muztv,name
Velilla TV Eurodance 90s,velillaeurodance90s,Музыкальные,iptvx-noarch,velilla-eurodance90s,name
Velilla TV Russiandance 90s,velillarussiandance90s,Музыкальные,iptvx-noarch,velilla-rusdance,name
Velilla TV Magenta Musik Festivals HD,magentamusik,Музыкальные,iptvx-noarch,velilla-magentamusik,alias
Velilla TV Pop And Rock Concerts HD,velillapoprockconcerts,Музыкальные,iptvx-noarch,velilla-poprockconc,name
Velilla TV Hard And Heavy Concerts HD,velillahardheavyconcerts,Музыкальные,iptvx-noarch,velilla-hardheavyconc,name
Беларусь 4 Витебск,Xbelarus4,Беларусь,iptvx-noarch,belarus4-vitebsk,name
+TV,,Беларусь,iptvx-noarch,belviasat-plustv,name
RTL Zwei HD,X76755,Германия,iptvx-noarch,rtl2,name
Sky Sports News HD,Xsky-sport-news,Германия,iptvx-noarch,sky-sports-news,name
Euronews,,Германия,iptvx-noarch,euronews,name
Sportdigital FUSSBALL HD,,Германия,iptvx-noarch,sportdigital-fussball,name
Sky Cinema Classics HD,Xsky-cinema,Германия,iptvx-noarch,sky-cinema-classics,name
13th Street,X76766,Германия,iptvx-noarch,13-strt,name
WAIDWERK,,Германия,iptvx-noarch,waidwerk,name
Channel 12,channel-12-il,Израиль,iptvx-noarch,channel-12-il,id
Channel 13,channel-13-il,Израиль,iptvx-noarch,channel-13-il,id
Yes Movies Action HD,Xyes.Movies.Action.il,Израиль,iptvx-noarch,yes2,name
Yes Movies Comedy HD,Xyes.Movies.Comedy.il,Израиль,iptvx-noarch,yes3,name
Yes TV Comedy HD,Xyes.TV.Comedy.il,Израиль,iptvx-noarch,yes-comedy,name
Yes TV Drama HD,Xyes.TV.Drama.il,Израиль,iptvx-noarch,yes-drama,name
Nickelodeon,,Израиль,iptvx-noarch,nickelodeon-ru,name
Nat Geo Wild HD,XNatGeoWild.il,Израиль,iptvx-noarch,nat-geo-wild,name
RAI News 24 HD,,Италия,iptvx-noarch,rai-news-it,name
RAI Sport+ HD,,Италия,iptvx-noarch,rai-sport,name
TVN Style HD,X	tvn-style-pl,Польша,iptvx-noarch,tvn-style-pl,name
TV PULS HD,,Польша,iptvx-noarch,tv-puls,name
Euronews,,Молдова,iptvx-noarch,euronews,name
Disney,,Молдова,iptvx-noarch,disney-c,name
National Geographic,XNational.Geographic.bg,Болгария,iptvx-noarch,national-geographic,name
Max Sport 1 HD,XMax.Sport.1.bg,Болгария,iptvx-noarch,max-sport-1,name
Max Sport 2 HD,XMax.Sport.2.bg,Болгария,iptvx-noarch,max-sport-2,name
Max Sport 3 HD,XMax.Sport.3.bg,Болгария,iptvx-noarch,max-sport-3,name
Max Sport 4 HD,XMax.Sport.4.bg,Болгария,iptvx-noarch,max-sport-4,name
Планета HD BG,XPlaneta.bg,Болгария,iptvx-noarch,planeta-hd-bg,name
Балканика,,Болгария,iptvx-noarch,balkanika,name
Cartoon Network,XCartoon.Network.Canada.-.East.ca,Канада,iptvx-noarch,cartoon-network,name
AXN White,XAXN.White.ro,Румыния,iptvx-noarch,axn-white-pl,name
AXN Black,XAXN.Black.ro,Румыния,iptvx-noarch,axn-black-pl,name
AXN HD,XAXN.HD.ro,Румыния,iptvx-noarch,axn-pl,name
AXN Spin,XAXN.Spin.ro,Румыния,iptvx-noarch,axn-spin-pl,name
TV 1000,XTV1000.ro,Румыния,iptvx-noarch,tv1000,name
Discovery Science,,Румыния,iptvx-noarch,discovery-science,name
Epic Drama HD,XEpic.Drama.ro,Румыния,iptvx-noarch,epik-drama,name
Nickelodeon,,Румыния,iptvx-noarch,nickelodeon-ru,name
TLC HD,,Румыния,iptvx-noarch,tlc,name
Nova Sport 1 HD,X07ceb1ac6be64075dded2510c27e0c6e,SkyLink,iptvx-noarch,nova-sport1-cz,name
Nova Sport 2 HD,X366a88cf3a4bab603ef6408966546e71,SkyLink,iptvx-noarch,nova-sport2-cz,name
Nova Sport 3 HD,X4bbd04b8c84805428618645d943fc28d,SkyLink,iptvx-noarch,nova-sport3-cz,name
Nova Sport 4 HD,X6edcad12e88ffac3da0cacb565970775,SkyLink,iptvx-noarch,nova-sport4-cz,name
Nova Sport 5 HD,X7845ca0015c718657d785b311edf5079,SkyLink,iptvx-noarch,nova-sport5-cz,name
CANAL+ Sport (CZ),X6fda506ca37562e7c8a37011eecb6995,SkyLink,iptvx-noarch,canal-pl-sport-cz,name
AMC,,SkyLink,iptvx-noarch,amc,name
AXN,,SkyLink,iptvx-noarch,axn-pl,name
AXN Black,,SkyLink,iptvx-noarch,axn-black-pl,name
AXN White,,SkyLink,iptvx-noarch,axn-white-pl,name
Penthouse Reality TV,no_epg_xxx,Для взрослых,iptvx-noarch,penthouse-quickies,name
TVPlay Наше XXX,no_epg_xxx,Для взрослых,iptvx-noarch,tvplay-nashexxx,name
Velilla TV Adult Channel HD,velillatvadult,Для взрослых,iptvx-noarch,velilla-adult,name
Velilla TV Hardcore Sex HD,velillatvhardcoresex,Для взрослых,iptvx-noarch,velilla-hcsex,name
ID Xtra HD,Xid-xtra-ru,Познавательные,runigma-iptv,id-xtra,name
Food Network HD,Xfood-network,Разное,runigma-iptv,food-Network,name
BOX TV,,Болгария,runigma-iptv,box-tv,name
Твій Серіал HD,V1950,Украинские,openbox-tsd,tviy-serial,name
Гумор+,,Украинские,openbox-tsd,gumor,name
C4 (Чернівці),,Украинские,openbox-tsd,c4-chernivci,name
BCU Marvel OLD,,Кинозалы,openbox-tsd,bcu-marvel,alias
BCU Reality OLD,,Кинозалы,openbox-tsd,bcu-reality,alias
BCU Survival OLD,,Кинозалы,openbox-tsd,bcu-survival,alias
BCU Romantic OLD,,Кинозалы,openbox-tsd,bcu-romantic,alias
BCUMEDIA_3_HDR,,Кинозалы,openbox-tsd,bcu-media-3,alias
BCU_BIOGRAPHY_HDR,,Кинозалы,openbox-tsd,bcu-biography,alias
BCU_UTIFY_1_HDR,,Кинозалы,openbox-tsd,bcu-unity-1,alias
BCU_UTIFY_2_HD,,Кинозалы,openbox-tsd,bcu-unity-2,alias
BCU_UTIFY_3_HD,,Кинозалы,openbox-tsd,bcu-unity-3,alias
MYTV,XMyTVmytv-0,Кинозалы,openbox-tsd,mytv,name
MYTV 2,XMyTVmytv2-1,Кинозалы,openbox-tsd,mytv-2,name
MYTV 3,XMyTVmytv3-2,Кинозалы,openbox-tsd,mytv-3,name
MYTV HIT,XMyTVmytvhit-3,Кинозалы,openbox-tsd,mytv-hit,name
CPS Drama,,Кинозалы,openbox-tsd,cps-drama,alias
CPS Comedy,,Кинозалы,openbox-tsd,cps-comedy,alias
CPS Action,,Кинозалы,openbox-tsd,cps-action,alias
CPS Western,,Кинозалы,openbox-tsd,cps-western,alias
CPS Mix,,Кинозалы,openbox-tsd,cps-mix,alias
CPS Fiction,,Кинозалы,openbox-tsd,cps-fiction,alias
CPS Anime,,Кинозалы,openbox-tsd,cps-anime,alias
CPS USSR,,Кинозалы,openbox-tsd,cps-ussr,alias
CPS Fresh,,Кинозалы,openbox-tsd,cps-fresh,alias
CPS Oscar,,Кинозалы,openbox-tsd,cps-oscar,alias
CPS Detective,,Кинозалы,openbox-tsd,cps-detective,alias
CPS Jackie Chan,,Кинозалы,openbox-tsd,cps-jackie-chan,alias
Хіт Бойовик,,Кинозалы UA,openbox-tsd,hit-boyovik,name
Хіт Комедія,,Кинозалы UA,openbox-tsd,hit-komediya,name
CPS Fresh UA,,Кинозалы UA,openbox-tsd,cps-fresh-ua,alias
Premium Comedy HD,,Кинозалы UA,openbox-tsd,premium-comedy,alias
Sweet Megahit HD,,Кинозалы UA,openbox-tsd,sweet-megahit,name
Premium Action HD,,Кинозалы UA,openbox-tsd,premium-action,alias
Action Prime HD,,Кинозалы UA,openbox-tsd,action-prime,alias
Cinema Family HD,,Кинозалы UA,openbox-tsd,cinema-family,name
Cinema Megahit HD,,Кинозалы UA,openbox-tsd,cinema-megahit,name
Cinema Kinohit HD,,Кинозалы UA,openbox-tsd,cinema-kinohit,name
Cinema Legend HD,,Кинозалы UA,openbox-tsd,cinema-legend,name
Cinema Prime HD,,Кинозалы UA,openbox-tsd,cinema-prime,name
Cinema Action HD,,Кинозалы UA,openbox-tsd,cinema-action,name
Cinema Comedy HD,,Кинозалы UA,openbox-tsd,cinema-comedy,name
Cinema Fantasy HD,,Кинозалы UA,openbox-tsd,cinema-fantasy,name
Kino Premiere HD,,Кинозалы UA,openbox-tsd,kino-premiere,name
Kino Action HD,,Кинозалы UA,openbox-tsd,kino-action,name
Kino Comedy HD,,Кинозалы UA,openbox-tsd,kino-comedy,name
Cinema Horrors HD,,Кинозалы UA,openbox-tsd,cinema-horrors,alias
Setanta Sports Premium HD,,Спорт,openbox-tsd,setanta-sports-premium,name
Про Київ,,Познавательные,openbox-tsd,pro-kiiv,name
Машина часу,,Познавательные,openbox-tsd,mashina-chasu,name
MYTV  Kids,XMyTVmytvkids-4,Детские,openbox-tsd,mytv-kids,name
Sweet Мультфільми HD,no_epg_cinema,Детские,openbox-tsd,sweet-multfilmi,name
CPS Cartoon,,Детские,openbox-tsd,cps-cartoon,alias
UA.Music HD,,Музыкальные,openbox-tsd,ua-music,name
Премиальное HD,Xkinopremium-hd,Кино,bcumedia-dedicated,Премиальное HD,name
Воен ТВ,,Кино,bcumedia-dedicated,Воен ТВ HD,name
Тех Лет ТВ,,Кино,bcumedia-dedicated,Тех Лет ТВ,name
Ужасы HD,,Кино,bcumedia-dedicated,Ужасы HD,name
BCUMEDIA OLD,,Кинозалы,bcumedia-dedicated,BCUMedia OLD,name
TVPlay DC Comics HD,,Кинозалы,tvteam,ch3754,name
KLI Action HD,Xkliaction,Кинозалы,tvteam,ch4069,name
KLI Полицейский с Рублёвки,Xkliclub,Кинозалы,tvteam,ch4091,name
KLI Comedy HD,Xklicomedi,Кинозалы,tvteam,ch4070,name
KLI Детективы HD,Xklidocu,Кинозалы,tvteam,ch4062,name
KLI DRAMA HD,Xklidrama,Кинозалы,tvteam,ch4071,name
KLI Family HD,Xklifamily,Кинозалы,tvteam,ch4072,name
KLI Fantastic HD,Xklifantastica,Кинозалы,tvteam,ch4073,name
KLI Fantasy HD,Xklifantasy,Кинозалы,tvteam,ch4074,name
KLI Horror FHD,Xklihorror,Кинозалы,tvteam,ch4075,name
KLI Marvel HD,Xklimarvel,Кинозалы,tvteam,ch4077,name
KLI Premium HD,Xklipremium,Кинозалы,tvteam,ch4079,name
KLI Russian HD,Xklirussian,Кинозалы,tvteam,ch4081,name
KLI VHS HD,Xklivhs,Кинозалы,tvteam,ch4085,name
KLI Киносерия HD,Xklikinoseries,Кинозалы,tvteam,ch4087,name
KLI Битва Экстрасенсов,99925,Кинозалы,tvteam,ch4086,name
Joker:Альф,jk_Alf,Кинозалы UA,tvteam,ch3471,name
Joker:Футурама,jk_futurama,Кинозалы UA,tvteam,ch3483,name
Joker:Секретні матеріали,jk_x_files,Кинозалы UA,tvteam,ch3497,name
Joker:Друзі,jk_Friends,Кинозалы UA,tvteam,ch3472,name
Joker:Шерлок,jk_Sherlock,Кинозалы UA,tvteam,ch3491,name
Joker:Гострі картузи,jk_Gostri_Kartuz,Кинозалы UA,tvteam,ch3492,name
Joker:Відьмак,jk_Vedmak,Кинозалы UA,tvteam,ch3493,name
Joker:Панда Кун-фу,jk_panda,Кинозалы UA,tvteam,ch3494,name
Joker:Робокар Полі,jk_Robocar_Poli,Кинозалы UA,tvteam,ch3518,name
Joker:Секс і Місто,jk_sexsity,Кинозалы UA,tvteam,ch3509,name
Joker:Коломбо,jk_Colombo,Кинозалы UA,tvteam,ch3511,name
Joker:Американський тато,jk_American_Dad,Кинозалы UA,tvteam,ch3513,name
Joker:Аладдін,jk_aladin,Кинозалы UA,tvteam,ch3565,name
Joker:Свинка Пепа,jk_Pepa_pig,Кинозалы UA,tvteam,ch3517,name
Joker:Щенячий патруль,jk_PAW_Patrol,Кинозалы UA,tvteam,ch3519,name
Joker:Качині історії,jk_ducks,Кинозалы UA,tvteam,ch3484,name
Joker:90-ті,jk_90,Кинозалы UA,tvteam,ch3488,name
Joker:Леді Баг і Супер кіт,jk_ledi_Bag,Кинозалы UA,tvteam,ch3495,name
Joker:Пуаро Агати Крісті,jk_Poirot,Кинозалы UA,tvteam,ch3498,name
Joker:Декстер,jk_Dexter,Кинозалы UA,tvteam,ch3499,name
Joker:Касл,jk_Castle,Кинозалы UA,tvteam,ch3500,name
Joker:Бруклін 9-9,jk_brookllyn,Кинозалы UA,tvteam,ch3501,name
Joker:Фубар,jk_FUBAR,Кинозалы UA,tvteam,ch3502,name
Joker:Кістки,jk_kosty,Кинозалы UA,tvteam,ch3503,name
Joker:Пуститися берега,jk_berega,Кинозалы UA,tvteam,ch3504,name
Joker:Теорія брехні,jk_Lie_To_Me,Кинозалы UA,tvteam,ch3506,name
Joker:Величне століття,jk_Muhtesem,Кинозалы UA,tvteam,ch3507,name
Joker:Ван Дамм,jk_Van_Dame,Кинозалы UA,tvteam,ch3508,name
Joker:Вітчайдушні домогосподарки,jk_desperate_ukr,Кинозалы UA,tvteam,ch3510,name
Joker:Маленьке королівство Бена і Холлі,jk_Ben_Holly,Кинозалы UA,tvteam,ch3512,name
Joker:Гравіті Фолз,jk_Gravity_Falls,Кинозалы UA,tvteam,ch3514,name
Joker:Як я зустрів вашу маму,jk_Your_mother,Кинозалы UA,tvteam,ch3520,name
Joker:Теорія великого вибуху,jk_Big_Bang,Кинозалы UA,tvteam,ch3521,name
Joker:Cinema,jk_Cinema,Кинозалы UA,tvteam,ch3522,name
Joker:Горець,jk_gorets,Кинозалы UA,tvteam,ch3524,name
Joker:Mислити як злочинець,jk_Criminal,Кинозалы UA,tvteam,ch3528,name
Joker:Менталіст,jk_mentalist,Кинозалы UA,tvteam,ch3531,name
Joker:Пограбування,jk_ograblenie,Кинозалы UA,tvteam,ch3534,name
Joker:Корона,jk_korona,Кинозалы UA,tvteam,ch3538,name
Joker:Загублені,jk_lost,Кинозалы UA,tvteam,ch3540,name
Joker:Чорне дзеркало,jk_Black_Mirror,Кинозалы UA,tvteam,ch3547,name
Joker:Біографічне,jk_biograf,Кинозалы UA,tvteam,ch3552,name
Joker:Швидкість,jk_speed,Кинозалы UA,tvteam,ch3554,name
Joker:Краще подзвоніть Солу,jk_Call_Saul,Кинозалы UA,tvteam,ch3555,name
Joker:Пінгвіни Мадагаскару,jk_pingvins,Кинозалы UA,tvteam,ch3560,name
Joker:Ліло і Стіч,jk_Lilo,Кинозалы UA,tvteam,ch3563,name
KLI UHD 4K,XKLIUHD4K,Кино 4K,tvteam,ch4084,name
Velilla TV CatTV 4K,velillatvcattv,Познавательные,tvteam,ch4171,name
Deluxe Music HD,,Музыкальные,tvteam,ch237,name
Deluxe Music,,Музыкальные,tvteam,ch237,name
History HD DE,X76634,Германия,tvteam,ch171,name
ORF 1 HD,X76706,Германия,tvteam,ch330,name
ARD alpha HD,,Германия,tvteam,ch1934,name
SR Fernsehen HD,,Германия,tvteam,ch1938,name
Disney Channel,XDisney.Channel.Canada.-.East.ca,Канада,tvteam,ch165,name
Arena Premium 1 HD,,Спорт,epgpw-RU,381833,name
Arena Premium 2 HD,,Спорт,epgpw-RU,381835,name
Arena Premium 3 HD,,Спорт,epgpw-RU,381834,name
Sky Sport Premier League,X10880,Германия,epgpw-DE,438445,name
Sky Replay,X10635,Германия,epgpw-DE,562033,name
tagesschau24 HD,,Германия,epgpw-DE,76696,name
Sky Cinema Hits HD,,UK,epgpw-GB,454796,name
Sky History HD,,UK,epgpw-GB,12272,name
Adult Swim,,Канада,epgpw-CA,470749,name
Tennis+,1889,Спорт,epgpw-all-lite,1889,id
TSN 2,,Спорт,epgpw-all-lite,470550,name
TSN 4,,Спорт,epgpw-all-lite,470915,name
TSN 5,,Спорт,epgpw-all-lite,470390,name
RAI 3 HD,,Италия,epgpw-all-lite,459196,name
CNN,,Болгария,epgpw-all-lite,464857,name
TRT World,XTRT.World.tr,Турция,epgpw-all-lite,12173,name
News Front,,Россия,gabbarit-current,News Front TV,name
Sochi Live,Xsochi-live,Россия,gabbarit-current,Sochi Live,name
Мой мир,,Россия,gabbarit-current,Мой Мир,name
ТРК 555,,Россия,gabbarit-current,ТРК 555 (Алушта),name
Дніпро TV HD,,Украинские,gabbarit-current,51 канал,name
Premium HD,Xpremium-hd,Кино,gabbarit-current,Premium HD,name
Premiere HD,Xpremiere-hd,Кино,gabbarit-current,Premiere HD,name
VHS HD,Xvhshd,Кино,gabbarit-current,VHS HD,name
Thriller HD,Xthriller-hd,Кино,gabbarit-current,Thriller HD,name
РуКино HD,Xrukino-hd,Кино,gabbarit-current,РуКино HD,name
Serial HD,Xserial-hd,Кино,gabbarit-current,Serial HD,name
Paradise HD,Xparadise-hd,Кино,gabbarit-current,Paradise HD,name
Victory HD,Xvictory-hd,Кино,gabbarit-current,Victory HD,name
USSR HD,Xussr-premieregroup,Кино,gabbarit-current,USSR HD,name
Paradox HD,Xparadox-hd,Кино,gabbarit-current,Paradox HD,name
Insomnia HD,Xinsomnia-hd,Кино,gabbarit-current,Insomnia HD,name
BEST Films HD,,Кино,gabbarit-current,Best Films,name
Новелла ТВ,,Кино,gabbarit-current,Novella TV,name
VeleS Dj Set,veles-djset,Кинозалы,gabbarit-current,VeleS Dj Set,name
Fresh TV Armenia,,Кинозалы,gabbarit-current,Fresh TV Armenia,name
YOSSO-C-INQUEST,Xc-inquest-yosso,Кинозалы,gabbarit-current,C-Inquest,name
YOSSO-C-COMEDY,Xc-comedy-yosso,Кинозалы,gabbarit-current,C-Comedy,name
Видеокассета VHS,,Кинозалы,gabbarit-current,Видеокасета VHS,name
TVPlay Латинские сериалы ретро,,Кинозалы,gabbarit-current,TVPLAY Латинские сериалы ретро,name
KLI Thriller HD,Xkliaction,Кинозалы,gabbarit-current,KLI TRILLER,name
KLI СССР HD,Xkliussr,Кинозалы,gabbarit-current,KLI СССР,name
jk_fargo,,Кинозалы,gabbarit-current,jk_fargo,name
Joker:Love,jk_love,Кинозалы UA,gabbarit-current,jk_love,id
Joker:CSI NY,jk_csi_NY,Кинозалы UA,gabbarit-current,jk_csi_NY,id
Joker:CSI Vegas,jk_csi_vegas,Кинозалы UA,gabbarit-current,jk_csi_vegas,id
Joker:CSI Miami,jk_csi_m,Кинозалы UA,gabbarit-current,jk_csi_m,id
Joker:Дім Дракона,jk_House_Dragon,Кинозалы UA,gabbarit-current,jk_House_Dragon,id
Joker:Формула,jk_formula,Кинозалы UA,gabbarit-current,jk_formula,id
Joker:Тарантіно,jk_Tarantino,Кинозалы UA,gabbarit-current,jk_Tarantino,id
Joker:Гріфіни,jk_Grifins,Кинозалы UA,gabbarit-current,jk_Grifins,id
Joker:Русалочка,jk_rusaloshka,Кинозалы UA,gabbarit-current,jk_rusaloshka,id
Joker:Чіп та Дейл,jk_Chip_Dale,Кинозалы UA,gabbarit-current,jk_Chip_Dale,id
Joker:Гей Арнольд!,jk_arnold,Кинозалы UA,gabbarit-current,jk_arnold,id
Joker:Мел Гібсон,jk_Mel,Кинозалы UA,gabbarit-current,jk_Mel,id
Joker:South Park,jk_South_Park,Кинозалы UA,gabbarit-current,jk_South_Park,id
Joker:Cinema2,jk_Cinema2,Кинозалы UA,gabbarit-current,jk_Cinema2,id
Joker:Герої,jk_Heroes,Кинозалы UA,gabbarit-current,jk_Heroes,id
Рік і Марті,jk_Rik_i_Marti,Кинозалы UA,gabbarit-current,jk_Rik_i_Marti,id
Картковий Будинок,jk_house_of_cards,Кинозалы UA,gabbarit-current,jk_house_of_cards,id
Clarity4K Фантастика,Xclarity4k-fantastik,Кино 4K,gabbarit-current,Clarity4K Фантастика,name
Clarity4K КиноФраншизы,Xclarity4k-kinofranshizy,Кино 4K,gabbarit-current,Clarity4K КиноФраншизы,name
Clarity4K Комедия,Xclarity4k-komedia,Кино 4K,gabbarit-current,Clarity4K Комедия,name
Clarity4K Боевик,Xclarity4k-boevik,Кино 4K,gabbarit-current,Clarity4k Боевик,name
Clarity4k Сумеречный Эфир,Xclarity4k-sumerefir,Кино 4K,gabbarit-current,Clarity4k Сумеречный Эфир,name
Clarity4K КиноНовинки,Xclarity4k-kinonowinki,Кино 4K,gabbarit-current,Clarity4K КиноНовинки,name
Setanta Sports HD MD,,Спорт,gabbarit-current,Setanta Sports 1 Georgia,name
Конный мир HD,Xkonny-mir,Спорт,gabbarit-current,Конный мир,name
DAZN 1 DE,,Спорт,gabbarit-current,DAZN 1,name
DAZN 2 DE,,Спорт,gabbarit-current,DAZN 2,name
TSN 1,,Спорт,gabbarit-current,TSN 1,name
TSN 3,,Спорт,gabbarit-current,TSN 3,name
Ералаш,,Детские,gabbarit-current,Ералаш,name
KLI Мультики HD,Kklimult,Детские,gabbarit-current,KLI СОЮЗМУЛЬТФИЛЬМ,name
Angel TV,Xangel-tv,Разное,gabbarit-current,Angel TV,name
Russia Today Doc HD,Xrussia-today,Новости,gabbarit-current,RTД,name
Viva Latino,,Музыкальные,gabbarit-current,Viva Latino,name
Наше Ретро,,Музыкальные,gabbarit-current,#НАШЕ ретро,name
MusicBox UA HD,Xmusicbox-ua-hd,Музыкальные,gabbarit-current,Music Box UA,name
Новое Радио,,Музыкальные,gabbarit-current,Новое Радио,name
Now 80s,,Музыкальные,gabbarit-current,NOW 80s,name
Now 70s,,Музыкальные,gabbarit-current,NOW 70s,name
Етно HD,,Музыкальные,gabbarit-current,Етно HD,name
KroneHit TV,,Музыкальные,gabbarit-current,Kronehit HD,name
DANCE HITS 80,,Музыкальные,gabbarit-current,Dance Hits 80,name
Deluxe Rap HD,,Музыкальные,gabbarit-current,Deluxe Rap,name
Музыка 1 International,,Музыкальные,gabbarit-current,Музыка 1,name
Музыка 2 International,,Музыкальные,gabbarit-current,Музыка 2,name
Ment Pop,,Музыкальные,gabbarit-current,Ment Pop HD,name
Kiss Kiss,,Музыкальные,gabbarit-current,Kiss Kiss,name
Clarity4K Ukrainian music,,Музыкальные,gabbarit-current,Clarity4K Ukrainian music,name
MIXM HD,,Музыкальные,gabbarit-current,MIXM TV,name
RITSA TV,,Музыкальные,gabbarit-current,RITSA TV HD,name
VeleS Магнитофон,veles-magnitofon,Музыкальные,gabbarit-current,VeleS Магнитофон,name
Kiss HD,,Музыкальные,gabbarit-current,Kiss,name
M2o TV,,Музыкальные,gabbarit-current,m2o TV,name
TMF Rus,,Музыкальные,gabbarit-current,TMF,name
ММТВ,,Музыкальные,gabbarit-current,ММТВ,name
NRG 91 Music HD,,Музыкальные,gabbarit-current,NRG 91 TV HD,name
CHD-TV Rock HD,,Музыкальные,gabbarit-current,CHD TV RU Rock,name
Rock TV,,Музыкальные,gabbarit-current,Rock TV,name
Mafi2a,,Музыкальные,gabbarit-current,Mafi2a TV,name
LRT TV,,Латвия,gabbarit-current,LRT,name
Syfy HD DE,XSyfy.de,Германия,gabbarit-current,Syfy HD (DE),name
WELT HD DE,X76625,Германия,gabbarit-current,WELT HD (DE),name
Just Cooking HD,,Германия,gabbarit-current,Just Cooking DE,name
Just Fishing HD,,Германия,gabbarit-current,Just.Fishing HD DE,name
i24 News,,Израиль,gabbarit-current,I 24 News Israel [IL],name
HOT Drama,,Израиль,gabbarit-current,HOT cinema 4,name
Viva plus,XViva.Istanbul.(Viva.Plus).il,Израиль,gabbarit-current,Viva Russia,name
Viva,XViva.Telenovelas.(Viva).il,Израиль,gabbarit-current,Viva Russia,name
PRIME,,Израиль,gabbarit-current,Prime 4k,name
RAI 1 HD,,Италия,gabbarit-current,Rai 1,name
CBS Reality HD,XCBS.Reality.pl,Польша,gabbarit-current,CBS Reality,name
Eleven Sports 4 HD,Xeleven-sports-4,Польша,gabbarit-current,Eleven Sports 4,name
Vox Music TV HD,XVOX.Music.TV.pl,Польша,gabbarit-current,VOX Music TV,name
Setanta Sports HD MD,,Молдова,gabbarit-current,Setanta Sports 1 Georgia,name
Gurinel HD,,Молдова,gabbarit-current,Gurinel,name
Jurnal TV HD,,Молдова,gabbarit-current,Jurnal TV MD,name
Cinema 1 HD,,Молдова,gabbarit-current,Cinema 1 MD,name
Pro TV Chisinau HD,,Молдова,gabbarit-current,PRO TV Chişinău,name
7 TV,,Молдова,gabbarit-current,7 tv,name
Exclusiv TV,,Молдова,gabbarit-current,ТНТ Exclusiv TV,name
Rai 1 HD,,Болгария,gabbarit-current,Rai 1,name
Magic TV,,Болгария,gabbarit-current,Magic TV,name
CBS Reality,XCBS.Reality.ro,Румыния,gabbarit-current,CBS Reality,name
DTX HD,,Румыния,gabbarit-current,DTX,name
Travel mix HD,,Румыния,gabbarit-current,Travel Mix HD,name
TV paprika,,Румыния,gabbarit-current,Paprika TV,name
TVR1 HD,,Румыния,gabbarit-current,TVR1 HD,name
91 NRG,,Греция,gabbarit-current,NRG 91 TV HD,name
Arena Sport 1 HD,X1ee5b7ce8676fe322a8bb63f097f8c9a,SkyLink,gabbarit-current,Arena Sport 1,name
AutoMotorSport HD,X5a47413dce1d8829fcbe0bf021e18ae5,SkyLink,gabbarit-current,AutoMotorSport,name
Sport 2 HD,X703d414b1e8d7eee864115685ee47e01,SkyLink,gabbarit-current,Sport 2,name
RTVS SPORT HD,X3981fa886a1704937afd96d87ea46ef1,SkyLink,gabbarit-current,RTVS Sport,name
JOJ Sport HD,Xeacbd3c220de39cfa7c855755d1291cf,SkyLink,gabbarit-current,JOJ Sport,name
Ment Pop,,BE & NL,gabbarit-current,Ment Pop HD,name
192 TV NL,,BE & NL,gabbarit-current,192TV,name
BBC First,XBBC.First.nl,BE & NL,gabbarit-current,BBC First,name
ESPN HD,XESPN.1.nl,BE & NL,gabbarit-current,ESPN,name
Ziggo Sport,XZiggo.Sport.nl,BE & NL,gabbarit-current,Ziggo Sport,name
LCI HD,,BE & NL,gabbarit-current,LCI,name
TF1,,BE & NL,gabbarit-current,TF1,name
France 3,,BE & NL,gabbarit-current,France3,name
France 2,,BE & NL,gabbarit-current,France2,name
France 4,,BE & NL,gabbarit-current,France4,name
France 5,,BE & NL,gabbarit-current,France5,name
TRT Türk,XTRT.Türk.tr,Турция,gabbarit-current,TRT TURK,name
TRT Çocuk,XTRT.Çocuk.tr,Турция,gabbarit-current,TRT Cocuk,name
TRT Kurdî,XTRT.Kurdî.tr,Турция,gabbarit-current,TRT KURDI [TR],name
TRT Arabi,XTRT.Arabi.tr,Турция,gabbarit-current,TRT Arabi,name
TRT Müzik,XTRT.Müzik.tr,Турция,gabbarit-current,TRT Müzik,name
Power,,Турция,gabbarit-current,Power TV,name
Power Dance,,Турция,gabbarit-current,Power Dance,name
AzTV AZ,,Азербайджан,gabbarit-current,AzTV (AZ),name
Dunya TV AZ,,Азербайджан,gabbarit-current,Dunyo Bo’ylab (UZ),name
CBC Sport AZ,,Азербайджан,gabbarit-current,CBC Sport,name
USArmenia,,Армения,gabbarit-current,US Armenia TV,name
ОХ-АХ HD,no_epg_xxx,Для взрослых,gabbarit-current,ОХ-АХ HD,name
OLERO Babes,no_epg_xxx,Для взрослых,gabbarit-current,OLERO 21 Naturals,name
Наше крутое HD,Xnash-detektiv,Кино,anzo-top,12878,name
RTL Nitro,,Германия,epgshare-AT,RTL.NITRO.at,name
VOX Up HD,XVOXup.de,Германия,epgshare-AT,VOX.UP.at,name
Hope TV,,Германия,epgshare-AT,Hope.TV.at,name
Eclips TV,,BE & NL,epgshare-BE,Eclips.TV.be,name
VTM HD,XVTM.be,BE & NL,epgshare-BE,VTM.HD.be,name
VTM Gold,,BE & NL,epgshare-BE,VTM.GOLD.be,name
TV Drenthe,,BE & NL,epgshare-BE,TV.Drenthe.be,name
TV Gelderland,,BE & NL,epgshare-BE,TV.Gelderland.be,name
TV Oranje,,BE & NL,epgshare-BE,TV.Oranje.be,name
VRT Canvas HD,XVRT.Canvas.nl,BE & NL,epgshare-BE,VRT.Canvas.HD.be,name
BFM TV,,BE & NL,epgshare-BE,BFM.TV.be,name
Film1 Premiere HD,XFilm.1.Premiere.nl,BE & NL,epgshare-NL,Film1.Premiere.nl,name
NET5 HD,XNET.5.nl,BE & NL,epgshare-NL,Net5.nl,name
Oost,,BE & NL,epgshare-NL,Oost.nl,name
SBS6 HD,XSBS.6.nl,BE & NL,epgshare-NL,SBS6.nl,name
AT5,,BE & NL,epgshare-NL,AT5.nl,name
More4 HD,,UK,epgshare-UK,More4.HD.uk,name
E4 HD,,UK,epgshare-UK,E4.HD.uk,name
Channel 4 HD,,UK,epgshare-UK,Channel.4.HD.uk,name
Channel 5 HD,,UK,epgshare-UK,Channel.5.HD.uk,name
Film4 HD,,UK,epgshare-UK,Film4.HD.uk,name
Music box 00s,,Музыкальные,epgshare-MUSICBOX,MUSIC.BOX.00s.musicbox,name
