playlist_name,group,expected_tvg_id,actual_tvg_id,actual_tvg_name,epg_validated,duplicate_name_count,status
Первый канал,Россия,Xpervy,Xpervy,Первый канал,True,1,ok
Первый канал HD,Россия,Xpervy,Xpervy,Первый канал HD,True,1,ok
Первый канал Европа,Россия,Xpervy-kanal-eu,Xpervy-kanal-eu,Первый канал Европа,True,1,ok
Первый канал +2,Россия,Xpervy-pl2,Xpervy-pl2,Первый канал +2,True,1,ok
Первый HD +4,Россия,Xpervy-pl4,Xpervy-pl4,Первый HD +4,True,1,ok
Первый канал +4,Россия,Xpervy-pl4,Xpervy-pl4,Первый канал +4,True,1,ok
Первый канал +6,Россия,Xpervy-pl6,Xpervy-pl6,Первый канал +6,True,1,ok
Россия 1 HD,Россия,Xrossia1,Xrossia1,Россия 1 HD,True,1,ok
Россия 1,Россия,Xrossia1,Xrossia1,Россия 1,True,1,ok
Россия 1 +2,Россия,Xrossia1-pl2,Xrossia1-pl2,Россия 1 +2,True,1,ok
Россия 1 +2 HD,Россия,Xrossia1-pl2,Xrossia1-pl2,Россия 1 +2 HD,True,1,ok
Россия 1 +4,Россия,Xrossia1-pl4,Xrossia1-pl4,Россия 1 +4,True,1,ok
Россия 1 +4 HD,Россия,Xrossia1-pl4,Xrossia1-pl4,Россия 1 +4 HD,True,1,ok
Россия 1 +6,Россия,Xrossia1-pl6,Xrossia1-pl6,Россия 1 +6,True,1,ok
Россия 1 +6 HD,Россия,Xrossia1-pl6,Xrossia1-pl6,Россия 1 +6 HD,True,1,ok
Россия-24,Россия,Xrossia-24,Xrossia-24,Россия-24,True,1,ok
Россия 1 +9 HD,Россия,Xrossia1-pl9,Xrossia1-pl9,Россия 1 +9 HD,True,1,ok
Планета РТР,Россия,Xrtr-planeta-eu,Xrtr-planeta-eu,РТР Планета СНГ,True,1,ok
ТНТ HD,Россия,Xtnt,Xtnt,ТНТ HD,True,1,ok
ТНТ,Россия,Xtnt,Xtnt,ТНТ,True,1,ok
ТНТ +2,Россия,Xtnt-pl2,Xtnt-pl2,ТНТ +2,True,1,ok
ТНТ +4,Россия,Xtnt-pl4,Xtnt-pl4,ТНТ +4,True,1,ok
ТНТ +7,Россия,Xtnt-pl7,Xtnt-pl7,ТНТ +7,True,1,ok
ТНТ4,Россия,Xtnt4,Xtnt4,ТНТ4,True,1,ok
ТНТ4 HD,Россия,Xtnt4,Xtnt4,ТНТ4 HD,True,1,ok
ТНТ4 +2,Россия,Xtnt4-pl2,Xtnt4-pl2,ТНТ4 +2,True,1,ok
ТНТ4 +4,Россия,Xtnt4-pl4,Xtnt4-pl4,ТНТ4 +4,True,1,ok
НТВ Мир,Россия,Xntv-mir,Xntv-mir,НТВ Мир,True,1,ok
НТВ HD,Россия,Xntv,Xntv,НТВ HD,True,1,ok
НТВ,Россия,Xntv,Xntv,НТВ,True,1,ok
НТВ +2,Россия,Xntv-pl2,Xntv-pl2,НТВ +2,True,1,ok
НТВ +4,Россия,Xntv-pl4,Xntv-pl4,НТВ +4,True,1,ok
НТВ Стиль,Россия,Xntv-style,Xntv-style,НТВ Стиль,True,1,ok
НТВ +7,Россия,Xntv-pl7,Xntv-pl7,НТВ +7,True,1,ok
ТВ3 HD,Россия,Xtv3-ru,Xtv3-ru,ТВ3 HD,True,1,ok
Время,Россия,Xvremia,Xvremia,Время,True,1,ok
Москва 24,Россия,Xmoskva-24,Xmoskva-24,Москва 24,True,1,ok
Рен ТВ HD,Россия,Xrentv,Xrentv,Рен ТВ HD,True,1,ok
Рен ТВ,Россия,Xrentv,Xrentv,Рен ТВ,True,1,ok
Рен ТВ +2,Россия,Xrentv-pl2,Xrentv-pl2,Рен ТВ +2,True,1,ok
Рен ТВ +7,Россия,Xrentv-pl7,Xrentv-pl7,Рен ТВ +7,True,1,ok
СТС International,Россия,sts-int,sts-int,СТС International,True,1,ok
СТС HD,Россия,Xsts,Xsts,СТС HD,True,1,ok
СТС,Россия,Xsts,Xsts,СТС,True,1,ok
СТС +2,Россия,Xsts-pl2,Xsts-pl2,СТС +2,True,1,ok
СТС +4,Россия,Xsts-pl4,Xsts-pl4,СТС +4,True,1,ok
СТС Love,Россия,Xsts-love,Xsts-love,СТС Love,True,1,ok
СТС Love +4,Россия,Xsts-love-pl4,Xsts-love-pl4,СТС Love +4,True,1,ok
Пятый Канал,Россия,X5kanal-ru,X5kanal-ru,Пятый Канал,True,1,ok
Пятый Канал +2,Россия,X5kanal-ru-pl2,X5kanal-ru-pl2,Пятый Канал +2,True,1,ok
Россия-Культура,Россия,Xkultura,Xkultura,Россия-Культура,True,1,ok
РБК-ТВ,Россия,Xrbk,Xrbk,РБК-ТВ,True,1,ok
Первый Российский Национальный канал,Россия,Xprnk-tv,Xprnk-tv,Первый Российский Национальный канал,True,1,ok
ТВЦ,Россия,Xtvcentr,Xtvcentr,ТВЦ,True,1,ok
ОТР,Россия,Xotr,Xotr,ОТР,True,1,ok
ТВЦ International,Россия,Xtvci,Xtvci,ТВЦ International,True,1,ok
RTVi,Россия,Xrtvi,Xrtvi,RTVi,True,1,ok
Перец,Россия,Xperec-int,Xperec-int,Перец,True,1,ok
Пятница,Россия,Xpiatnica,Xpiatnica,Пятница,True,1,ok
Пятница HD,Россия,Xpiatnica,Xpiatnica,Пятница HD,True,1,ok
Пятниця +7,Россия,piatnica-pl7,piatnica-pl7,Пятниця +7,True,1,ok
Пятница +4,Россия,piatnica-pl4,piatnica-pl4,Пятница +4,True,1,ok
Пятница +2,Россия,piatnica-pl2,piatnica-pl2,Пятница +2,True,1,ok
Суббота,Россия,Xsuper,Xsuper,Суббота,True,1,ok
Настоящее время HD,Россия,Xnastoyaschee-vremia,Xnastoyaschee-vremia,Настоящее время HD,True,1,ok
Ю+,Россия,Xyu,Xyu,Ю+,True,1,ok
Ю+ 2,Россия,yu-pl2,yu-pl2,Ю+ 2,True,1,ok
Ю+ 4,Россия,yu-pl4,yu-pl4,Ю+ 4,True,1,ok
Ю+ 7,Россия,yu-pl7,yu-pl7,Ю+ 7,True,1,ok
Мир,Россия,Xmir,Xmir,Мир,True,1,ok
Звезда HD,Россия,Xzvezda,Xzvezda,Звезда HD,True,1,ok
Звезда,Россия,Xzvezda,Xzvezda,Звезда,True,1,ok
Звезда +2,Россия,Xzvezda-pl2,Xzvezda-pl2,Звезда +2,True,1,ok
Звезда Плюс,Россия,Xzvezda-plus,Xzvezda-plus,Звезда Плюс,True,1,ok
Домашний,Россия,Xdomashny,Xdomashny,Домашний,True,1,ok
Домашний HD,Россия,Xdomashny,Xdomashny,Домашний HD,True,1,ok
Домашний +4,Россия,Xdomashny-pl4,Xdomashny-pl4,Домашний +4,True,1,ok
Домашний +2,Россия,Xdomashny-pl2,Xdomashny-pl2,Домашний +2,True,1,ok
Севастополь 24 HD,Россия,Xsevastopol-24,Xsevastopol-24,Севастополь 24 HD,True,1,ok
КРЫМ 24,Россия,Xkrym24,Xkrym24,КРЫМ 24,True,1,ok
Первый Крымский,Россия,Xpervy-krymsky,Xpervy-krymsky,Первый Крымский,True,1,ok
НТС Севастополь,Россия,Xnts-sevastopol,Xnts-sevastopol,НТС Севастополь,True,1,ok
Миллет,Россия,Xmillet,Xmillet,Миллет,True,1,ok
Евпатория 24,Россия,,Xewpatorya24,Евпатория 24,False,1,ok
Первый Севастопольский,Россия,Xpervy-sevastopolsky,Xpervy-sevastopolsky,Первый Севастопольский,True,1,ok
Симферополь 24,Россия,Xsimfer24,Xsimfer24,Симферополь 24,True,1,ok
Легендарный 24 HD,Россия,Xlegendarny24,Xlegendarny24,Легендарный 24 HD,True,1,ok
Че!,Россия,Xche,Xche,Че!,True,1,ok
Москва Доверие,Россия,Xdoverie,Xdoverie,Москва Доверие,True,1,ok
Че +2,Россия,che-pl2,che-pl2,Че +2,True,1,ok
Че +4,Россия,che-pl4,che-pl4,Че +4,True,1,ok
Че +7,Россия,che-pl7,che-pl7,Че +7,True,1,ok
Известия HD,Россия,Xizvestia,Xizvestia,Известия HD,True,1,ok
ВМЕСТЕ-РФ,Россия,Xvmeste-rf,Xvmeste-rf,ВМЕСТЕ-РФ,True,1,ok
Соловьев.Live,Россия,Xsolovjinypomiot,Xsolovjinypomiot,Соловьев.Live,True,1,ok
Своё ТВ Ставрополь,Россия,Xsvoyo-tv-stavropol,Xsvoyo-tv-stavropol,Своё ТВ Ставрополь,True,1,ok
News Front,Россия,News Front TV,News Front TV,News Front,True,1,ok
ОТВ Екатеринбург,Россия,Xotv-eburg,Xotv-eburg,ОТВ Екатеринбург,True,1,ok
Красная линия,Россия,Xkrasnaya-linia,Xkrasnaya-linia,Красная линия,True,1,ok
Резонанс ТВ,Россия,Xrezonans,Xrezonans,Резонанс ТВ,True,1,ok
Белгород 24,Россия,Xbelgorod24,Xbelgorod24,Белгород 24,True,1,ok
Астрахань 24,Россия,Xastraxan24,Xastraxan24,Астрахань 24,True,1,ok
Архыз 24,Россия,Xarxyz24,Xarxyz24,Архыз 24,True,1,ok
Хузур ТВ,Россия,Xxuzur-tv,Xxuzur-tv,Хузур ТВ,True,2,ok
Тамыр,Россия,Xtamyr,Xtamyr,Тамыр,True,1,ok
Курай,Россия,Xkuraj,Xkuraj,Курай,True,1,ok
ТКР Рязань,Россия,Xtrk-ryazan,Xtrk-ryazan,ТКР Рязань,True,1,ok
ЛДПР ТВ,Россия,Xldpr-tv,Xldpr-tv,ЛДПР ТВ,True,1,ok
Sochi Live,Россия,Xsochi-live,Xsochi-live,Sochi Live,True,1,ok
БелРос HD,Россия,Xbelros,Xbelros,БелРос HD,True,2,ok
TV Губерния,Россия,Xtv-guberniya,Xtv-guberniya,TV Губерния,True,1,ok
Ника ТВ,Россия,Xnika-tv,Xnika-tv,Ника ТВ,True,1,ok
Осетия-Ирыстон,Россия,Xosetia-iryston,Xosetia-iryston,Осетия-Ирыстон,True,1,ok
НТМ,Россия,Xntm,Xntm,НТМ,True,1,ok
Мой мир,Россия,11487,11487,Мой мир,True,1,ok
ТРК 555,Россия,ТРК 555 (Алушта),ТРК 555 (Алушта),ТРК 555,True,1,ok
Открытый мир,Россия,Xotkryty-mir,Xotkryty-mir,Открытый мир,True,1,ok
Первый Ярославский,Россия,Xpervy-yaroslavsky,Xpervy-yaroslavsky,Первый Ярославский,True,1,ok
Первый Ростовский,Россия,Xpervy-rostovsky,Xpervy-rostovsky,Первый Ростовский,True,1,ok
МТВ Волгоград,Россия,Xmtv-volgograd,Xmtv-volgograd,МТВ Волгоград,True,1,ok
Аист,Россия,Xaist,Xaist,Аист,True,1,ok
12 канал Омск,Россия,X12-omsk,X12-omsk,12 канал Омск,True,1,ok
Катунь 24,Россия,Xkatun-24,Xkatun-24,Катунь 24,True,1,ok
Енисей регион,Россия,Xenisey-region,Xenisey-region,Енисей регион,True,1,ok
С1 Сургут,Россия,Xs1-surgut,Xs1-surgut,С1 Сургут,True,1,ok
86 Сургут,Россия,X86-surgut,X86-surgut,86 Сургут,True,1,ok
Волга,Россия,Xvolga,Xvolga,Волга,True,1,ok
Волга 24,Россия,Xvremia-n,Xvremia-n,Волга 24,True,1,ok
Ветта 24,Россия,Xvetta24,Xvetta24,Ветта 24,True,1,ok
Колыма-Плюс,Россия,Xkolyma-plus,Xkolyma-plus,Колыма-Плюс,True,1,ok
Телеплюс,Россия,,,Телеплюс,False,1,ok
БСТ,Россия,Xbst,Xbst,БСТ,True,1,ok
Щёлково,Россия,Xschelkovo,Xschelkovo,Щёлково,True,1,ok
ТНВ-Планета,Россия,Xtnv-planeta,Xtnv-planeta,ТНВ-Планета,True,1,ok
ТНВ-Татарстан,Россия,Xtnv,Xtnv,ТНВ-Татарстан,True,1,ok
NEXT-TV,Россия,Xnext-tv,Xnext-tv,NEXT-TV,True,1,ok
Мордовия 24,Россия,Xmordovia-24,Xmordovia-24,Мордовия 24,True,1,ok
НТРК Ингушетия,Россия,Xntrk-ingushetia,Xntrk-ingushetia,НТРК Ингушетия,True,1,ok
Брянская Губерния,Россия,Xbrianskaya-gubernia,Xbrianskaya-gubernia,Брянская Губерния,True,1,ok
ТВК Красноярск,Россия,Xtvk-krasnoyarsk,Xtvk-krasnoyarsk,ТВК Красноярск,True,1,ok
Экспресс,Россия,Xexpress,Xexpress,Экспресс,True,1,ok
Вестник Надыма,Россия,,Xvestnik-nadyma,Вестник Надыма,False,1,ok
РГВК Дагестан,Россия,Xrgvk-dagestan,Xrgvk-dagestan,РГВК Дагестан,True,1,ok
Грозный,Россия,Xgrozny,Xgrozny,Грозный,True,1,ok
Тео-ТВ,Россия,Xteotv,Xteotv,Тео-ТВ,True,1,ok
Евразия,Россия,Xevrasia,Xevrasia,Евразия,True,1,ok
НТС Иркутск,Россия,Xnts-irkutsk,Xnts-irkutsk,НТС Иркутск,True,1,ok
ТВ-ИН (Магнитогорск),Россия,Xtv-in,Xtv-in,ТВ-ИН (Магнитогорск),True,1,ok
НВК Саха,Россия,Xsaxa,Xsaxa,НВК Саха,True,1,ok
Алмазный край,Россия,Xalmazny-kray,Xalmazny-kray,Алмазный край,True,1,ok
Раменское ТВ,Россия,,Xramenskoe-tv,Раменское ТВ,False,1,ok
Новый век (Тамбов),Россия,Xnovy-vek-tambov,Xnovy-vek-tambov,Новый век (Тамбов),True,1,ok
Север,Россия,Xsever,Xsever,Север,True,1,ok
Салям,Россия,Xsalam,Xsalam,Салям,True,1,ok
Дзержинск ТВ,Россия,Xdzenzhinsk-tv,Xdzenzhinsk-tv,Дзержинск ТВ,True,1,ok
Якутия 24,Россия,Xyakutia24,Xyakutia24,Якутия 24,True,1,ok
Прима,Россия,Xprima,Xprima,Прима,True,1,ok
Тивиком HD,Россия,Xtivikom,Xtivikom,Тивиком HD,True,1,ok
АСТВ Южно-Сахалинск,Россия,Xastvus,Xastvus,АСТВ Южно-Сахалинск,True,1,ok
ВТК 41 Аргус,Россия,,,ВТК 41 Аргус,False,1,ok
Майдан,Россия,Xmaydan,Xmaydan,Майдан,True,1,ok
Хузур ТВ,Россия,Xxuzur-tv,Xxuzur-tv,Хузур ТВ,True,2,ok
Теледом HD,Россия,Xteledom,Xteledom,Теледом HD,True,1,ok
Shopping Live,Россия,X	shopping-live,X	shopping-live,Shopping Live,True,1,ok
Витрина,Россия,,,Витрина,False,1,ok
1+1,Украинские,X1plus1,X1plus1,1+1,True,1,ok
1+1 HD,Украинские,X1plus1,X1plus1,1+1 HD,True,1,ok
1+1 Україна,Украинские,X1plus1-ukraina,X1plus1-ukraina,1+1 Україна,True,1,ok
1+1 Україна HD,Украинские,X1plus1-ukraina,X1plus1-ukraina,1+1 Україна HD,True,1,ok
1+1 International HD,Украинские,X1plus1-int,X1plus1-int,1+1 International HD,True,1,ok
2+2,Украинские,X2plus2,X2plus2,2+2,True,1,ok
2+2 HD,Украинские,X2plus2,X2plus2,2+2 HD,True,1,ok
ICTV,Украинские,Xictv-ua,Xictv-ua,ICTV,True,1,ok
ICTV HD,Украинские,Xictv-ua,Xictv-ua,ICTV HD,True,1,ok
ICTV2,Украинские,Xictv-ukraine,Xictv-ukraine,ICTV2,True,1,ok
Ми - Україна,Украинские,Xmy-ukraina,Xmy-ukraina,Ми - Україна,True,1,ok
Ми - Україна+,Украинские,Xmy-ukraina-plus,Xmy-ukraina-plus,Ми - Україна+,True,1,ok
Новий канал,Украинские,Xnovy-kanal-ua,Xnovy-kanal-ua,Новий канал,True,1,ok
Новий канал HD,Украинские,Xnovy-kanal-ua,Xnovy-kanal-ua,Новий канал HD,True,1,ok
Твій Серіал HD,Украинские,V1950,V1950,Твій Серіал HD,True,1,ok
UA:Перший,Украинские,Xua-pershy,Xua-pershy,UA:Перший,True,1,ok
UA: Київ,Украинские,Xua-kyiv,Xua-kyiv,UA: Київ,True,1,ok
СТБ,Украинские,Xstb-ua,Xstb-ua,СТБ,True,1,ok
СТБ HD,Украинские,Xstb-ua,Xstb-ua,СТБ HD,True,1,ok
Super+,Украинские,Xsuperplus,Xsuperplus,Super+,True,1,ok
Дизель Шоу,Украинские,X6147,X6147,Дизель Шоу,True,1,ok
Конкурент.Україна,Украинские,Xkonkurent-ua,Xkonkurent-ua,Конкурент.Україна,True,1,ok
Конкурент TV,Украинские,,,Конкурент TV,False,1,ok
НТН,Украинские,Xntn-ua,Xntn-ua,НТН,True,1,ok
НТН HD,Украинские,Xntn-ua,Xntn-ua,НТН HD,True,1,ok
Интер,Украинские,Xinter-ua,Xinter-ua,Интер,True,1,ok
Интер HD,Украинские,Xinter-ua,Xinter-ua,Интер HD,True,1,ok
Интер+,Украинские,Xinter-plus-ua,Xinter-plus-ua,Интер+,True,1,ok
Интер+ HD,Украинские,Xinter-plus-ua,Xinter-plus-ua,Интер+ HD,True,1,ok
ТЕТ,Украинские,Xtet-ua,Xtet-ua,ТЕТ,True,1,ok
ТЕТ HD,Украинские,Xtet-ua,Xtet-ua,ТЕТ HD,True,1,ok
Униан ТВ,Украинские,Xunian-tv,Xunian-tv,Униан ТВ,True,1,ok
К1,Украинские,Xk1-ua,Xk1-ua,К1,True,1,ok
К1 HD,Украинские,Xk1-ua,Xk1-ua,К1 HD,True,1,ok
К2,Украинские,Xk2-ua,Xk2-ua,К2,True,1,ok
К2 HD,Украинские,Xk2-ua,Xk2-ua,К2 HD,True,1,ok
24 Украина HD,Украинские,24news-ua,24news-ua,24 Украина HD,True,1,ok
Армія TV HD,Украинские,Xarmia-tv-ua,Xarmia-tv-ua,Армія TV HD,True,1,ok
Хроніки Війни,Украинские,,,Хроніки Війни,False,1,ok
Фронт,Украинские,Xfront-ua,Xfront-ua,Фронт,True,1,ok
Вещдок HD,Украинские,,,Вещдок HD,False,1,ok
Слідство ведуть екстрасенси HD,Украинские,,,Слідство ведуть екстрасенси HD,False,1,ok
Стосується Кожного,Украинские,,,Стосується Кожного,False,1,ok
Опер за викликом,Украинские,,,Опер за викликом,False,1,ok
Сімейні мелодрами+,Украинские,,,Сімейні мелодрами+,False,1,ok
Вар'яти HD,Украинские,,,Вар'яти HD,False,1,ok
Діти проти зірок HD,Украинские,,,Діти проти зірок HD,False,1,ok
ЖВЛ+,Украинские,,,ЖВЛ+,False,1,ok
СуперМама,Украинские,supermama,supermama,СуперМама,True,1,ok
Мелодрами,Украинские,,,Мелодрами,False,1,ok
Гумор+,Украинские,gumor,gumor,Гумор+,True,1,ok
Мастер Шеф,Украинские,,,Мастер Шеф,False,1,ok
Детективи HD,Украинские,,,Детективи HD,False,1,ok
5 канал ПЕРШИЙ.УКРАЇНСЬКИЙ. ІНФОРМАЦІЙНИЙ,Украинские,X5kanal-ua,X5kanal-ua,5 канал UA,True,1,ok
Eспресо TV,Украинские,Xespreso-tv,Xespreso-tv,Eспресо TV,True,1,ok
Прямий HD,Украинские,Xpriamyj,Xpriamyj,Прямий HD,True,1,ok
FreeДОМ,Украинские,Xua-tv,Xua-tv,FreeДОМ,True,1,ok
Перший Західний,Украинские,Xpershy-zaxidny,Xpershy-zaxidny,Перший Західний,True,1,ok
ATR,Украинские,Xatr-ua,Xatr-ua,ATR,True,1,ok
Kvartal TV int. HD,Украинские,,,Kvartal TV int. HD,False,1,ok
Квартал ТВ,Украинские,Xkvartal-tv,Xkvartal-tv,Квартал ТВ,True,1,ok
Мега HD,Украинские,Xmega-ua,Xmega-ua,Мега HD,True,1,ok
Мега,Украинские,Xmega-ua,Xmega-ua,Мега,True,1,ok
Enter-фільм,Украинские,Xenter-film,Xenter-film,Enter-фільм,True,1,ok
Enter-фільм HD,Украинские,Xenter-film,Xenter-film,Enter-фільм HD,True,1,ok
Оце HD,Украинские,Xotse,Xotse,Оце HD,True,1,ok
Рада,Украинские,Xrada-ua,Xrada-ua,Рада,True,1,ok
Бігуді,Украинские,Xbigudi,Xbigudi,Бігуді,True,1,ok
Первый Автомобильный,Украинские,X1auto,X1auto,Первый Автомобильный,True,1,ok
Ревізор,Украинские,,,Ревізор,False,1,ok
Исландия,Украинские,Xislandiya,Xislandiya,Исландия,True,1,ok
Вікторина,Украинские,,,Вікторина,False,1,ok
Сонце,Украинские,Xsonce-ua,Xsonce-ua,Сонце,True,1,ok
Кус-кус,Украинские,Xkus-kus,Xkus-kus,Кус-кус,True,1,ok
Zoom HD,Украинские,Xzoom-ua,Xzoom-ua,Zoom HD,True,1,ok
Zoom,Украинские,,Xzoom-ua,Zoom,False,2,ok
ТРК Київ,Украинские,Xkyiv-ua,Xkyiv-ua,ТРК Київ,True,1,ok
Дом,Украинские,Xdom,Xdom,Дом,True,1,ok
Суспільне Полтава,Украинские,suspilne-poltava,suspilne-poltava,Суспільне Полтава,True,1,ok
UA:Культура,Украинские,Xkultura-ua,Xkultura-ua,UA:Культура,True,1,ok
UA:Одесcа,Украинские,Xua-odesa,Xua-odesa,UA:Одесcа,True,1,ok
UA: Херсон,Украинские,Xua-xerson,Xua-xerson,UA: Херсон,True,1,ok
Первый городской Одесса,Украинские,pervy-gorodskoy-odessa,pervy-gorodskoy-odessa,Первый городской Одесса,True,1,ok
ПТРК (Павлоград),Украинские,Xptrk-pavlograd,Xptrk-pavlograd,ПТРК (Павлоград),True,1,ok
НТК КОЛОМИЯ,Украинские,,,НТК КОЛОМИЯ,False,1,ok
Апостроф TV,Украинские,Xapostrof,Xapostrof,Апостроф TV,True,1,ok
ТРК Круг,Украинские,,,ТРК Круг,False,1,ok
Караван ТВ,Украинские,Xkaravan-tv,Xkaravan-tv,Караван ТВ,True,1,ok
Чернівецький промінь,Украинские,,,Чернівецький промінь,False,1,ok
ТВА,Украинские,Xtva-ua,Xtva-ua,ТВА,True,1,ok
TV7+ Проскурів,Украинские,,,TV7+ Проскурів,False,1,ok
Перший Подільський,Украинские,,,Перший Подільський,False,1,ok
ОТБ Галичина,Украинские,Xotb-galychyna,Xotb-galychyna,ОТБ Галичина,True,1,ok
11 канал Дніпро,Украинские,8898,8898,11 канал Дніпро,True,1,ok
РАІ,Украинские,Xraiua,Xraiua,РАІ,True,1,ok
Рівне-1,Украинские,Xrivne1,Xrivne1,Рівне-1,True,1,ok
Віта  ТБ (Вінниця) HD,Украинские,,,Віта  ТБ (Вінниця) HD,False,1,ok
ITV HD (Рівне),Украинские,,,ITV HD (Рівне),False,1,ok
Первый городской (Кривой Рог),Украинские,Xpervy-gorodskoy-kryvrig,Xpervy-gorodskoy-kryvrig,Первый городской (Кривой Рог),True,1,ok
Сварожичи,Украинские,svarozhichi,svarozhichi,Сварожичи,True,1,ok
СК1,Украинские,ck1-ua,ck1-ua,СК1,True,1,ok
Орбіта,Украинские,,,Орбіта,False,1,ok
C4 (Чернівці),Украинские,c4-chernivci,c4-chernivci,C4 (Чернівці),True,1,ok
Розпакуй.TV,Украинские,Xrozpakujtv,Xrozpakujtv,Розпакуй.TV,True,1,ok
Снятин HD,Украинские,,,Снятин HD,False,1,ok
Сонце+,Украинские,Xsonce-ua,Xsonce-ua,Сонце+,True,1,ok
Місто+,Украинские,,,Місто+,False,1,ok
D1 (Дніпропетровщина),Украинские,,,D1 (Дніпропетровщина),False,1,ok
Март (Миколаїв),Украинские,,,Март (Миколаїв),False,1,ok
Дніпро TV HD,Украинские,51 канал,51 канал,Дніпро TV HD,True,1,ok
Візит HD,Украинские,,,Візит HD,False,1,ok
Випадковий Свідок,Украинские,,,Випадковий Свідок,False,1,ok
Вгадай Мелодію HD,Украинские,,,Вгадай Мелодію HD,False,1,ok
Справа НБР HD,Украинские,,,Справа НБР HD,False,1,ok
Розслідування з Данілевичем HD,Украинские,,,Розслідування з Данілевичем HD,False,1,ok
Таємниці ДНК HD,Украинские,,,Таємниці ДНК HD,False,1,ok
Детектор Брехні HD,Украинские,,,Детектор Брехні HD,False,1,ok
TIC (Одеса),Украинские,,,TIC (Одеса),False,1,ok
LUX TV,Украинские,luxtv,luxtv,LUX TV,True,1,ok
Viasat Kino HD,Кино,Xtv1000-cee,Xtv1000-cee,Viasat Kino HD,True,1,ok
Viasat Kino Action HD,Кино,Xtv1000-action-cee,Xtv1000-action-cee,Viasat Kino Action HD,True,1,ok
Viasat True Crime CEE,Кино,Xviasat-true-crime-cee,Xviasat-true-crime-cee,Viasat True Crime CEE,True,1,ok
Viasat Kino Comedy HD,Кино,Xvip-comedy-cee,Xvip-comedy-cee,Viasat Kino Comedy HD,True,1,ok
Viasat Kino World,Кино,Xtv1000-worldkino,Xtv1000-worldkino,Viasat Kino World,True,1,ok
Viasat Serial,Кино,Xviasat-serial,Xviasat-serial,Viasat Serial,True,1,ok
Viju TV1000,Кино,Xtv1000,Xtv1000,Viju TV1000,True,1,ok
Viju TV1000 HD,Кино,Xtv1000,Xtv1000,Viju TV1000 HD,True,1,ok
Viju TV1000 Action,Кино,Xtv1000-action,Xtv1000-action,Viju TV1000 Action,True,1,ok
Viju TV1000 Action HD,Кино,Xtv1000-action,Xtv1000-action,Viju TV1000 Action HD,True,1,ok
Viju TV1000 Новелла,Кино,Xviju-tv1000-novella,Xviju-tv1000-novella,Viju TV1000 Новелла,True,1,ok
Viju TV1000 Русское кино HD,Кино,Xtv1000-russkoe-kino,Xtv1000-russkoe-kino,Viju TV1000 Русское кино HD,True,1,ok
Viju TV1000 Русское кино,Кино,Xtv1000-russkoe-kino,Xtv1000-russkoe-kino,Viju TV1000 Русское кино,True,1,ok
Viju TV1000 Romantica,Кино,Xviju-tv1000-romantica,Xviju-tv1000-romantica,Viju TV1000 Romantica,True,1,ok
Viju+ Serial HD,Кино,Xvip-serial,Xvip-serial,Viju+ Serial HD,True,1,ok
Viju+ Comedy HD,Кино,Xvip-comedy,Xvip-comedy,Viju+ Comedy HD,True,1,ok
Viju+ Megahit HD,Кино,Xvip-megahit,Xvip-megahit,VIP Megahit HD,True,1,ok
Viju+ Premiere HD,Кино,Xvip-premiere,Xvip-premiere,VIP Premiere HD,True,1,ok
Душевное HD,Кино,Xdushevnoe-hd,Xdushevnoe-hd,Душевное HD,True,1,ok
Наше крутое HD,Кино,Xnash-detektiv,Xnash-detektiv,Наше крутое HD,True,1,ok
Наше любимое HD,Кино,Xnashe-lubimoe,Xnashe-lubimoe,Наше любимое HD,True,1,ok
Наше любимое кино UA,Кино,Xnashe-lubimoe-kino-ua,Xnashe-lubimoe-kino-ua,Наше любимое кино UA,True,1,ok
Наш Кинопоказ HD,Кино,Xnash-kinopokaz,Xnash-kinopokaz,Наш Кинопоказ HD,True,1,ok
Наше Мужское HD,Кино,Xnashe-muzhskoe,Xnashe-muzhskoe,Наше Мужское HD,True,1,ok
KION Хит,Кино,Xkion-xit,Xkion-xit,KION Хит,True,1,ok
Хит HD,Кино,Xkhit,Xkhit,Хит HD,True,1,ok
Блокбастер HD,Кино,Xblokbaster,Xblokbaster,Блокбастер HD,True,1,ok
Остросюжетное HD,Кино,Xostrosiuzhetnoe-hd,Xostrosiuzhetnoe-hd,Остросюжетное HD,True,1,ok
Страшное HD,Кино,Xstrashnoe-hd,Xstrashnoe-hd,Страшное HD,True,1,ok
Киноужас HD,Кино,Xkinouzhas,Xkinouzhas,Киноужас HD,True,1,ok
Про Любовь HD,Кино,Xpro-lyubov,Xpro-lyubov,Про Любовь HD,True,1,ok
Премиальное HD,Кино,Xkinopremium-hd,Xkinopremium-hd,Премиальное HD,True,1,ok
Кинопремьера HD,Кино,Xkinopremiera-hd,Xkinopremiera-hd,Кинопремьера HD,True,1,ok
Камеди HD,Кино,Xkamedi,Xkamedi,Камеди HD,True,1,ok
Кинохит,Кино,Xkinoxit,Xkinoxit,Кинохит,True,1,ok
Киносемья,Кино,Xkinosemiya,Xkinosemiya,Киносемья,True,1,ok
Киносемья HD,Кино,Xkinosemiya,Xkinosemiya,Киносемья HD,True,1,ok
Киносвидание,Кино,Xkinosvidanie,Xkinosvidanie,Киносвидание,True,1,ok
Кинокомедия,Кино,Xkinokomedia,Xkinokomedia,Кинокомедия,True,1,ok
Шокирующее,Кино,Xshokiruyushchee-hd,Xshokiruyushchee-hd,Шокирующее,True,1,ok
Комедийное,Кино,Xkomedijnoe-hd,Xkomedijnoe-hd,Комедийное,True,1,ok
Лавстори HD,Кино,Xlavstori,Xlavstori,Лавстори HD,True,1,ok
Premium HD,Кино,,,,False,1,ok
Premiere HD,Кино,Xpremiere-hd,Xpremiere-hd,Premiere HD,True,1,ok
VHS HD,Кино,,,,False,1,ok
Thriller HD,Кино,,,,False,1,ok
РуКино HD,Кино,,,,False,1,ok
Serial HD,Кино,Xserial-hd,Xserial-hd,Serial HD,True,1,ok
Paradise HD,Кино,Xparadise-hd,Xparadise-hd,Paradise HD,True,1,ok
Victory HD,Кино,Xvictory-hd,Xvictory-hd,Victory HD,True,1,ok
USSR HD,Кино,Xussr-premieregroup,Xussr-premieregroup,USSR HD,True,1,ok
Paradox HD,Кино,Xparadox-hd,Xparadox-hd,Paradox HD,True,1,ok
Insomnia HD,Кино,,,,False,1,ok
AMEDIA 1 HD,Кино,Xamedia1,Xamedia1,AMEDIA 1 HD,True,1,ok
Amedia 1,Кино,Xamedia1,Xamedia1,Amedia 1,True,1,ok
Amedia 2,Кино,Xamedia2,Xamedia2,Amedia 2,True,1,ok
Amedia Hit,Кино,Xamedia-hit,Xamedia-hit,Amedia Hit,True,1,ok
AMEDIA Premium HD,Кино,Xamedia-premium,Xamedia-premium,AMEDIA Premium HD,True,1,ok
Amedia premium,Кино,Xamedia-premium,Xamedia-premium,Amedia premium,True,1,ok
Fox Life HD,Кино,Xfoxlife,Xfoxlife,Fox Life HD,True,1,ok
Fox Life,Кино,Xfoxlife,Xfoxlife,Fox Life,True,1,ok
Fox HD,Кино,Xfox,Xfox,Fox HD,True,1,ok
Fox,Кино,Xfox,Xfox,Fox,True,1,ok
Epic Drama HD,Кино,XEpic.Drama.ro,XEpic.Drama.ro,Epic Drama HD,True,3,ok
.black,Кино,Xsony-turbo,Xsony-turbo,.black,True,1,ok
.red SD,Кино,Xsony-enter,Xsony-enter,Sony Entertainment Television,True,1,ok
.red HD,Кино,Xsony-tv,Xsony-tv,.red HD,True,1,ok
.sci-fi,Кино,Xsony-scifi,Xsony-scifi,.sci-fi,True,1,ok
AMC,Кино,amc,amc,AMC,True,3,ok
Premiere HD 1,Кино,Xpremierehd1,Xpremierehd1,Premiere HD 1,True,1,ok
Premiere HD 2,Кино,Xpremierehd2,Xpremierehd2,Premiere HD 2,True,1,ok
Premiere HD 3,Кино,,,,False,1,ok
Premiere HD 4,Кино,,,,False,1,ok
Bollywood HD,Кино,Xbollywood-hd,Xbollywood-hd,Bollywood HD,True,1,ok
Hollywood HD,Кино,hollywood-hd,hollywood-hd,Hollywood HD,True,1,ok
TV XXI,Кино,Xtvxxi,Xtvxxi,TV XXI,True,1,ok
Epic,Кино,Xepic,Xepic,Epic,True,1,ok
НТВ Сериал,Кино,Xntv-serial,Xntv-serial,НТВ Сериал,True,1,ok
НТВ Хит,Кино,Xntv-xit,Xntv-xit,НТВ Хит,True,1,ok
Кинопоказ,Кино,Xkinopokaz,Xkinopokaz,Кинопоказ,True,1,ok
Киносат,Кино,Xkinosat,Xkinosat,Киносат,True,1,ok
Кино ТВ HD,Кино,Xkino-tv,Xkino-tv,Кино ТВ HD,True,1,ok
Серіал Україна 1,Кино,,,,False,1,ok
Серіал Україна 2,Кино,,,,False,1,ok
NOW Series HD,Кино,Xnow-series,Xnow-series,NOW Series HD,True,1,ok
1+1 Кіно,Кино,1plus1kino-ua,1plus1kino-ua,1+1 Кіно,True,1,ok
Cine+ HD,Кино,Xcine-plus,Xcine-plus,Cine+ HD,True,1,ok
Cine+ Hit HD,Кино,Xcine-plus-hit-hd,Xcine-plus-hit-hd,Cine+ Hit HD,True,1,ok
Cine+ Legend,Кино,Xcine-plus-ledend,Xcine-plus-ledend,Cine+ Legend,True,1,ok
Твоє Кіно Хіт,Кино,Xtvoje-kino-xit,Xtvoje-kino-xit,Твоє Кіно Хіт,True,1,ok
Твоє Кіно Action,Кино,Xtvoje-kino-action,Xtvoje-kino-action,Твоє Кіно Action,True,1,ok
Твоє Кіно Relax,Кино,Xtvoje-kino-relax,Xtvoje-kino-relax,Твоє Кіно Relax,True,1,ok
4ever Theater HD,Кино,X4ever-theater,X4ever-theater,4ever Theater HD,True,1,ok
4ever Cinema HD,Кино,X4ever-cinema,X4ever-cinema,4ever Cinema HD,True,1,ok
4ever Drama HD,Кино,X4ever-drama,X4ever-drama,4ever Drama HD,True,1,ok
FilmUA Drama,Кино,Xfilmua-drama,Xfilmua-drama,FilmUA Drama,True,1,ok
Киножелезо HD,Кино,okko-tv,okko-tv,Киножелезо HD,True,2,ok
Kinowood,Кино,Xkinowood,Xkinowood,Kinowood,True,1,ok
Детское Кино International,Кино,detkinoint-tviksel,detkinoint-tviksel,Детское Кино International,True,1,ok
Lost HD,Кино,4772,4772,Lost HD,True,1,ok
BEST Films HD,Кино,Best Films,Best Films,BEST Films HD,True,1,ok
Кинодром,Кино,,,,False,1,ok
Воен ТВ,Кино,Воен ТВ HD,Воен ТВ HD,Воен ТВ,True,1,ok
Кино 1 international,Кино,kino1int-tviksel,kino1int-tviksel,Кино 1 international,True,1,ok
Окко ТВ H,Кино,okko-tv,okko-tv,Окко ТВ H,True,1,ok
НТВ Сериал Шеф,Кино,,,,False,1,ok
НТВ Сериал Невский,Кино,,,,False,1,ok
НТВ Сериал Первый Отде,Кино,,,,False,1,ok
НТВ Сериал Скорая Помощь,Кино,,,,False,1,ok
НТВ Сериал Следствие Вели,Кино,,,,False,1,ok
НТВ Сериал Пять Минут Тишины,Кино,,,,False,1,ok
Тех Лет ТВ,Кино,Тех Лет ТВ,Тех Лет ТВ,Тех Лет ТВ,True,1,ok
Муви ТВ,Кино,muvitv,muvitv,Муви ТВ,True,1,ok
Новелла ТВ,Кино,12593,12593,Новелла ТВ,True,1,ok
Ужасы HD,Кино,Ужасы HD,Ужасы HD,Ужасы HD,True,1,ok
Тайна,Кино,tayna,tayna,Тайна,True,1,ok
Киноман,Кино,kinosat,kinosat,Киноман,True,1,ok
Киносезон,Кино,kinosezon,kinosezon,Киносезон,True,1,ok
Кино 24/7,Кино,,,,False,1,ok
Кино Топ,Кино,,,,False,1,ok
Лента Кино,Кино,,,,False,1,ok
Детектив HD,Кино,,,,False,1,ok
Киножелезо HD,Кино,okko-tv,okko-tv,Киножелезо HD,True,2,ok
Кинолаффка HD,Кино,,,,False,1,ok
Кино и Жизнь,Кино,kino-i-zhizn,kino-i-zhizn,Кино и Жизнь,True,1,ok
Star Media,Кино,,,,False,1,ok
VHS-ка HD,Кино,Xvhs-ka,Xvhs-ka,VHS-ка HD,True,1,ok
Среда,Кино,sreda,sreda,Среда,True,1,ok
Честный Детекти,Кино,,,,False,1,ok
Plan B,Кино,Xplan-b,Xplan-b,Plan B,True,1,ok
Киноджем 1 HD,Кино,Xkinojam1,Xkinojam1,Киноджем 1 HD,True,1,ok
Киноджем 2 HD,Кино,Xkinojam2,Xkinojam2,Киноджем 2 HD,True,1,ok
DetectiveJam,Кино,Xdetectivejam,Xdetectivejam,DetectiveJam,True,1,ok
FamilyJam,Кино,Xfamilyjam,Xfamilyjam,FamilyJam,True,1,ok
Go3 Films,Кино,Xtv1000-premium,Xtv1000-premium,Go3 Films,True,1,ok
FilmZone,Кино,Xfilmzone,Xfilmzone,FilmZone,True,1,ok
FilmZone Plus,Кино,Xfilmzone-plus-lt,Xfilmzone-plus-lt,FilmZone Plus,True,1,ok
FilmBox,Кино,Xfilmbox-ru,Xfilmbox-ru,FilmBox,True,1,ok
FilmBox Arthouse,Кино,Xfilmbox-arthouse,Xfilmbox-arthouse,FilmBox Arthouse,True,1,ok
Дорама,Кино,Xdorama,Xdorama,Дорама,True,1,ok
Дорама HD,Кино,Xdorama,Xdorama,Дорама HD,True,1,ok
Star Cinema HD,Кино,Xstar-cinema-ua,Xstar-cinema-ua,Star Cinema HD,True,1,ok
Star Cinema,Кино,Xstar-cinema-ua,Xstar-cinema-ua,Star Cinema,True,1,ok
Star Family HD,Кино,,,,False,1,ok
Киносериал,Кино,Xq-kino-alem,Xq-kino-alem,Киносериал,True,2,ok
Кинодрама,Кино,Xq-kino-hit,Xq-kino-hit,Кинодрама,True,2,ok
Семейное Кино,Кино,Xsemejnoe-kino-kz,Xsemejnoe-kino-kz,Семейное Кино,True,2,ok
Премиум Кино,Кино,Xpremium-kino-kz,Xpremium-kino-kz,Премиум Кино,True,2,ok
Кинобоевик,Кино,Xkinoboevik-kz,Xkinoboevik-kz,Кинобоевик,True,2,ok
Мировое Кино,Кино,Xmirovoe-kino-kz,Xmirovoe-kino-kz,Мировое Кино,True,2,ok
Романтичное HD,Кино,Xromantichnoe,Xromantichnoe,Романтичное HD,True,1,ok
Bolt HD,Кино,Xbolt-ru,Xbolt-ru,Bolt HD,True,1,ok
Bolt HD Украина,Кино,Xbolt,Xbolt,Bolt HD Украина,True,1,ok
KinoLiving HD,Кино,Xkinoliving,Xkinoliving,KinoLiving HD,True,1,ok
Kinosweet,Кино,Xkinosweet,Xkinosweet,Kinosweet,True,1,ok
Kino 1,Кино,Xkino-1,Xkino-1,Kino 1,True,1,ok
Kino 24,Кино,Xkino-24,Xkino-24,Kino 24,True,1,ok
ProKino,Кино,Xprokino,Xprokino,ProKino,True,1,ok
Start World HD,Кино,Xstart-world,Xstart-world,Start World HD,True,1,ok
Start World,Кино,Xstart-world,Xstart-world,Start World,True,1,ok
Start Air HD,Кино,Xstart-air,Xstart-air,Start Air HD,True,1,ok
Start Air,Кино,Xstart-air,Xstart-air,Start Air,True,1,ok
САПФИР,Кино,Xsapfir,Xsapfir,САПФИР,True,1,ok
Кинеко,Кино,Xkineko,Xkineko,Кинеко,True,1,ok
Родное кино,Кино,Xrodnoe-kino,Xrodnoe-kino,Родное кино,True,1,ok
Дом Кино,Кино,Xdomkino,Xdomkino,Дом Кино,True,1,ok
Дом кино премиум HD,Кино,Xdomkino-premium,Xdomkino-premium,Дом кино премиум HD,True,1,ok
Еврокино,Кино,Xevrokino,Xevrokino,Еврокино,True,1,ok
Русский роман,Кино,Xrussky-roman,Xrussky-roman,Русский роман,True,1,ok
Русский Иллюзион,Кино,Xrussky-illuzion,Xrussky-illuzion,Русский Иллюзион,True,1,ok
Мосфильм. Золотая коллекция,Кино,Xmosfilm,Xmosfilm,Мосфильм. Золотая коллекция,True,1,ok
Мосфильм HD,Кино,Xmosfilm,Xmosfilm,Мосфильм HD,True,1,ok
Иллюзион +,Кино,Xilluzion-plus,Xilluzion-plus,Иллюзион +,True,1,ok
Мужское кино,Кино,Xmuzhskoe-kino,Xmuzhskoe-kino,Мужское кино,True,1,ok
Наше новое кино,Кино,Xnashe-novoe-kino,Xnashe-novoe-kino,Наше новое кино,True,1,ok
Trash TV,Кино,Xtrashtv,Xtrashtv,Trash TV,True,1,ok
Советское кино,Кино,Xsov-kinklass,Xsov-kinklass,Советское кино,True,1,ok
Победа,Кино,Xpobeda,Xpobeda,Победа,True,1,ok
День Победы HD,Кино,Xdenpobedy,Xdenpobedy,День Победы HD,True,1,ok
Комедия,Кино,Xrusskaya-komedia,Xrusskaya-komedia,Комедия,True,1,ok
Русский бестселлер,Кино,Xrussky-bestseller,Xrussky-bestseller,Русский бестселлер,True,1,ok
Русский детектив,Кино,Xrussky-detektiv,Xrussky-detektiv,Русский детектив,True,1,ok
Киномикс,Кино,Xkinomiks,Xkinomiks,Киномикс,True,1,ok
Киносерия,Кино,Xkinoseria,Xkinoseria,Киносерия,True,1,ok
Любимое кино HD,Кино,Xlubimoe-kino,Xlubimoe-kino,Любимое кино HD,True,1,ok
Любимое кино,Кино,Xlubimoe-kino,Xlubimoe-kino,Любимое кино,True,1,ok
Мир сериала,Кино,Xmir-seriala,Xmir-seriala,Мир сериала,True,1,ok
Cinema,Кино,Xcinema-ru,Xcinema-ru,Cinema,True,1,ok
Индия,Кино,Xzee-tv,Xzee-tv,Индия,True,1,ok
Индийское Кино,Кино,Xindiyskoe-kino,Xindiyskoe-kino,Индийское Кино,True,1,ok
Феникс+ Кино,Кино,Xfeniks-plus-kino,Xfeniks-plus-kino,Феникс+ Кино,True,1,ok
ТВ3,Кино,Xtv3-ru,Xtv3-ru,ТВ3,True,1,ok
НСТ,Кино,Xnst,Xnst,НСТ,True,1,ok
Shot TV,Кино,Xshot-tv,Xshot-tv,Shot TV,True,1,ok
Russian Extreme Ultra HD,Кино,Xrussian-extreme-uhd,Xrussian-extreme-uhd,Russian Extreme Ultra HD,True,1,ok
Kino 2 HD,Кино,kino2-tviksel,kino2-tviksel,Kino 2 HD,True,1,ok
Кіно Та Серіали,Кино,,,,False,1,ok
Патриот,Кино,patriot,patriot,Патриот,True,1,ok
Новый Русский HD,Кино,,,,False,1,ok
Смотрим 100% Классика,Кино,smotrim-100-klassika,smotrim-100-klassika,Смотрим 100% Классика,True,1,ok
Смотрим 100% Любовь,Кино,smotrim-100-lubov,smotrim-100-lubov,Смотрим 100% Любовь,True,1,ok
Смотрим 100% Факты,Кино,smotrim-100-fakty,smotrim-100-fakty,Смотрим 100% Факты,True,1,ok
Смотрим 100% Мужское,Кино,smotrim-100-muzhskoe,smotrim-100-muzhskoe,Смотрим 100% Мужское,True,1,ok
Смотрим 100% Праздник,Кино,smotrim-100-prazdnik,smotrim-100-prazdnik,Смотрим 100% Праздник,True,1,ok
Смотрим 100% Детское,Кино,smotrim-100-detskoe,smotrim-100-detskoe,Смотрим 100% Детское,True,1,ok
Военное кино,Кино,voenkino-tviksel,voenkino-tviksel,Военное кино,True,1,ok
Мы,Кино,myy,myy,Мы,True,1,ok
Timeless Dizi Channel,Кино,timeless-dizi,timeless-dizi,Timeless Dizi Channel,True,1,ok
Пес HD,Кино,,,,False,1,ok
Play-X Кухня,Кино,,,,False,1,ok
Play-X Военные сериалы,Кино,,,,False,1,ok
Play-X Леонид Гайдай,Кино,,,,False,1,ok
ТСВ,Кино,Xtcb,Xtcb,ТСВ,True,1,ok
BCU Action HD,Кинозалы,Xbcu-action,Xbcu-action,BCU Action HD,True,1,ok
BCU Comedy HD,Кинозалы,Xbcu-comedy,Xbcu-comedy,BCU Comedy HD,True,1,ok
BCU Catastrophe HD,Кинозалы,Xbcu-catastrophe,Xbcu-catastrophe,BCU Catastrophe HD,True,1,ok
BCU Cinema HD,Кинозалы,Xbcu-cinema,Xbcu-cinema,BCU Cinema HD,True,1,ok
BCU CINEMA+ HD,Кинозалы,Xbcu-cinemaplus,Xbcu-cinemaplus,BCU CINEMA+ HD,True,1,ok
BCU STARS HD,Кинозалы,Xbcu-stars,Xbcu-stars,BCU STARS HD,True,1,ok
BCU Fantastic HD,Кинозалы,Xbcu-fantastic,Xbcu-fantastic,BCU Fantastic HD,True,1,ok
BCU Reality HD,Кинозалы,Xbcu-reality,Xbcu-reality,BCU Reality HD,True,1,ok
BCU FilMystic HD,Кинозалы,Xbcu-filmystic,Xbcu-filmystic,BCU FilMystic HD,True,1,ok
BCU History HD,Кинозалы,Xbcu-history,Xbcu-history,BCU History HD,True,1,ok
BCU Kinorating HD,Кинозалы,Xbcu-kinorating,Xbcu-kinorating,BCU Kinorating HD,True,1,ok
BCU Marvel,Кинозалы,Xbcu-marvel,Xbcu-marvel,BCU Marvel,True,1,ok
BCU Marvel OLD,Кинозалы,bcu-marvel,bcu-marvel,BCU Marvel OLD,True,1,ok
BCU Premiere HD,Кинозалы,Xbcu-premiere,Xbcu-premiere,BCU Premiere HD,True,1,ok
BCU Romantic HD,Кинозалы,Xbcu-romantic,Xbcu-romantic,BCU Romantic HD,True,1,ok
BCU Russian HD,Кинозалы,Xbcu-russian,Xbcu-russian,BCU Russian HD,True,1,ok
BCU Russia 90s HD,Кинозалы,bcu-russia90s,bcu-russia90s,BCU Russia 90s HD,True,1,ok
BCU TruMotion HD,Кинозалы,Xbcu-trumotion,Xbcu-trumotion,BCU TruMotion HD,True,1,ok
BCU VHS HD,Кинозалы,Xbcu-vhs,Xbcu-vhs,BCU VHS HD,True,1,ok
BCU Кинозал Premiere 1 HD,Кинозалы,Xbcu-kinozal-prem-1,Xbcu-kinozal-prem-1,BCU Кинозал Premiere 1 HD,True,1,ok
BCU Кинозал Premiere 2 HD,Кинозалы,Xbcu-kinozal-prem-2,Xbcu-kinozal-prem-2,BCU Кинозал Premiere 2 HD,True,1,ok
BCU Кинозал Premiere 3 HD,Кинозалы,Xbcu-kinozal-prem-3,Xbcu-kinozal-prem-3,BCU Кинозал Premiere 3 HD,True,1,ok
BCU Survival HD,Кинозалы,Xbcu-survival,Xbcu-survival,BCU Survival HD,True,1,ok
BCU СВАТЫ HD,Кинозалы,Xbcu-svaty,Xbcu-svaty,BCU СВАТЫ HD,True,1,ok
BCU Ruserial HD,Кинозалы,Xbcu-ruserial,Xbcu-ruserial,BCU Ruserial HD,True,1,ok
BCU СССР HD,Кинозалы,Xbcu-sssr,Xbcu-sssr,BCU СССР HD,True,1,ok
BCU Cosmo HD,Кинозалы,Xbcu-cosmo,Xbcu-cosmo,BCU Cosmo HD,True,1,ok
BCUMEDIA HD,Кинозалы,bcu-media,bcu-media,BCUMEDIA HD,True,1,ok
BCUMEDIA OLD,Кинозалы,BCUMedia OLD,BCUMedia OLD,BCUMEDIA OLD,True,1,ok
BCU Criminal HD,Кинозалы,Xbcu-criminal,Xbcu-criminal,BCU Criminal HD,True,1,ok
BCU Premiere 1 HDR,Кинозалы,bcu-kinozal-prem-1,bcu-kinozal-prem-1,BCU Premiere 1 HDR,True,1,ok
BCU NEW MEDIA 2,Кинозалы,,,,False,1,ok
BCU Premiere 2 HDR,Кинозалы,bcu-kinozal-prem-2,bcu-kinozal-prem-2,BCU Premiere 2 HDR,True,1,ok
BCU Premiere 3 HDR,Кинозалы,Xbcu-media-3-hdr,Xbcu-media-3-hdr,BCU Premiere 3 HDR,True,1,ok
BCU Reality OLD,Кинозалы,bcu-reality,bcu-reality,BCU Reality OLD,True,1,ok
BCU Comedy OLD,Кинозалы,bcu-comedy,bcu-comedy,BCU Comedy OLD,True,1,ok
BCU Survival OLD,Кинозалы,bcu-survival,bcu-survival,BCU Survival OLD,True,1,ok
BCU Romantic OLD,Кинозалы,bcu-romantic,bcu-romantic,BCU Romantic OLD,True,1,ok
BCU Premiere HDR,Кинозалы,Xbcu-premiere,Xbcu-premiere,BCU Premiere HDR,True,1,ok
BCU Fantastic HDR,Кинозалы,Xbcu-fantastic,Xbcu-fantastic,BCU Fantastic HDR,True,1,ok
BCU Cosmo HDR,Кинозалы,Xbcu-cosmo,Xbcu-cosmo,BCU Cosmo HDR,True,1,ok
BCU Action HDR,Кинозалы,Xbcu-action,Xbcu-action,BCU Action HDR,True,1,ok
BCU FilMystic HDR,Кинозалы,Xbcu-filmystic,Xbcu-filmystic,BCU FilMystic HDR,True,1,ok
BCUMEDIA_3_HDR,Кинозалы,bcu-media-3,bcu-media-3,BCUMEDIA_3_HDR,True,1,ok
BCU_BIOGRAPHY_HDR,Кинозалы,bcu-biography,bcu-biography,BCU_BIOGRAPHY_HDR,True,1,ok
BCU_UTIFY_1_HDR,Кинозалы,bcu-unity-1,bcu-unity-1,BCU_UTIFY_1_HDR,True,1,ok
BCU_UTIFY_2_HD,Кинозалы,bcu-unity-2,bcu-unity-2,BCU_UTIFY_2_HD,True,1,ok
BCU_UTIFY_3_HD,Кинозалы,bcu-unity-3,bcu-unity-3,BCU_UTIFY_3_HD,True,1,ok
VeleS Криминальный,Кинозалы,veles-criminal,veles-criminal,VeleS Криминальный,True,1,ok
VeleS Наше Кино,Кинозалы,veles-our-cinema,veles-our-cinema,VeleS Наше Кино,True,1,ok
VeleS Вестерн,Кинозалы,veles-vestern,veles-vestern,VeleS Вестерн,True,1,ok
VeleS 60FPS,Кинозалы,Xveles-60fps,Xveles-60fps,VeleS 60FPS,True,1,ok
VeleS С Новым годом!,Кинозалы,velesyear-new,velesyear-new,VeleS С Новым годом!,True,1,ok
VeleS Комедия,Кинозалы,veles-comedy,veles-comedy,VeleS Комедия,True,1,ok
VeleS Аниме,Кинозалы,veles-anime,veles-anime,VeleS Аниме,True,1,ok
VeleS Триллер,Кинозалы,veles-triller,veles-triller,VeleS Триллер,True,1,ok
VeleS Семейный,Кинозалы,veles-family,veles-family,VeleS Семейный,True,1,ok
VeleS Гоблин,Кинозалы,veles-goblin,veles-goblin,VeleS Гоблин,True,1,ok
VeleS Киноплёнка,Кинозалы,veles-kinoplenka,veles-kinoplenka,VeleS Киноплёнка,True,1,ok
VeleS Dj Set,Кинозалы,veles-djset,veles-djset,VeleS Dj Set,True,1,ok
VeleS Киносерия,Кинозалы,veles-kinoseries,veles-kinoseries,VeleS Киносерия,True,1,ok
VeleS Premiere,Кинозалы,veles-premiere,veles-premiere,VeleS Premiere,True,1,ok
VeleS Страшное,Кинозалы,veles-strashnoe,veles-strashnoe,VeleS Страшное,True,1,ok
VeleS СССР,Кинозалы,veles-ussr,veles-ussr,VeleS СССР,True,1,ok
VeleS Movie Hits,Кинозалы,veles-movie-hits,veles-movie-hits,VeleS Movie Hits,True,1,ok
VeleS Kids,Кинозалы,veles-kids,veles-kids,VeleS Kids,True,1,ok
TvBoom.ViP,Кинозалы,tvboomvip,tvboomvip,TvBoom.ViP,True,1,ok
Tricolor Cinema 1,Кинозалы,Xzal-01-tricolor,Xzal-01-tricolor,Tricolor Cinema 1,True,1,ok
Tricolor Cinema 2,Кинозалы,Xzal-02-tricolor,Xzal-02-tricolor,Tricolor Cinema 2,True,1,ok
Tricolor Cinema 3,Кинозалы,Xzal-03-tricolor,Xzal-03-tricolor,Tricolor Cinema 3,True,1,ok
Tricolor Cinema 4,Кинозалы,Xzal-04-tricolor,Xzal-04-tricolor,Tricolor Cinema 4,True,1,ok
Tricolor Cinema 5,Кинозалы,Xzal-05-tricolor,Xzal-05-tricolor,Tricolor Cinema 5,True,1,ok
Tricolor Cinema 6,Кинозалы,Xzal-06-tricolor,Xzal-06-tricolor,Tricolor Cinema 6,True,1,ok
Tricolor Cinema 7,Кинозалы,Xzal-07-tricolor,Xzal-07-tricolor,Tricolor Cinema 7,True,1,ok
Tricolor Cinema 8,Кинозалы,Xzal-08-tricolor,Xzal-08-tricolor,Tricolor Cinema 8,True,1,ok
Tricolor Cinema 9,Кинозалы,Xzal-09-tricolor,Xzal-09-tricolor,Tricolor Cinema 9,True,1,ok
Tricolor Cinema 10,Кинозалы,Xzal-10-tricolor,Xzal-10-tricolor,Tricolor Cinema 10,True,1,ok
Tricolor Cinema 11,Кинозалы,Xzal-11-tricolor,Xzal-11-tricolor,Tricolor Cinema 11,True,1,ok
Fresh TV Armenia,Кинозалы,Fresh TV Armenia,Fresh TV Armenia,Fresh TV Armenia,True,1,ok
Fresh Soviet,Кинозалы,Xfresh-soviet,Xfresh-soviet,Fresh Soviet,True,1,ok
Fresh Series,Кинозалы,Xfresh-series,Xfresh-series,Fresh Series,True,1,ok
Fresh Fantastic,Кинозалы,Xfresh-fantastic,Xfresh-fantastic,Fresh Fantastic,True,1,ok
Fresh VHS,Кинозалы,Xfresh-vhs,Xfresh-vhs,Fresh VHS,True,1,ok
Fresh Rating,Кинозалы,Xfresh-rating,Xfresh-rating,Fresh Rating,True,1,ok
Fresh Family,Кинозалы,Xfresh-family,Xfresh-family,Fresh Family,True,1,ok
Fresh Premiere,Кинозалы,Xfresh-premiere,Xfresh-premiere,Fresh Premiere,True,1,ok
Fresh Comedy,Кинозалы,Xfresh-comedy,Xfresh-comedy,Fresh Comedy,True,1,ok
Fresh Kids,Кинозалы,Xfresh-kids,Xfresh-kids,Fresh Kids,True,1,ok
Fresh Cinema,Кинозалы,Xfresh-cinema,Xfresh-cinema,Fresh Cinema,True,1,ok
Fresh Horror,Кинозалы,Xfresh-horror,Xfresh-horror,Fresh Horror,True,1,ok
Fresh Adventure,Кинозалы,Xfresh-adventure,Xfresh-adventure,Fresh Adventure,True,1,ok
Fresh Romantic,Кинозалы,Xfresh-romatic,Xfresh-romatic,Fresh Romantic,True,1,ok
Fresh Russian,Кинозалы,Xfresh-russian,Xfresh-russian,Fresh Russian,True,1,ok
Fresh Thriller,Кинозалы,Xfresh-thriller,Xfresh-thriller,Fresh Thriller,True,1,ok
KBC-В.О.В. HD,Кинозалы,X39821,X39821,KBC-В.О.В. HD,True,1,ok
KBC-Comics HD,Кинозалы,X39800,X39800,KBC-Comics HD,True,1,ok
KBC-Elite comedy's HD,Кинозалы,X35448,X35448,KBC-Elite comedy's HD,True,1,ok
KBC-Fantastic HD,Кинозалы,X39795,X39795,KBC-Fantastic HD,True,1,ok
KBC-History HD,Кинозалы,X39796,X39796,KBC-History HD,True,1,ok
KBC-Newfilm HD,Кинозалы,X39048,X39048,KBC-Newfilm HD,True,1,ok
KBC-WAR HD,Кинозалы,X42051,X42051,KBC-WAR HD,True,1,ok
KBC-Russian Комедия HD,Кинозалы,X36168,X36168,KBC-Russian Комедия HD,True,1,ok
KBC-Видак HD,Кинозалы,X36251,X36251,KBC-Видак HD,True,1,ok
KBC-ГАЙ Ritchie & Tarantino,Кинозалы,X39819,X39819,KBC-ГАЙ Ritchie & Tarantino,True,1,ok
KBC-ДрамаTic HD,Кинозалы,X36732,X36732,KBC-ДрамаTic HD,True,1,ok
KBC-Вестерн HD,Кинозалы,X39825,X39825,KBC-Вестерн HD,True,1,ok
KBC-Кошмарное HD,Кинозалы,X36277,X36277,KBC-Кошмарное HD,True,1,ok
KBC-Страна СССР,Кинозалы,X36506,X36506,KBC-Страна СССР,True,1,ok
KBC-Animals HD,Кинозалы,X39823,X39823,KBC-Animals HD,True,1,ok
KBC-MusKino HD,Кинозалы,X39822,X39822,KBC-MusKino HD,True,1,ok
KBC-СпортМикс HD,Кинозалы,X35525,X35525,KBC-СпортМикс HD,True,1,ok
KBC-ГОБЛИН HD,Кинозалы,X42054,X42054,KBC-ГОБЛИН HD,True,1,ok
KBC-Шпионское HD,Кинозалы,X39820,X39820,KBC-Шпионское HD,True,1,ok
KBC-АНИМЕ HD,Кинозалы,X42053,X42053,KBC-АНИМЕ HD,True,1,ok
KBC-Легендарное HD,Кинозалы,X39826,X39826,KBC_Легендарное,True,1,ok
YOSSO TV Grand,Кинозалы,Xyosso-grand,Xyosso-grand,YOSSO TV Grand,True,1,ok
YOSSO TV VHS,Кинозалы,Xyosso-vhs,Xyosso-vhs,YOSSO TV VHS,True,1,ok
YOSSO TV Русские фильмы,Кинозалы,Xyosso-rusfilm,Xyosso-rusfilm,YOSSO TV Русские фильмы,True,1,ok
YOSSO TV Советские фильмы,Кинозалы,Xyosso-sovfilm,Xyosso-sovfilm,YOSSO TV Советские фильмы,True,1,ok
YOSSO TV New Кино,Кинозалы,Xyosso-newkino,Xyosso-newkino,YOSSO TV New Кино,True,1,ok
YOSSO TV Трагичное,Кинозалы,Xyosso-tragic,Xyosso-tragic,YOSSO TV Трагичное,True,1,ok
YOSSO TV Забавное,Кинозалы,Xyosso-zabavno,Xyosso-zabavno,YOSSO TV Забавное,True,1,ok
YOSSO BEST 60fps,Кинозалы,Xyosso-best60fps,Xyosso-best60fps,YOSSO BEST 60fps,True,1,ok
YOSSO TV BEST,Кинозалы,Xyosso-best,Xyosso-best,YOSSO TV BEST,True,1,ok
YOSSO TV Ковбойское,Кинозалы,Xyosso-cowboy,Xyosso-cowboy,YOSSO TV Ковбойское,True,1,ok
YOSSO TV Adrenaline,Кинозалы,Xyosso-adventure,Xyosso-adventure,YOSSO TV Adrenaline,True,1,ok
YOSSO TV Adventure,Кинозалы,Xyosso-adventure,Xyosso-adventure,YOSSO TV Adventure,True,1,ok
YOSSO TV OBLIVION,Кинозалы,Xyosso-oblivion,Xyosso-oblivion,YOSSO TV OBLIVION,True,1,ok
YOSSO TV Thriller,Кинозалы,Xyosso-thriller,Xyosso-thriller,YOSSO TV Thriller,True,1,ok
YOSSO-C-INQUEST,Кинозалы,Xc-inquest-yosso,Xc-inquest-yosso,YOSSO-C-INQUEST,True,1,ok
YOSSO-C-COMEDY,Кинозалы,Xc-comedy-yosso,Xc-comedy-yosso,YOSSO-C-COMEDY,True,1,ok
Magic Premiere,Кинозалы,Xmagic-premiere,Xmagic-premiere,Magic Premiere,True,1,ok
Magic Adventure,Кинозалы,Xmagic-adventure,Xmagic-adventure,Magic Adventure,True,1,ok
Magic Russian,Кинозалы,Xmagic-russian,Xmagic-russian,Magic Russian,True,1,ok
Magic Action,Кинозалы,Xmagic-action,Xmagic-action,Magic Action,True,1,ok
Magic Comedy,Кинозалы,Xmagic-comedy,Xmagic-comedy,Magic Comedy,True,1,ok
Magic Family,Кинозалы,Xmagic-family,Xmagic-family,Magic Family,True,1,ok
Magic Galaxy,Кинозалы,Xmagic-galaxy,Xmagic-galaxy,Magic Galaxy,True,1,ok
Magic Horror,Кинозалы,Xmagic-horror,Xmagic-horror,Magic Horror,True,1,ok
Magic Karate,Кинозалы,Xmagic-karate,Xmagic-karate,Magic Karate,True,1,ok
Magic Love,Кинозалы,Xmagic-love,Xmagic-love,Magic Love,True,1,ok
Magic Thriller,Кинозалы,Xmagic-thriller,Xmagic-thriller,Magic Thriller,True,1,ok
Magic VHS,Кинозалы,Xmagic-vhs,Xmagic-vhs,Magic VHS,True,1,ok
Видеокассета VHS,Кинозалы,Видеокасета VHS,Видеокасета VHS,Видеокассета VHS,True,1,ok
MYTV,Кинозалы,XMyTVmytv-0,XMyTVmytv-0,MYTV,True,1,ok
MYTV 2,Кинозалы,XMyTVmytv2-1,XMyTVmytv2-1,MYTV 2,True,1,ok
MYTV 3,Кинозалы,XMyTVmytv3-2,XMyTVmytv3-2,MYTV 3,True,1,ok
MYTV HIT,Кинозалы,XMyTVmytvhit-3,XMyTVmytvhit-3,MYTV HIT,True,1,ok
CineMan,Кинозалы,Xcineman,Xcineman,CineMan,True,1,ok
CineMan Action,Кинозалы,Xcineman-action,Xcineman-action,CineMan Action,True,1,ok
CineMan Комедия,Кинозалы,Xcineman-comedy,Xcineman-comedy,CineMan Комедия,True,1,ok
CineMan Катастрофы,Кинозалы,Xcineman-katastrofy,Xcineman-katastrofy,CineMan Катастрофы,True,1,ok
CineMan Лесник,Кинозалы,Xcineman-lesnik,Xcineman-lesnik,CineMan Лесник,True,1,ok
CineMan Marvel,Кинозалы,Xcineman-marvel,Xcineman-marvel,CineMan Marvel,True,1,ok
CineMan Melodrama,Кинозалы,Xcineman-melodrama,Xcineman-melodrama,CineMan Melodrama,True,1,ok
CineMan Ментовские Войны,Кинозалы,Xcineman-musw,Xcineman-musw,CineMan Ментовские Войны,True,1,ok
CineMan MiniSeries,Кинозалы,Xcineman-miniseries,Xcineman-miniseries,CineMan MiniSeries,True,1,ok
CineMan Пёс,Кинозалы,Xcineman-pes,Xcineman-pes,CineMan Пёс,True,1,ok
CineMan Premium,Кинозалы,Xcineman-premium,Xcineman-premium,CineMan Premium,True,1,ok
CineMan РуКино,Кинозалы,Xcineman-rukino,Xcineman-rukino,CineMan РуКино,True,1,ok
CineMan Дубляж СССР,Кинозалы,cineman-dub-ssr,cineman-dub-ssr,CineMan Дубляж СССР,True,1,ok
CineMan Симпсоны,Кинозалы,Xcineman-simps,Xcineman-simps,CineMan Симпсоны,True,1,ok
CineMan Скорая помощь,Кинозалы,Xcineman-skorpom,Xcineman-skorpom,CineMan Скорая помощь,True,1,ok
CineMan Комедийные сериалы,Кинозалы,cineman-komseri,cineman-komseri,CineMan Комедийные сериалы,True,1,ok
CineMan Сваты,Кинозалы,Xcineman-svaty,Xcineman-svaty,CineMan Сваты,True,1,ok
CineMan Thriller,Кинозалы,Xcineman-thriller,Xcineman-thriller,CineMan Thriller,True,1,ok
CineMan Top,Кинозалы,Xcineman-top,Xcineman-top,CineMan Top,True,1,ok
CineMan Ужасы,Кинозалы,Xcineman-uzhasy,Xcineman-uzhasy,CineMan Ужасы,True,1,ok
CineMan VHS,Кинозалы,Xcineman-vhs,Xcineman-vhs,CineMan VHS,True,1,ok
CineMan Глухарь + Карпов,Кинозалы,Xcineman-gluhar,Xcineman-gluhar,CineMan Глухарь + Карпов,True,1,ok
BCU Biography HDR,Кинозалы,Xbcu-biography-hdr,Xbcu-biography-hdr,BCU Biography HDR,True,1,ok
BOX Franchise HD,Кинозалы,Xbox-franchise,Xbox-franchise,BOX Franchise HD,True,1,ok
BOX Hybrid HD,Кинозалы,Xbox-hybrid,Xbox-hybrid,BOX Hybrid HD,True,1,ok
BOX Gangster HD,Кинозалы,Xbox-gangster,Xbox-gangster,BOX Gangster HD,True,1,ok
BOX Oscar HD,Кинозалы,Xbox-oscar,Xbox-oscar,BOX Oscar HD,True,1,ok
BOX Memory HD,Кинозалы,Xbox-memory,Xbox-memory,BOX Memory HD,True,1,ok
BOX Serial HD,Кинозалы,Xbox-serial,Xbox-serial,BOX Serial HD,True,1,ok
BOX Game HD,Кинозалы,Xbox-game,Xbox-game,BOX Game HD,True,1,ok
BOX Spy HD,Кинозалы,Xbox-spy,Xbox-spy,BOX Spy HD,True,1,ok
BOX Western HD,Кинозалы,Xbox-western,Xbox-western,BOX Western HD,True,1,ok
BOX Zombie HD,Кинозалы,Xbox-zombie,Xbox-zombie,BOX Zombie HD,True,1,ok
BOX Cyber HD,Кинозалы,Xbox-cyber,Xbox-cyber,BOX Cyber HD,True,1,ok
BOX Ghost HD,Кинозалы,Xbox-ghost,Xbox-ghost,BOX Ghost HD,True,1,ok
BOX Stories HD,Кинозалы,Xbox-stories,Xbox-stories,BOX Stories HD,True,1,ok
BOX Fantasy HD,Кинозалы,Xbox-fantasy,Xbox-fantasy,BOX Fantasy HD,True,1,ok
BOX Mayday HD,Кинозалы,Xbox-myday,Xbox-myday,BOX Mayday HD,True,1,ok
GL Series,Кинозалы,Xgoldline-series,Xgoldline-series,GL Series,True,1,ok
GL Survival,Кинозалы,Xgoldline-survival,Xgoldline-survival,GL Survival,True,1,ok
GL Детектив,Кинозалы,Xgoldline-detektiv,Xgoldline-detektiv,GL Детектив,True,1,ok
GL Невский,Кинозалы,XGL Невский,XGL Невский,GL Невский,True,1,ok
GL Brief,Кинозалы,Xgoldline-brief,Xgoldline-brief,GL Brief,True,1,ok
GL Evidence,Кинозалы,Xgoldline-evidence,Xgoldline-evidence,GL Evidence,True,1,ok
GL Exist,Кинозалы,Xgoldline-exist,Xgoldline-exist,GL Exist,True,1,ok
GL Island,Кинозалы,Xgoldline-island,Xgoldline-island,GL Island,True,1,ok
GL Naked&Funny,Кинозалы,Xgoldline-naked,Xgoldline-naked,GL Naked&Funny,True,1,ok
GL Psycho,Кинозалы,Xgoldline-psy,Xgoldline-psy,GL Psycho,True,1,ok
TVPlay Латинские сериалы ретро,Кинозалы,TVPLAY Латинские сериалы ретро,TVPLAY Латинские сериалы ретро,TVPlay Латинские сериалы ретро,True,1,ok
TVPlay DC Comics HD,Кинозалы,ch3754,ch3754,TVPlay DC Comics HD,True,1,ok
TVPlay Indian Cinema,Кинозалы,475481,475481,TVPlay Indian Cinema,True,1,ok
TVPlay Игра Престолов HD,Кинозалы,tvplay-igraprestolov,tvplay-igraprestolov,TVPlay Игра Престолов HD,True,1,ok
TVPlay Авторский перевод HD,Кинозалы,tvplay-avtorskiyperevod,tvplay-avtorskiyperevod,TVPlay Авторский перевод HD,True,1,ok
TVPlay АЛЬФ,Кинозалы,tvplay-alf,tvplay-alf,TVPlay АЛЬФ,True,1,ok
TVPlay Космический,Кинозалы,tvplay-kosmicheskiy,tvplay-kosmicheskiy,TVPlay Космический,True,1,ok
TVPlay Лихие 90е Сериал,Кинозалы,tvplay-lihie90eserial,tvplay-lihie90eserial,TVPlay Лихие 90е Сериал,True,1,ok
DITV ФИЛЬМЫ УЖАСОВ 80-х,Кинозалы,,,,False,1,ok
DITV Американские комедии 80-90-х,Кинозалы,,,,False,1,ok
DITV ГАРИ ПОТЕР,Кинозалы,,,,False,1,ok
DITV Про акул,Кинозалы,,,,False,1,ok
DITV Про вампиров,Кинозалы,,,,False,1,ok
DITV Карпов,Кинозалы,,,,False,1,ok
DITV Лихач,Кинозалы,,,,False,1,ok
DITV комедийные сериалы,Кинозалы,,,,False,2,ok
DITV ФИЛЬМЫ,Кинозалы,,,,False,1,ok
DITV КОМЕДИИ СССР,Кинозалы,,,,False,1,ok
DITV комедийные сериалы,Кинозалы,,,,False,2,ok
DITV КОМЕДИИ 90-х,Кинозалы,,,,False,1,ok
DITV Глухарь,Кинозалы,,,,False,1,ok
DITV КОМЕДИИ,Кинозалы,,,,False,1,ok
DITV Куба,Кинозалы,,,,False,1,ok
DITV СССР 4К,Кинозалы,,,,False,1,ok
DITV Walt Disney,Кинозалы,,,,False,1,ok
DITV Concert,Кинозалы,,,,False,1,ok
DITV Пёс,Кинозалы,,,,False,1,ok
DITV Агент национальной безопасности,Кинозалы,,,,False,1,ok
DITV Пятницкий,Кинозалы,,,,False,1,ok
DITV Game of Thrones,Кинозалы,,,,False,1,ok
DITV Счастливы вместе,Кинозалы,,,,False,1,ok
DITV КЛАССИКА ИНДИЙСКОГО КИНО,Кинозалы,,,,False,1,ok
DITV ПАТРИОТ,Кинозалы,,,,False,1,ok
NEXT Volt,Кинозалы,Xnext-volt,Xnext-volt,NEXT Volt,True,1,ok
NEXT Blaze,Кинозалы,Xnext-blaze,Xnext-blaze,NEXT Blaze,True,1,ok
NEXT Spark,Кинозалы,Xnext-spark,Xnext-spark,NEXT Spark,True,1,ok
NEXT Mythic,Кинозалы,Xnext-mythic,Xnext-mythic,NEXT Mythic,True,1,ok
NEXT Shadow,Кинозалы,Xnext-shadow,Xnext-shadow,NEXT Shadow,True,1,ok
NEXT Nova,Кинозалы,Xnext-nova,Xnext-nova,NEXT Nova,True,1,ok
NEXT Vibe,Кинозалы,Xnext-vibe,Xnext-vibe,NEXT Vibe,True,1,ok
NEXT Aura,Кинозалы,Xnext-aura,Xnext-aura,NEXT Aura,True,1,ok
NEXT Venture,Кинозалы,Xnext-venture,Xnext-venture,NEXT Venture,True,1,ok
NEXT Epic,Кинозалы,Xnext-epic,Xnext-epic,NEXT Epic,True,1,ok
NEXT Horizon,Кинозалы,Xnext-horizon,Xnext-horizon,NEXT Horizon,True,1,ok
NEXT Joy,Кинозалы,Xnext-joy,Xnext-joy,NEXT Joy,True,1,ok
NEXT Echo,Кинозалы,Xnext-echo,Xnext-echo,NEXT Echo,True,1,ok
NEXT Fusion,Кинозалы,Xnext-fusion,Xnext-fusion,NEXT Fusion,True,1,ok
NEXT Vision,Кинозалы,Xnext-vision,Xnext-vision,NEXT Vision,True,1,ok
NEXT Bolt,Кинозалы,Xnext-bolt,Xnext-bolt,NEXT Bolt,True,1,ok
NEXT Pulse,Кинозалы,Xnext-pulse,Xnext-pulse,NEXT Pulse,True,1,ok
NEXT Strike,Кинозалы,Xnext-strike,Xnext-strike,NEXT Strike,True,1,ok
NEXT Quest,Кинозалы,Xnext-quest,Xnext-quest,NEXT Quest,True,1,ok
NEXT Peak,Кинозалы,Xnext-peak,Xnext-peak,NEXT Peak,True,1,ok
MM 007 HD,Кинозалы,Xminimax-007,Xminimax-007,MM 007 HD,True,1,ok
MM Flip UHD,Кинозалы,Xminimax-flip,Xminimax-flip,MM Flip UHD,True,1,ok
MM Honey HD,Кинозалы,Xminimax-honey,Xminimax-honey,MM Honey HD,True,1,ok
MM Live Planet HD,Кинозалы,Xminimax-live-planet,Xminimax-live-planet,MM Live Planet HD,True,1,ok
MM NewFilm 1 HD,Кинозалы,Xminimax-newfilm1,Xminimax-newfilm1,MM NewFilm 1 HD,True,1,ok
MM NewFilm 2 HD,Кинозалы,Xminimax-newfilm2,Xminimax-newfilm2,MM NewFilm 2 HD,True,1,ok
MM NewFilm 3 HD,Кинозалы,Xminimax-newfilm3,Xminimax-newfilm3,MM NewFilm 3 HD,True,1,ok
MM NewFilm RU HD,Кинозалы,Xminimax-newfilmru,Xminimax-newfilmru,MM NewFilm RU HD,True,1,ok
MM UFO HD,Кинозалы,Xminimax-ufo,Xminimax-ufo,MM UFO HD,True,1,ok
MM USSR 1941-1945 HD,Кинозалы,Xminimax-ussr-1941-1945,Xminimax-ussr-1941-1945,MM USSR 1941-1945 HD,True,1,ok
MM USSR Детектив HD,Кинозалы,Xminimax-ussr-detektiv,Xminimax-ussr-detektiv,MM USSR Детектив HD,True,1,ok
MM USSR Комедия HD,Кинозалы,Xminimax-ussr-komedija,Xminimax-ussr-komedija,MM USSR Комедия HD,True,1,ok
MM USSR Приключения HD,Кинозалы,Xminimax-ussr-prikluchenija,Xminimax-ussr-prikluchenija,MM USSR Приключения HD,True,1,ok
MM USSR Драма HD,Кинозалы,Xminimax-ussr-fantastika,Xminimax-ussr-fantastika,MM USSR Драма HD,True,1,ok
MM Боевик HD,Кинозалы,Xminimax-boevik,Xminimax-boevik,MM Боевик HD,True,1,ok
MM Боевик Classic HD,Кинозалы,Xminimax-boevik_classic,Xminimax-boevik_classic,MM Боевик Classic HD,True,1,ok
MM Вестерн HD,Кинозалы,Xminimax-western,Xminimax-western,MM Вестерн HD,True,1,ok
MM Воронины HD,Кинозалы,Xminimax-voronini,Xminimax-voronini,MM Воронины HD,True,1,ok
MM Затмение HD,Кинозалы,Xminimax-zatmenie,Xminimax-zatmenie,MM Затмение HD,True,1,ok
MM История HD,Кинозалы,Xminimax-istorija,Xminimax-istorija,MM История HD,True,1,ok
MM Катастрофа HD,Кинозалы,Xminimax-katastrofa,Xminimax-katastrofa,MM Катастрофа HD,True,1,ok
MM Киберпанк HD,Кинозалы,Xminimax-kiberpunk,Xminimax-kiberpunk,MM Киберпанк HD,True,1,ok
MM Комедия Classic HD,Кинозалы,Xminimax-comedy_classic,Xminimax-comedy_classic,MM Комедия Classic HD,True,1,ok
MM Комедия HD,Кинозалы,Xminimax-comedy,Xminimax-comedy,MM Комедия HD,True,1,ok
MM Криминал HD,Кинозалы,Xminimax-kriminal,Xminimax-kriminal,MM Криминал HD,True,1,ok
MM Крутые 90-е HD,Кинозалы,Xminimax-krutie-90-e,Xminimax-krutie-90-e,MM Крутые 90-е HD,True,1,ok
MM Кунг-Фу HD,Кинозалы,Xminimax-kungfu,Xminimax-kungfu,MM Кунг-Фу HD,True,1,ok
MM Мифология HD,Кинозалы,Xminimax-mifologija,Xminimax-mifologija,MM Мифология HD,True,1,ok
MM Нуар HD,Кинозалы,Xminimax-nuar,Xminimax-nuar,MM Нуар HD,True,1,ok
MM Погружение HD,Кинозалы,Xminimax-pogrujenie,Xminimax-pogrujenie,MM Погружение HD,True,1,ok
MM Полицейский С Рублёвки HD,Кинозалы,Xminimax-police,Xminimax-police,MM Полицейский С Рублёвки HD,True,1,ok
MM Приключения HD,Кинозалы,Xminimax-prikluchenija,Xminimax-prikluchenija,MM Приключения HD,True,1,ok
MM Роскино HD,Кинозалы,Xminimax-roskino,Xminimax-roskino,MM Роскино HD,True,1,ok
MM Сваты HD,Кинозалы,Xminimax-svati,Xminimax-svati,MM Сваты HD,True,1,ok
MM Семейный 1 HD,Кинозалы,Xminimax-family1,Xminimax-family1,MM Семейный 1 HD,True,1,ok
MM Семейный 2 HD,Кинозалы,Xminimax-family2,Xminimax-family2,MM Семейный 2 HD,True,1,ok
MM Ситком HD,Кинозалы,Xminimax-sitkom,Xminimax-sitkom,MM Ситком HD,True,1,ok
MM Ситком 2.0 HD,Кинозалы,Xminimax-sitkom20,Xminimax-sitkom20,MM Ситком 2.0 HD,True,1,ok
MM Скорость HD,Кинозалы,Xminimax-skorost,Xminimax-skorost,MM Скорость HD,True,1,ok
MM Спорт HD,Кинозалы,Xminimax-sport,Xminimax-sport,MM Спорт HD,True,1,ok
MM Супергерои HD,Кинозалы,Xminimax-supergeroi,Xminimax-supergeroi,MM Супергерои HD,True,1,ok
MM Триллер HD,Кинозалы,Xminimax-triller,Xminimax-triller,MM Триллер HD,True,1,ok
MM Ужастик HD,Кинозалы,Xminimax-ujastik,Xminimax-ujastik,MM Ужастик HD,True,1,ok
MM Ужасы Classic HD,Кинозалы,Xminimax-ujasi-classic,Xminimax-ujasi-classic,MM Ужасы Classic HD,True,1,ok
MM Ужасы HD,Кинозалы,Xminimax-ujasi,Xminimax-ujasi,MM Ужасы HD,True,1,ok
MM Фантастика HD,Кинозалы,Xminimax-fantastika,Xminimax-fantastika,MM Фантастика HD,True,1,ok
MM Фобия HD,Кинозалы,Xminimax-fobija,Xminimax-fobija,MM Фобия HD,True,1,ok
MM Celebrity HD,Кинозалы,Xminimax-celebrity,Xminimax-celebrity,MM Celebrity HD,True,1,ok
MM Classic HD,Кинозалы,Xminimax-classic,Xminimax-classic,MM Classic HD,True,1,ok
MM Translation HD,Кинозалы,Xminimax-translation,Xminimax-translation,MM Translation HD,True,1,ok
MM Драма HD,Кинозалы,Xminimax-drama,Xminimax-drama,MM Драма HD,True,1,ok
MM Микромир HD,Кинозалы,Xminimax-micromir,Xminimax-micromir,MM Микромир HD,True,1,ok
MM Макромир HD,Кинозалы,Xminimax-makromir,Xminimax-makromir,MM Макромир HD,True,1,ok
MM Мегамир HD,Кинозалы,Xminimax-megamir,Xminimax-megamir,MM Мегамир HD,True,1,ok
MS Prisons HD,Кинозалы,Xminimax-ms-prisons,Xminimax-ms-prisons,MS Prisons HD,True,1,ok
MM Агата Кристи HD,Кинозалы,Xminimax-agata,Xminimax-agata,MM Агата Кристи HD,True,1,ok
MM Стивен Кинг HD,Кинозалы,Xminimax-st-king,Xminimax-st-king,MM Стивен Кинг HD,True,1,ok
KLI Action HD,Кинозалы,kli-action-hd,kli-action-hd,KLI Action HD,True,1,ok
KLI Kinozakaz,Кинозалы,99936,99936,KLI Kinozakaz,True,1,ok
KLI Полицейский с Рублёвки,Кинозалы,Xkliclub,Xkliclub,KLI Полицейский с Рублёвки,True,1,ok
KLI Comedy HD,Кинозалы,Xklicomedi,Xklicomedi,KLI Comedy HD,True,1,ok
KLI Детективы HD,Кинозалы,Xklidocu,Xklidocu,KLI Детективы HD,True,1,ok
KLI DRAMA HD,Кинозалы,Xklidrama,Xklidrama,KLI DRAMA HD,True,1,ok
KLI Family HD,Кинозалы,Xklifamily,Xklifamily,KLI Family HD,True,1,ok
KLI Fantastic HD,Кинозалы,Xklifantastica,Xklifantastica,KLI Fantastic HD,True,1,ok
KLI Fantasy HD,Кинозалы,Xklifantasy,Xklifantasy,KLI Fantasy HD,True,1,ok
KLI Horror FHD,Кинозалы,Xklihorror,Xklihorror,KLI Horror FHD,True,1,ok
KLI Marvel HD,Кинозалы,Xklimarvel,Xklimarvel,KLI Marvel HD,True,1,ok
KLI Premium HD,Кинозалы,Xklipremium,Xklipremium,KLI Premium HD,True,1,ok
KLI Russian HD,Кинозалы,Xklirussian,Xklirussian,KLI Russian HD,True,1,ok
KLI Thriller HD,Кинозалы,kli-thriller-hd,kli-thriller-hd,KLI Thriller HD,True,1,ok
KLI VHS HD,Кинозалы,Xklivhs,Xklivhs,KLI VHS HD,True,1,ok
KLI Киносерия HD,Кинозалы,Xklikinoseries,Xklikinoseries,KLI Киносерия HD,True,1,ok
KLI Новинки HD,Кинозалы,,,,False,1,ok
KLI Битва Экстрасенсов,Кинозалы,99925,99925,KLI Битва Экстрасенсов,True,1,ok
KLI NOSTALGIA,Кинозалы,99939,99939,KLI NOSTALGIA,True,1,ok
KLI Retro,Кинозалы,99938,99938,KLI Retro,True,1,ok
KLI СССР HD,Кинозалы,,,,False,1,ok
jk_fargo,Кинозалы,jk_fargo,jk_fargo,jk_fargo,True,1,ok
jk_SexandCity,Кинозалы,,,,False,1,ok
jk_desperate,Кинозалы,,,,False,1,ok
CPS Drama,Кинозалы,cps-drama,cps-drama,CPS Drama,True,1,ok
CPS Comedy,Кинозалы,cps-comedy,cps-comedy,CPS Comedy,True,1,ok
CPS Action,Кинозалы,cps-action,cps-action,CPS Action,True,1,ok
CPS Western,Кинозалы,cps-western,cps-western,CPS Western,True,1,ok
CPS Mix,Кинозалы,cps-mix,cps-mix,CPS Mix,True,1,ok
CPS Fiction,Кинозалы,cps-fiction,cps-fiction,CPS Fiction,True,1,ok
CPS Anime,Кинозалы,cps-anime,cps-anime,CPS Anime,True,1,ok
CPS USSR,Кинозалы,cps-ussr,cps-ussr,CPS USSR,True,1,ok
CPS Fresh,Кинозалы,cps-fresh,cps-fresh,CPS Fresh,True,1,ok
CPS Oscar,Кинозалы,cps-oscar,cps-oscar,CPS Oscar,True,1,ok
CPS Detective,Кинозалы,cps-detective,cps-detective,CPS Detective,True,1,ok
CPS Jackie Chan,Кинозалы,cps-jackie-chan,cps-jackie-chan,CPS Jackie Chan,True,1,ok
Velilla TV Морские дьяволы HD,Кинозалы,velillatvseadevils,velillatvseadevils,Velilla TV Морские дьяволы HD,True,1,ok
Velilla TV Морские дьяволы 2 HD,Кинозалы,velillatvseadevilsparttwo,velillatvseadevilsparttwo,Velilla TV Морские дьяволы 2 HD,True,1,ok
Velilla TV Русский Сериал HD,Кинозалы,velillaruserial,velillaruserial,Velilla TV Русский Сериал HD,True,1,ok
Velilla TV Русские Мелодрамы HD,Кинозалы,velillarusmelodrama,velillarusmelodrama,Velilla TV Русские Мелодрамы HD,True,1,ok
Velilla TV Кухня + Отель «Элеон» HD,Кинозалы,velillatvcocina,velillatvcocina,Velilla TV Кухня + Отель «Элеон» HD,True,1,ok
Velilla TV Домашний HD,Кинозалы,velillatvdomashniy,velillatvdomashniy,Velilla TV Домашний HD,True,1,ok
Velilla TV Вестерн HD,Кинозалы,velillatvwestern,velillatvwestern,Velilla TV Вестерн HD,True,1,ok
Velilla TV Action War Films HD,Кинозалы,actionwarfilms,actionwarfilms,Velilla TV Action War Films HD,True,1,ok
Velilla TV Мосгаз HD,Кинозалы,velillamosgaz,velillamosgaz,Velilla TV Мосгаз HD,True,1,ok
Velilla TV Бандитский Петербург,Кинозалы,banditpiter,banditpiter,Velilla TV Бандитский Петербург,True,1,ok
Velilla TV Элен и ребята,Кинозалы,heleneetlesgarcons,heleneetlesgarcons,Velilla TV Элен и ребята,True,1,ok
Velilla TV Счастливы вместе,Кинозалы,velillahappytogether,velillahappytogether,Velilla TV Счастливы вместе,True,1,ok
Velilla TV Ситком HD,Кинозалы,velillatvsitcom,velillatvsitcom,Velilla TV Ситком HD,True,1,ok
Velilla TV ИП Пирогова HD,Кинозалы,velillatvpirogova,velillatvpirogova,Velilla TV ИП Пирогова HD,True,1,ok
Velilla TV Новогодний,Кинозалы,velillanewyear,velillanewyear,Velilla TV Новогодний,True,1,ok
Velilla TV Балабол HD,Кинозалы,velilla-balabol,velilla-balabol,Velilla TV Балабол HD,True,1,ok
Хіт Бойовик,Кинозалы UA,hit-boyovik,hit-boyovik,Хіт Бойовик,True,1,ok
Хіт Комедія,Кинозалы UA,hit-komediya,hit-komediya,Хіт Комедія,True,1,ok
На Трьох HD,Кинозалы UA,,,,False,1,ok
CPS Fresh UA,Кинозалы UA,cps-fresh-ua,cps-fresh-ua,CPS Fresh UA,True,1,ok
SWEET КIНО HD,Кинозалы UA,,,,False,1,ok
Premium Comedy HD,Кинозалы UA,premium-comedy,premium-comedy,Premium Comedy HD,True,1,ok
Криваві Квіти HD,Кинозалы UA,,,,False,1,ok
Sweet Megahit HD,Кинозалы UA,sweet-megahit,sweet-megahit,Sweet Megahit HD,True,1,ok
Premium Action HD,Кинозалы UA,premium-action,premium-action,Premium Action HD,True,1,ok
Полювання на в бивцю HD,Кинозалы UA,,,,False,1,ok
Романтичний Марафон HD,Кинозалы UA,,,,False,1,ok
Action Prime HD,Кинозалы UA,action-prime,action-prime,Action Prime HD,True,1,ok
Cinema Family HD,Кинозалы UA,cinema-family,cinema-family,Cinema Family HD,True,1,ok
Cinema Megahit HD,Кинозалы UA,cinema-megahit,cinema-megahit,Cinema Megahit HD,True,1,ok
Кіно на Різдво,Кинозалы UA,,,,False,1,ok
Cinema Kinohit HD,Кинозалы UA,cinema-kinohit,cinema-kinohit,Cinema Kinohit HD,True,1,ok
Cinema Legend HD,Кинозалы UA,cinema-legend,cinema-legend,Cinema Legend HD,True,1,ok
Cinema Prime HD,Кинозалы UA,cinema-prime,cinema-prime,Cinema Prime HD,True,1,ok
Cinema Action HD,Кинозалы UA,cinema-action,cinema-action,Cinema Action HD,True,1,ok
Cinema Comedy HD,Кинозалы UA,cinema-comedy,cinema-comedy,Cinema Comedy HD,True,1,ok
Cinema Fantasy HD,Кинозалы UA,cinema-fantasy,cinema-fantasy,Cinema Fantasy HD,True,1,ok
Містика і Таємниц,Кинозалы UA,,,,False,1,ok
Дорами Українською HD,Кинозалы UA,,,,False,1,ok
Kino Premiere HD,Кинозалы UA,kino-premiere,kino-premiere,Kino Premiere HD,True,1,ok
Kino Action HD,Кинозалы UA,kino-action,kino-action,Kino Action HD,True,1,ok
Kino Comedy HD,Кинозалы UA,kino-comedy,kino-comedy,Kino Comedy HD,True,1,ok
Кохання на виживання HD,Кинозалы UA,,,,False,1,ok
Твій Світ HD,Кинозалы UA,,,,False,1,ok
Joker:Сімсони,Кинозалы UA,XSimson,XSimson,Joker:Сімсони,True,1,ok
Joker:Губка Боб,Кинозалы UA,Xgubka_bob,Xgubka_bob,Joker:Губка Боб,True,1,ok
Joker:Love,Кинозалы UA,jk_love,jk_love,Joker:Love,True,1,ok
Joker:Альф,Кинозалы UA,jk_Alf,jk_Alf,Joker:Альф,True,1,ok
Joker:Футурама,Кинозалы UA,jk_futurama,jk_futurama,Joker:Футурама,True,1,ok
Joker:CSI NY,Кинозалы UA,jk_csi_NY,jk_csi_NY,Joker:CSI NY,True,1,ok
Joker:CSI Vegas,Кинозалы UA,jk_csi_vegas,jk_csi_vegas,Joker:CSI Vegas,True,1,ok
Joker:CSI Miami,Кинозалы UA,jk_csi_m,jk_csi_m,Joker:CSI Miami,True,1,ok
Joker:Секретні матеріали,Кинозалы UA,jk_x_files,jk_x_files,Joker:Секретні матеріали,True,1,ok
Joker:Друзі,Кинозалы UA,jk_Friends,jk_Friends,Joker:Друзі,True,1,ok
Joker:Дім Дракона,Кинозалы UA,jk_House_Dragon,jk_House_Dragon,Joker:Дім Дракона,True,1,ok
Joker:Кращі фільми 2024,Кинозалы UA,,,,False,1,ok
Joker:Шерлок,Кинозалы UA,jk_Sherlock,jk_Sherlock,Joker:Шерлок,True,1,ok
Joker:Гострі картузи,Кинозалы UA,jk_Gostri_Kartuz,jk_Gostri_Kartuz,Joker:Гострі картузи,True,1,ok
Joker:Відьмак,Кинозалы UA,jk_Vedmak,jk_Vedmak,Joker:Відьмак,True,1,ok
Joker:Панда Кун-фу,Кинозалы UA,jk_panda,jk_panda,Joker:Панда Кун-фу,True,1,ok
Joker:Формула,Кинозалы UA,jk_formula,jk_formula,Joker:Формула,True,1,ok
Joker:Тарантіно,Кинозалы UA,jk_Tarantino,jk_Tarantino,Joker:Тарантіно,True,1,ok
Joker:Робокар Полі,Кинозалы UA,jk_Robocar_Poli,jk_Robocar_Poli,Joker:Робокар Полі,True,1,ok
Joker:Секс і Місто,Кинозалы UA,jk_sexsity,jk_sexsity,Joker:Секс і Місто,True,1,ok
Joker:Коломбо,Кинозалы UA,jk_Colombo,jk_Colombo,Joker:Коломбо,True,1,ok
Joker:Американський тато,Кинозалы UA,jk_American_Dad,jk_American_Dad,Joker:Американський тато,True,1,ok
Joker:Гріфіни,Кинозалы UA,jk_Grifins,jk_Grifins,Joker:Гріфіни,True,1,ok
Joker:Русалочка,Кинозалы UA,jk_rusaloshka,jk_rusaloshka,Joker:Русалочка,True,1,ok
Joker:Аладдін,Кинозалы UA,jk_aladin,jk_aladin,Joker:Аладдін,True,1,ok
Joker:Чіп та Дейл,Кинозалы UA,jk_Chip_Dale,jk_Chip_Dale,Joker:Чіп та Дейл,True,1,ok
Joker:Гей Арнольд!,Кинозалы UA,jk_arnold,jk_arnold,Joker:Гей Арнольд!,True,1,ok
Joker: Том та Джеррі,Кинозалы UA,,,,False,1,ok
Joker:Свинка Пепа,Кинозалы UA,jk_Pepa_pig,jk_Pepa_pig,Joker:Свинка Пепа,True,1,ok
Joker:Щенячий патруль,Кинозалы UA,jk_PAW_Patrol,jk_PAW_Patrol,Joker:Щенячий патруль,True,1,ok
Joker:Качині історії,Кинозалы UA,jk_ducks,jk_ducks,Joker:Качині історії,True,1,ok
Joker:90-ті,Кинозалы UA,jk_90,jk_90,Joker:90-ті,True,1,ok
Joker:Леді Баг і Супер кіт,Кинозалы UA,jk_ledi_Bag,jk_ledi_Bag,Joker:Леді Баг і Супер кіт,True,1,ok
Joker:Пуаро Агати Крісті,Кинозалы UA,jk_Poirot,jk_Poirot,Joker:Пуаро Агати Крісті,True,1,ok
Joker:Декстер,Кинозалы UA,jk_Dexter,jk_Dexter,Joker:Декстер,True,1,ok
Joker:Касл,Кинозалы UA,jk_Castle,jk_Castle,Joker:Касл,True,1,ok
Joker:Бруклін 9-9,Кинозалы UA,jk_brookllyn,jk_brookllyn,Joker:Бруклін 9-9,True,1,ok
Joker:Фубар,Кинозалы UA,jk_FUBAR,jk_FUBAR,Joker:Фубар,True,1,ok
Joker:Кістки,Кинозалы UA,jk_kosty,jk_kosty,Joker:Кістки,True,1,ok
Joker:Пуститися берега,Кинозалы UA,jk_berega,jk_berega,Joker:Пуститися берега,True,1,ok
Joker:Мел Гібсон,Кинозалы UA,jk_Mel,jk_Mel,Joker:Мел Гібсон,True,1,ok
Joker:Теорія брехні,Кинозалы UA,jk_Lie_To_Me,jk_Lie_To_Me,Joker:Теорія брехні,True,1,ok
Joker:Величне століття,Кинозалы UA,jk_Muhtesem,jk_Muhtesem,Joker:Величне століття,True,1,ok
Joker:Ван Дамм,Кинозалы UA,jk_Van_Dame,jk_Van_Dame,Joker:Ван Дамм,True,1,ok
Joker:Вітчайдушні домогосподарки,Кинозалы UA,jk_desperate_ukr,jk_desperate_ukr,Joker:Вітчайдушні домогосподарки,True,1,ok
Joker:Маленьке королівство Бена і Холлі,Кинозалы UA,jk_Ben_Holly,jk_Ben_Holly,Joker:Маленьке королівство Бена і Холлі,True,1,ok
Joker:Гравіті Фолз,Кинозалы UA,jk_Gravity_Falls,jk_Gravity_Falls,Joker:Гравіті Фолз,True,1,ok
Joker:South Park,Кинозалы UA,jk_South_Park,jk_South_Park,Joker:South Park,True,1,ok
Joker:Як я зустрів вашу маму,Кинозалы UA,jk_Your_mother,jk_Your_mother,Joker:Як я зустрів вашу маму,True,1,ok
Joker:Теорія великого вибуху,Кинозалы UA,jk_Big_Bang,jk_Big_Bang,Joker:Теорія великого вибуху,True,1,ok
Joker:Cinema,Кинозалы UA,jk_Cinema,jk_Cinema,Joker:Cinema,True,1,ok
Joker:Cinema2,Кинозалы UA,jk_Cinema2,jk_Cinema2,Joker:Cinema2,True,1,ok
Joker:Горець,Кинозалы UA,jk_gorets,jk_gorets,Joker:Горець,True,1,ok
Joker:Mислити як злочинець,Кинозалы UA,jk_Criminal,jk_Criminal,Joker:Mислити як злочинець,True,1,ok
Joker:Менталіст,Кинозалы UA,jk_mentalist,jk_mentalist,Joker:Менталіст,True,1,ok
Joker:Пограбування,Кинозалы UA,jk_ograblenie,jk_ograblenie,Joker:Пограбування,True,1,ok
Joker:Герої,Кинозалы UA,jk_Heroes,jk_Heroes,Joker:Герої,True,1,ok
Joker:Корона,Кинозалы UA,jk_korona,jk_korona,Joker:Корона,True,1,ok
Joker:Загублені,Кинозалы UA,jk_lost,jk_lost,Joker:Загублені,True,1,ok
Joker:Чорне дзеркало,Кинозалы UA,jk_Black_Mirror,jk_Black_Mirror,Joker:Чорне дзеркало,True,1,ok
Joker:Біографічне,Кинозалы UA,jk_biograf,jk_biograf,Joker:Біографічне,True,1,ok
Joker:Швидкість,Кинозалы UA,jk_speed,jk_speed,Joker:Швидкість,True,1,ok
Joker:Краще подзвоніть Солу,Кинозалы UA,jk_Call_Saul,jk_Call_Saul,Joker:Краще подзвоніть Солу,True,1,ok
Joker:Пінгвіни Мадагаскару,Кинозалы UA,jk_pingvins,jk_pingvins,Joker:Пінгвіни Мадагаскару,True,1,ok
Joker:Ліло і Стіч,Кинозалы UA,jk_Lilo,jk_Lilo,Joker:Ліло і Стіч,True,1,ok
jk_Cinema3,Кинозалы UA,jk_Cinema3,jk_Cinema3,jk_Cinema3,True,1,ok
jk_doku_Ukraine,Кинозалы UA,jk_doku_Ukraine,jk_doku_Ukraine,jk_doku_Ukraine,True,1,ok
jk_serial,Кинозалы UA,jk_serial,jk_serial,jk_serial,True,1,ok
jk_Magic,Кинозалы UA,jk_Magic,jk_Magic,jk_Magic,True,1,ok
jk_90210,Кинозалы UA,jk_90210,jk_90210,jk_90210,True,1,ok
Рік і Марті,Кинозалы UA,jk_Rik_i_Marti,jk_Rik_i_Marti,Рік і Марті,True,1,ok
jk_dram,Кинозалы UA,jk_dram,jk_dram,jk_dram,True,1,ok
jk_fineas,Кинозалы UA,jk_fineas,jk_fineas,jk_fineas,True,1,ok
jk_strah,Кинозалы UA,jk_strah,jk_strah,jk_strah,True,1,ok
jk_Sliders,Кинозалы UA,jk_Sliders,jk_Sliders,jk_Sliders,True,1,ok
jk_Succession,Кинозалы UA,jk_Succession,jk_Succession,jk_Succession,True,1,ok
jk_Money_Heist,Кинозалы UA,jk_Money_Heist,jk_Money_Heist,jk_Money_Heist,True,1,ok
jk_office,Кинозалы UA,jk_office,jk_office,jk_office,True,1,ok
jk_Scrubs,Кинозалы UA,jk_Scrubs,jk_Scrubs,jk_Scrubs,True,1,ok
Картковий Будинок,Кинозалы UA,jk_house_of_cards,jk_house_of_cards,Картковий Будинок,True,1,ok
jk_element,Кинозалы UA,jk_element,jk_element,jk_element,True,1,ok
jk_Buffy,Кинозалы UA,jk_Buffy,jk_Buffy,jk_Buffy,True,1,ok
jk_Melrose_Place,Кинозалы UA,jk_Melrose_Place,jk_Melrose_Place,jk_Melrose_Place,True,1,ok
jk_Stargate,Кинозалы UA,jk_Stargate,jk_Stargate,jk_Stargate,True,1,ok
jk_Only_Murders,Кинозалы UA,jk_Only_Murders,jk_Only_Murders,jk_Only_Murders,True,1,ok
jk_detektiv,Кинозалы UA,jk_detektiv,jk_detektiv,jk_detektiv,True,1,ok
jk_NCIS,Кинозалы UA,jk_NCIS,jk_NCIS,jk_NCIS,True,1,ok
jk_dark,Кинозалы UA,jk_dark,jk_dark,jk_dark,True,1,ok
jk_balance,Кинозалы UA,jk_balance,jk_balance,jk_balance,True,1,ok
jk_timon,Кинозалы UA,jk_timon,jk_timon,jk_timon,True,1,ok
jk_Cartoon,Кинозалы UA,jk_Cartoon,jk_Cartoon,jk_Cartoon,True,1,ok
jk_Flintstones,Кинозалы UA,jk_Flintstones,jk_Flintstones,jk_Flintstones,True,1,ok
The_Last_of_Us,Кинозалы UA,XThe_Last_of_Us,XThe_Last_of_Us,The_Last_of_Us,True,1,ok
House_ukr,Кинозалы UA,XHouse_ukr,XHouse_ukr,House_ukr,True,1,ok
jk_grimm,Кинозалы UA,jk_grimm,jk_grimm,jk_grimm,True,1,ok
jk_kids,Кинозалы UA,jk_kids,jk_kids,jk_kids,True,1,ok
jk_black_cloak,Кинозалы UA,jk_black_cloak,jk_black_cloak,jk_black_cloak,True,1,ok
Joker: Twin Peaks,Кинозалы UA,,,,False,1,ok
jk_boys,Кинозалы UA,jk_boys,jk_boys,jk_boys,True,1,ok
jk_Winx,Кинозалы UA,jk_Winx,jk_Winx,jk_Winx,True,1,ok
Joker: Фантастика,Кинозалы UA,Xfantastika,Xfantastika,Joker: Фантастика,True,1,ok
jk_Morning_Show,Кинозалы UA,jk_Morning_Show,jk_Morning_Show,jk_Morning_Show,True,1,ok
jk_Ritchie,Кинозалы UA,jk_Ritchie,jk_Ritchie,jk_Ritchie,True,1,ok
jk_Scorsese,Кинозалы UA,jk_Scorsese,jk_Scorsese,jk_Scorsese,True,1,ok
Joker: Wednesday,Кинозалы UA,XWednesday,XWednesday,Joker: Wednesday,True,1,ok
jk_Spilberg,Кинозалы UA,jk_Spilberg,jk_Spilberg,jk_Spilberg,True,1,ok
jk_Kopola,Кинозалы UA,jk_Kopola,jk_Kopola,jk_Kopola,True,1,ok
jk_Skott,Кинозалы UA,jk_Skott,jk_Skott,jk_Skott,True,1,ok
jk_Kameron,Кинозалы UA,jk_Kameron,jk_Kameron,jk_Kameron,True,1,ok
jk_Besson,Кинозалы UA,jk_Besson,jk_Besson,jk_Besson,True,1,ok
jk_Nolan,Кинозалы UA,jk_Nolan,jk_Nolan,jk_Nolan,True,1,ok
Релакс,Кинозалы UA,,,,False,1,ok
jk_King,Кинозалы UA,jk_King,jk_King,jk_King,True,1,ok
jk_Crowe,Кинозалы UA,jk_Crowe,jk_Crowe,jk_Crowe,True,1,ok
jk_Reeves,Кинозалы UA,jk_Reeves,jk_Reeves,jk_Reeves,True,1,ok
jk_Hemsworth,Кинозалы UA,jk_Hemsworth,jk_Hemsworth,jk_Hemsworth,True,1,ok
jk_Butler,Кинозалы UA,jk_Butler,jk_Butler,jk_Butler,True,1,ok
jk_Kunis,Кинозалы UA,jk_Kunis,jk_Kunis,jk_Kunis,True,1,ok
jk_Neeson,Кинозалы UA,jk_Neeson,jk_Neeson,jk_Neeson,True,1,ok
jk_Scorpion,Кинозалы UA,jk_Scorpion,jk_Scorpion,jk_Scorpion,True,1,ok
jk_duva,Кинозалы UA,jk_duva,jk_duva,jk_duva,True,1,ok
jk_Emeli,Кинозалы UA,jk_Emeli,jk_Emeli,jk_Emeli,True,1,ok
Різдво,Кинозалы UA,,,,False,1,ok
Cinema Horrors HD,Кинозалы UA,cinema-horrors,cinema-horrors,Cinema Horrors HD,True,1,ok
Ховаючи колишню HD,Кинозалы UA,,,,False,1,ok
Play-X Украинский кинозал 1 HD,Кинозалы UA,,,,False,1,ok
Play-X Украинский кинозал 2 HD,Кинозалы UA,,,,False,1,ok
Play-X Фильмы про войну в Украине,Кинозалы UA,,,,False,1,ok
Bear TV Добірка Фільмів UA HD,Кинозалы UA,bear_tv_dobirka_filmiv,bear_tv_dobirka_filmiv,Bear TV Добірка Фільмів UA HD,True,1,ok
Bear TV Домашній Кінозал UA HD,Кинозалы UA,bear_tv_domashniy_kinozal,bear_tv_domashniy_kinozal,Bear TV Домашній Кінозал UA HD,True,1,ok
Bear TV ФільмМанія UA HD,Кинозалы UA,bear_tv_filmmaniya,bear_tv_filmmaniya,Bear TV ФільмМанія UA HD,True,1,ok
Bear TV Фільмовий День UA HD,Кинозалы UA,bear_tv_filmovyy_den,bear_tv_filmovyy_den,Bear TV Фільмовий День UA HD,True,1,ok
Bear TV Фільмовий Мікс UA HD,Кинозалы UA,bear_tv_filmovyy_miks,bear_tv_filmovyy_miks,Bear TV Фільмовий Мікс UA HD,True,1,ok
Bear TV Фільми 24 UA HD,Кинозалы UA,bear_tv_filmy_24,bear_tv_filmy_24,Bear TV Фільми 24 UA HD,True,1,ok
Bear TV Фільм за Фільмом UA HD,Кинозалы UA,bear_tv_film_za_filmom,bear_tv_film_za_filmom,Bear TV Фільм за Фільмом UA HD,True,1,ok
Bear TV Хіт Фільм UA HD,Кинозалы UA,bear_tv_hit_film,bear_tv_hit_film,Bear TV Хіт Фільм UA HD,True,1,ok
Bear TV КіноАтмосфера UA HD,Кинозалы UA,bear_tv_kinoatmosfera,bear_tv_kinoatmosfera,Bear TV КіноАтмосфера UA HD,True,1,ok
Bear TV Кіно Без Перерви UA HD,Кинозалы UA,bear_tv_kinobezperervy,bear_tv_kinobezperervy,Bear TV Кіно Без Перерви UA HD,True,1,ok
Bear TV КіноХвиля UA HD,Кинозалы UA,bear_tv_kinohvylya,bear_tv_kinohvylya,Bear TV КіноХвиля UA HD,True,1,ok
Bear TV КіноКлуб UA HD,Кинозалы UA,bear_tv_kinoklub,bear_tv_kinoklub,Bear TV КіноКлуб UA HD,True,1,ok
Bear TV КіноКолекція UA HD,Кинозалы UA,bear_tv_kinokolektsiya,bear_tv_kinokolektsiya,Bear TV КіноКолекція UA HD,True,1,ok
Bear TV КіноЛінія UA HD,Кинозалы UA,bear_tv_kinoliniya,bear_tv_kinoliniya,Bear TV КіноЛінія UA HD,True,1,ok
Bear TV КіноМарафон UA HD,Кинозалы UA,bear_tv_kinomarafon,bear_tv_kinomarafon,Bear TV КіноМарафон UA HD,True,1,ok
Bear TV КіноМікс UA HD,Кинозалы UA,bear_tv_kinomiks,bear_tv_kinomiks,Bear TV КіноМікс UA HD,True,1,ok
Bear TV КіноНастрій UA HD,Кинозалы UA,bear_tv_kinonastriy,bear_tv_kinonastriy,Bear TV КіноНастрій UA HD,True,1,ok
Bear TV КіноПланета UA HD,Кинозалы UA,bear_tv_kinoplaneta,bear_tv_kinoplaneta,Bear TV КіноПланета UA HD,True,1,ok
Bear TV КіноПлюс UA HD,Кинозалы UA,bear_tv_kinoplyus,bear_tv_kinoplyus,Bear TV КіноПлюс UA HD,True,1,ok
Bear TV КіноПотік UA HD,Кинозалы UA,bear_tv_kinopotik,bear_tv_kinopotik,Bear TV КіноПотік UA HD,True,1,ok
Bear TV КіноСвіт UA HD,Кинозалы UA,bear_tv_kinosvit,bear_tv_kinosvit,Bear TV КіноСвіт UA HD,True,1,ok
Bear TV КіноТайм UA HD,Кинозалы UA,bear_tv_kinotaym,bear_tv_kinotaym,Bear TV КіноТайм UA HD,True,1,ok
Bear TV КіноВечір UA HD,Кинозалы UA,bear_tv_kinovechir,bear_tv_kinovechir,Bear TV КіноВечір UA HD,True,1,ok
Bear TV Кінозал UA HD,Кинозалы UA,bear_tv_kinozal,bear_tv_kinozal,Bear TV Кінозал UA HD,True,1,ok
Bear TV Легенди Кіно UA HD,Кинозалы UA,bear_tv_legendy_kino,bear_tv_legendy_kino,Bear TV Легенди Кіно UA HD,True,1,ok
Bear TV МегаФільм UA HD,Кинозалы UA,bear_tv_megafilm,bear_tv_megafilm,Bear TV МегаФільм UA HD,True,1,ok
Bear TV Movie UA HD,Кинозалы UA,bear_tv_movie_ua,bear_tv_movie_ua,Bear TV Movie UA HD,True,1,ok
Bear TV Мульт 24 UA HD,Кинозалы UA,bear_tv_mult_24,bear_tv_mult_24,Bear TV Мульт 24 UA HD,True,1,ok
Bear TV Мульт Анімація UA HD,Кинозалы UA,bear_tv_mult_animatsiya,bear_tv_mult_animatsiya,Bear TV Мульт Анімація UA HD,True,1,ok
Bear TV Дитячий Світ UA HD,Кинозалы UA,bear_tv_mult_dytyachyy_svit,bear_tv_mult_dytyachyy_svit,Bear TV Дитячий Світ UA HD,True,1,ok
Bear TV Мульт Хіт UA HD,Кинозалы UA,bear_tv_mult_hit,bear_tv_mult_hit,Bear TV Мульт Хіт UA HD,True,1,ok
Bear TV Kids Кіно UA HD,Кинозалы UA,bear_tv_mult_kids_kino,bear_tv_mult_kids_kino,Bear TV Kids Кіно UA HD,True,1,ok
Bear TV Малий Екран UA HD,Кинозалы UA,bear_tv_mult_malyy_ekran,bear_tv_mult_malyy_ekran,Bear TV Малий Екран UA HD,True,1,ok
Bear TV Мульт Мікс UA HD,Кинозалы UA,bear_tv_mult_miks,bear_tv_mult_miks,Bear TV Мульт Мікс UA HD,True,1,ok
Bear TV Сімейні Мульти UA HD,Кинозалы UA,bear_tv_mult_simeyni,bear_tv_mult_simeyni,Bear TV Сімейні Мульти UA HD,True,1,ok
Bear TV МультСвіт UA HD,Кинозалы UA,bear_tv_mult_svit,bear_tv_mult_svit,Bear TV МультСвіт UA HD,True,1,ok
Bear TV МультЗал UA HD,Кинозалы UA,bear_tv_mult_zal,bear_tv_mult_zal,Bear TV МультЗал UA HD,True,1,ok
Bear TV Нічний Сеанс UA HD,Кинозалы UA,bear_tv_nichnyy_seans,bear_tv_nichnyy_seans,Bear TV Нічний Сеанс UA HD,True,1,ok
Bear TV Прем'єра UA HD,Кинозалы UA,bear_tv_prem_yera,bear_tv_prem_yera,Bear TV Прем'єра UA HD,True,1,ok
Bear TV Сеанс 24 UA HD,Кинозалы UA,bear_tv_seans_24,bear_tv_seans_24,Bear TV Сеанс 24 UA HD,True,1,ok
Bear TV Сімейний Вечір UA HD,Кинозалы UA,bear_tv_simeynyy_vechir,bear_tv_simeynyy_vechir,Bear TV Сімейний Вечір UA HD,True,1,ok
Bear TV Світ Кіно UA HD,Кинозалы UA,bear_tv_svit_kino,bear_tv_svit_kino,Bear TV Світ Кіно UA HD,True,1,ok
Bear TV Топ Кіно UA HD,Кинозалы UA,bear_tv_top_kino,bear_tv_top_kino,Bear TV Топ Кіно UA HD,True,1,ok
Bear TV Український Сеанс UA HD,Кинозалы UA,bear_tv_ukrayinskyy_seans,bear_tv_ukrayinskyy_seans,Bear TV Український Сеанс UA HD,True,1,ok
Bear TV Улюблені Фільми UA HD,Кинозалы UA,bear_tv_ulyubleni_filmy,bear_tv_ulyubleni_filmy,Bear TV Улюблені Фільми UA HD,True,1,ok
Bear TV Вечірнє Кіно UA HD,Кинозалы UA,bear_tv_vechirnye_kino,bear_tv_vechirnye_kino,Bear TV Вечірнє Кіно UA HD,True,1,ok
Bear TV Велике Кіно UA HD,Кинозалы UA,bear_tv_velyke_kino,bear_tv_velyke_kino,Bear TV Велике Кіно UA HD,True,1,ok
Bear TV Великий Екран UA HD,Кинозалы UA,bear_tv_velykyy_ekran,bear_tv_velykyy_ekran,Bear TV Великий Екран UA HD,True,1,ok
Bear TV Вибір Глядача UA HD,Кинозалы UA,bear_tv_vybir_glyadacha,bear_tv_vybir_glyadacha,Bear TV Вибір Глядача UA HD,True,1,ok
Bear TV Золота Колекція UA HD,Кинозалы UA,bear_tv_zolota_kolektsiya,bear_tv_zolota_kolektsiya,Bear TV Золота Колекція UA HD,True,1,ok
BCU Ultra 4K,Кино 4K,Xbcu-ultra4k,Xbcu-ultra4k,BCU Ultra 4K,True,1,ok
BCU Premiere Ultra 4K,Кино 4K,Xbcu-premiere-4k,Xbcu-premiere-4k,BCU Premiere Ultra 4K,True,1,ok
BCU Сваты 4K,Кино 4K,Xbcu-svaty,Xbcu-svaty,BCU Сваты 4K,True,1,ok
Кино UHD 4k,Кино 4K,Xkino-ultra-hd,Xkino-ultra-hd,Кино UHD 4k,True,1,ok
CineMan Relax 4K,Кино 4K,Xcineman-relax,Xcineman-relax,CineMan Relax 4K,True,1,ok
BOX Premiere 4K,Кино 4K,Xbox-premiere4k,Xbox-premiere4k,BOX Premiere 4K,True,1,ok
BOX Serial 4K,Кино 4K,Xbox-serial4k,Xbox-serial4k,BOX Serial 4K,True,1,ok
BOX Remast Plus 4K,Кино 4K,,,,False,1,ok
BOX Remast 4K,Кино 4K,Xbox-remast-4k,Xbox-remast-4k,BOX Remast 4K,True,1,ok
BOX Relax 4K,Кино 4K,Xbox-relax,Xbox-relax,BOX Relax 4K,True,1,ok
KLI UHD 4K,Кино 4K,XKLIUHD4K,XKLIUHD4K,KLI UHD 4K,True,1,ok
KLI Новинки 4K Ultra HD,Кино 4K,,,,False,1,ok
Clarity4K Фантастика,Кино 4K,Xclarity4k-fantastik,Xclarity4k-fantastik,Clarity4K Фантастика,True,1,ok
Clarity4K КиноФраншизы,Кино 4K,Xclarity4k-kinofranshizy,Xclarity4k-kinofranshizy,Clarity4K КиноФраншизы,True,1,ok
Clarity4K Комедия,Кино 4K,Xclarity4k-komedia,Xclarity4k-komedia,Clarity4K Комедия,True,1,ok
Clarity4K Боевик,Кино 4K,Xclarity4k-boevik,Xclarity4k-boevik,Clarity4K Боевик,True,1,ok
Clarity4k Сумеречный Эфир,Кино 4K,Xclarity4k-sumerefir,Xclarity4k-sumerefir,Clarity4k Сумеречный Эфир,True,1,ok
Clarity4K КиноНовинки,Кино 4K,Xclarity4k-kinonowinki,Xclarity4k-kinonowinki,Clarity4K КиноНовинки,True,1,ok
YOSSO-4K,Кино 4K,Xyosso-4k,Xyosso-4k,YOSSO-4K,True,1,ok
Clarity4K HDR Cinema MIX 1,Кино 4K,,,,False,1,ok
Clarity4K HDR Cinema MIX 2,Кино 4K,,,,False,1,ok
Clarity4K HDR Cinema MIX 3,Кино 4K,,,,False,1,ok
Clarity4K HDR Cinema MIX 4,Кино 4K,,,,False,1,ok
Clarity4K HDR Cinema MIX 5,Кино 4K,,,,False,1,ok
Clarity4K HDR Cinema MIX 6,Кино 4K,,,,False,1,ok
Clarity4K HDR Cinema MIX 7,Кино 4K,,,,False,1,ok
Clarity4K HDR Cinema MIX 8,Кино 4K,,,,False,1,ok
Clarity4K HDR Cinema MIX 9,Кино 4K,,,,False,1,ok
Clarity4K HDR Cinema MIX 10,Кино 4K,,,,False,1,ok
Clarity4K HDR Cinema MIX 11,Кино 4K,,,,False,1,ok
Bear TV МегаКадр RU UHD,Кино 4K,000101_MegaKadr,000101_MegaKadr,Bear TV МегаКадр RU UHD,True,1,ok
Bear TV Золотой Экран RU UHD,Кино 4K,000102_GoldenScreen,000102_GoldenScreen,Bear TV Золотой Экран RU UHD,True,1,ok
Bear TV КиноВремя RU UHD,Кино 4K,000104_KinoTime,000104_KinoTime,Bear TV КиноВремя RU UHD,True,1,ok
Bear TV КиноМир RU UHD,Кино 4K,000105_SerialWorld,000105_SerialWorld,Bear TV КиноМир RU UHD,True,1,ok
Bear TV Хитовый Экран RU UHD,Кино 4K,000109_SerialHit,000109_SerialHit,Bear TV Хитовый Экран RU UHD,True,1,ok
Bear TV Фильмонавт RU UHD,Кино 4K,000110_Filmonavt,000110_Filmonavt,Bear TV Фильмонавт RU UHD,True,1,ok
Bear TV КиноГоризонт RU UHD,Кино 4K,000113_KinoHorizon,000113_KinoHorizon,Bear TV КиноГоризонт RU UHD,True,1,ok
Bear TV Сюжет ТВ RU UHD,Кино 4K,000115_SyuzhetTV,000115_SyuzhetTV,Bear TV Сюжет ТВ RU UHD,True,1,ok
Bear TV Кадр Плюс RU UHD,Кино 4K,000116_KadrPlus,000116_KadrPlus,Bear TV Кадр Плюс RU UHD,True,1,ok
Bear TV КиноПульс RU UHD,Кино 4K,000117_KinoPulse,000117_KinoPulse,Bear TV КиноПульс RU UHD,True,1,ok
Bear TV Экран 24 RU UHD,Кино 4K,000121_Ekran24,000121_Ekran24,Bear TV Экран 24 RU UHD,True,1,ok
Bear TV Ночной Сеанс RU UHD,Кино 4K,000130_NightSeans,000130_NightSeans,Bear TV Ночной Сеанс RU UHD,True,1,ok
Bear TV Премьера Live RU UHD,Кино 4K,000131_PremiereLive,000131_PremiereLive,Bear TV Премьера Live RU UHD,True,1,ok
Bear TV КиноМаршрут RU UHD,Кино 4K,000132_KinoMarshrut,000132_KinoMarshrut,Bear TV КиноМаршрут RU UHD,True,1,ok
Bear TV Легенды Экрана RU UHD,Кино 4K,000133_LegendsEkrana,000133_LegendsEkrana,Bear TV Легенды Экрана RU UHD,True,1,ok
Bear TV КиноВолна RU UHD,Кино 4K,000135_MovieWave,000135_MovieWave,Bear TV КиноВолна RU UHD,True,1,ok
Bear TV КиноОрбита RU UHD,Кино 4K,000137_CinemaOrbit,000137_CinemaOrbit,Bear TV КиноОрбита RU UHD,True,1,ok
Bear TV Галактика Кино RU UHD,Кино 4K,000139_FilmGalaxy,000139_FilmGalaxy,Bear TV Галактика Кино RU UHD,True,1,ok
Bear TV КиноСфера RU UHD,Кино 4K,000141_KinoSphere,000141_KinoSphere,Bear TV КиноСфера RU UHD,True,1,ok
Bear TV КиноДрайв RU UHD,Кино 4K,000143_KinoDrive,000143_KinoDrive,Bear TV КиноДрайв RU UHD,True,1,ok
Bear TV Блокбастер ТВ RU UHD,Кино 4K,000144_BlockbusterTV,000144_BlockbusterTV,Bear TV Блокбастер ТВ RU UHD,True,1,ok
Bear TV Фильм Канал RU UHD,Кино 4K,000199_FilmKanal,000199_FilmKanal,Bear TV Фильм Канал RU UHD,True,1,ok
Bear TV КиноЛиния RU UHD,Кино 4K,000201_KinoLine,000201_KinoLine,Bear TV КиноЛиния RU UHD,True,1,ok
Bear TV КиноЗвезда RU UHD,Кино 4K,000202_MovieStar,000202_MovieStar,Bear TV КиноЗвезда RU UHD,True,1,ok
Bear TV КиноАрена RU UHD,Кино 4K,000203_KinoArena,000203_KinoArena,Bear TV КиноАрена RU UHD,True,1,ok
Bear TV Экран Будущего RU UHD,Кино 4K,000204_EkranFuture,000204_EkranFuture,Bear TV Экран Будущего RU UHD,True,1,ok
Bear TV Кино Нова RU UHD,Кино 4K,000205_CinemaNova,000205_CinemaNova,Bear TV Кино Нова RU UHD,True,1,ok
Bear TV КиноФокус RU UHD,Кино 4K,000206_KinoFocus,000206_KinoFocus,Bear TV КиноФокус RU UHD,True,1,ok
Bear TV ФильмПоток RU UHD,Кино 4K,000207_FilmPotok,000207_FilmPotok,Bear TV ФильмПоток RU UHD,True,1,ok
Bear TV КиноМикс RU UHD,Кино 4K,000208_KinoMix,000208_KinoMix,Bear TV КиноМикс RU UHD,True,1,ok
Bear TV КиноКлассика RU UHD,Кино 4K,000209_KinoClassic,000209_KinoClassic,Bear TV КиноКлассика RU UHD,True,1,ok
Bear TV СуперСеанс RU UHD,Кино 4K,000210_SuperSeans,000210_SuperSeans,Bear TV СуперСеанс RU UHD,True,1,ok
Bear TV КиноДом RU UHD,Кино 4K,000211_HDKinoDom,000211_HDKinoDom,Bear TV КиноДом RU UHD,True,1,ok
Bear TV КиноПланета RU UHD,Кино 4K,000212_KinoPlanet,000212_KinoPlanet,Bear TV КиноПланета RU UHD,True,1,ok
Bear TV КиноНочь RU UHD,Кино 4K,000213_MovieNight,000213_MovieNight,Bear TV КиноНочь RU UHD,True,1,ok
Bear TV КиноПортал RU UHD,Кино 4K,000214_KinoPortal,000214_KinoPortal,Bear TV КиноПортал RU UHD,True,1,ok
Bear TV Экран Премиум RU UHD,Кино 4K,000215_EkranPremium,000215_EkranPremium,Bear TV Экран Премиум RU UHD,True,1,ok
Bear TV КиноСвет RU UHD,Кино 4K,000216_KinoSvet,000216_KinoSvet,Bear TV КиноСвет RU UHD,True,1,ok
Bear TV ФильмЭкспресс RU UHD,Кино 4K,000217_FilmExpress,000217_FilmExpress,Bear TV ФильмЭкспресс RU UHD,True,1,ok
Bear TV Парк Кино RU UHD,Кино 4K,000218_SerialPark,000218_SerialPark,Bear TV Парк Кино RU UHD,True,1,ok
Bear TV Время Кино RU UHD,Кино 4K,000219_CinemaTime,000219_CinemaTime,Bear TV Время Кино RU UHD,True,1,ok
Bear TV КиноМаяк RU UHD,Кино 4K,000220_KinoMayak,000220_KinoMayak,Bear TV КиноМаяк RU UHD,True,1,ok
Bear TV КиноБаза RU UHD,Кино 4K,000221_KinoBaza,000221_KinoBaza,Bear TV КиноБаза RU UHD,True,1,ok
Bear TV ФильмЗона RU UHD,Кино 4K,000222_FilmZone,000222_FilmZone,Bear TV ФильмЗона RU UHD,True,1,ok
Bear TV КиноИмперия RU UHD,Кино 4K,000223_KinoEmpire,000223_KinoEmpire,Bear TV КиноИмперия RU UHD,True,1,ok
Bear TV Экран Хит RU UHD,Кино 4K,000224_EkranHit,000224_EkranHit,Bear TV Экран Хит RU UHD,True,1,ok
Bear TV Линия Кино RU UHD,Кино 4K,000225_MovieLine,000225_MovieLine,Bear TV Линия Кино RU UHD,True,1,ok
Bear TV КиноРитм RU UHD,Кино 4K,000226_KinoRhythm,000226_KinoRhythm,Bear TV КиноРитм RU UHD,True,1,ok
Bear TV Сеанс 24/7 RU UHD,Кино 4K,000227_Seans247,000227_Seans247,Bear TV Сеанс 24/7 RU UHD,True,1,ok
Bear TV Киномания RU UHD,Кино 4K,009999_KinoMania,009999_KinoMania,Bear TV Киномания RU UHD,True,1,ok
Velilla TV Cinema 4K,Кино 4K,velilla4K,velilla4K,Velilla TV Cinema 4K,True,1,ok
Velilla TV  The X - Files 4K,Кино 4K,velillathexfiles4k,velillathexfiles4k,Velilla TV  The X - Files 4K,True,1,ok
Eurosport,Спорт,Xeurosport1,Xeurosport1,Eurosport 1,True,1,ok
Eurosport HD,Спорт,XEurosport.1.HD.ro,XEurosport.1.HD.ro,Eurosport 1 HD,True,2,ok
Eurosport 4K,Спорт,Xeurosport1,Xeurosport1,Eurosport 4K,True,1,ok
Eurosport 2,Спорт,XEurosport.1.HD.ro,XEurosport.1.HD.ro,Eurosport 2,True,2,ok
Eurosport 2 HD,Спорт,XEurosport.2.HD.ro,XEurosport.2.HD.ro,Eurosport 2 HD,True,2,ok
Eurosport 3 HD,Спорт,,Xeurosport3,Eurosport 3 HD,False,1,ok
Матч! ПРЕМЬЕР,Спорт,Xmatch-premier,Xmatch-premier,Матч! ПРЕМЬЕР,True,1,ok
Матч Премьер HD,Спорт,Xmatch-premier,Xmatch-premier,Матч Премьер HD,True,1,ok
Матч Арена,Спорт,Xmatch-arena,Xmatch-arena,Матч Арена,True,1,ok
Матч! Арена HD,Спорт,Xmatch-arena,Xmatch-arena,Матч! Арена HD,True,1,ok
Матч! Планета,Спорт,Xmatch-planeta,Xmatch-planeta,Матч! Планета,True,1,ok
Матч ТВ,Спорт,Xmatch-tv,Xmatch-tv,Матч ТВ,True,1,ok
Матч! HD,Спорт,Xmatch-tv,Xmatch-tv,Матч! HD,True,1,ok
Матч! 50fps,Спорт,Xmatch-tv,Xmatch-tv,Матч! 50fps,True,1,ok
Матч! Боец HD,Спорт,Xmatch-boets,Xmatch-boets,Матч! Боец HD,True,1,ok
МАТЧ! Страна,Спорт,Xmatch-nash-sport,Xmatch-nash-sport,МАТЧ! Страна,True,1,ok
Матч! Страна HD,Спорт,Xmatch-nash-sport,Xmatch-nash-sport,Матч! Страна HD,True,1,ok
Матч! Игра,Спорт,Xmatch-igra,Xmatch-igra,Матч! Игра,True,1,ok
Матч! Игра HD,Спорт,Xmatch-igra,Xmatch-igra,Матч! Игра HD,True,1,ok
Матч! Футбол 1 HD,Спорт,Xmatch-football1,Xmatch-football1,Матч! Футбол 1 HD,True,1,ok
Матч Футбол 1,Спорт,Xmatch-football1,Xmatch-football1,Матч Футбол 1,True,1,ok
Матч! Футбол 2 HD,Спорт,Xmatch-football2,Xmatch-football2,Матч! Футбол 2 HD,True,1,ok
Матч! Футбол 3 HD,Спорт,Xmatch-football3,Xmatch-football3,Матч! Футбол 3 HD,True,1,ok
Megogo Спорт HD,Спорт,Xmegogo-sport,Xmegogo-sport,Megogo Спорт HD,True,1,ok
Megogo Футбол 1 HD,Спорт,Xmegogo-football-1,Xmegogo-football-1,Megogo Футбол 1 HD,True,1,ok
Megogo Футбол 2 HD,Спорт,Xmegogo-football-2,Xmegogo-football-2,Megogo Футбол 2 HD,True,1,ok
Megogo Футбол 3 HD,Спорт,Xmegogo-football-3,Xmegogo-football-3,Megogo Футбол 3 HD,True,1,ok
Megogo Футбол 4 HD,Спорт,Xmegogo-football-4,Xmegogo-football-4,Megogo Футбол 4 HD,True,1,ok
Megogo Футбол 5 HD,Спорт,Xmegogo-football-5,Xmegogo-football-5,Megogo Футбол 5 HD,True,1,ok
Megogo Гонг,Спорт,Xmegogo-gong,Xmegogo-gong,Megogo Гонг,True,1,ok
Setanta Sports Premium HD,Спорт,setanta-sports-premium,setanta-sports-premium,Setanta Sports Premium HD,True,1,ok
Setanta Sports Ukraine,Спорт,Xsetanta-ua,Xsetanta-ua,Setanta Sports Ukraine,True,1,ok
Setanta Sports HD 50fps,Спорт,Xsetanta-ua,Xsetanta-ua,Setanta Sports HD 50fps,True,1,ok
Setanta Sports+ HD 50fps,Спорт,Xsetanta-plus-ua,Xsetanta-plus-ua,Setanta Sports+ HD 50fps,True,1,ok
Setanta Sports+ Ukraine,Спорт,Xsetanta-plus-ua,Xsetanta-plus-ua,Setanta Sports+ Ukraine,True,1,ok
Setanta Sports 1 HD,Спорт,Xsetanta-sports,Xsetanta-sports,Setanta Sports 1 HD,True,1,ok
Setanta Sports 2 HD,Спорт,Xsetanta-sports-plus,Xsetanta-sports-plus,Setanta Sports 2 HD,True,1,ok
Setanta Qazaqstan,Спорт,Xsetanta-kz,Xsetanta-kz,Setanta Qazaqstan,True,1,ok
Setanta Sports HD MD,Спорт,7244,7244,Setanta Sports HD MD,True,2,ok
Суспільне Спорт,Спорт,Xsuspilne-sport-ua,Xsuspilne-sport-ua,Суспільне Спорт,True,1,ok
Суспільне Спорт 50FPS,Спорт,Xsuspilne-sport-ua,Xsuspilne-sport-ua,Суспільне Спорт 50FPS,True,1,ok
DiviSport,Спорт,Xdivisport,Xdivisport,DiviSport,True,1,ok
Dynamo Kyiv TV,Спорт,Xdynamo-kyiv-tv,Xdynamo-kyiv-tv,Dynamo Kyiv TV,True,1,ok
Футбол,Спорт,Xfootball-ru,Xfootball-ru,Футбол,True,1,ok
Футбол HD,Спорт,Xfootball-ru,Xfootball-ru,Футбол HD,True,1,ok
Viju+ Sport,Спорт,Xviasat-sport,Xviasat-sport,Viju+ Sport,True,1,ok
Viju+ Sport HD,Спорт,Xviasat-sport,Xviasat-sport,Viju+ Sport HD,True,1,ok
Окко Спорт HD,Спорт,Xokko-sport,Xokko-sport,Окко Спорт HD,True,1,ok
Окко Футбол HD,Спорт,Xokko-football,Xokko-football,Окко Футбол HD,True,1,ok
Окко.Прайм Спорт,Спорт,Xokko-sport-2,Xokko-sport-2,Окко.Прайм Спорт,True,1,ok
Окко Чемпионат,Спорт,Xokko-chemp,Xokko-chemp,Окко Чемпионат,True,1,ok
Старт Триумф HD,Спорт,Xstart-triumf,Xstart-triumf,Старт Триумф HD,True,1,ok
Старт HD,Спорт,Xstart,Xstart,Старт HD,True,1,ok
Конный мир HD,Спорт,Xkonny-mir,Xkonny-mir,Конный мир HD,True,1,ok
КХЛ,Спорт,Xkxl,Xkxl,КХЛ,True,1,ok
KHL Prime,Спорт,Xkxl-hd,Xkxl-hd,KHL Prime,True,1,ok
Хоккейный,Спорт,Xxokkejny,Xxokkejny,Хоккейный,True,1,ok
Бокс ТВ,Спорт,Xbox-tv,Xbox-tv,Бокс ТВ,True,1,ok
Sport 1 UA,Спорт,Xsport1-ua,Xsport1-ua,Sport 1 UA,True,1,ok
Sport 2 UA,Спорт,Xsport2-ua,Xsport2-ua,Sport 2 UA,True,1,ok
Sport 3 UA HD,Спорт,9297,9297,Sport 3 UA HD,True,1,ok
Sport 4 UA,Спорт,,,Sport 4 UA,False,1,ok
NBA TV,Спорт,Xnba-tv,Xnba-tv,NBA TV,True,1,ok
Мир Баскетбола,Спорт,Xmir-basketbola,Xmir-basketbola,Мир Баскетбола,True,1,ok
Мяч,Спорт,Xfootbolny,Xfootbolny,Мяч,True,1,ok
Авто Плюс,Спорт,Xavto-plus,Xavto-plus,Авто Плюс,True,1,ok
Extreme Sports,Спорт,Xextreme-sports,Xextreme-sports,Extreme Sports,True,1,ok
Спортивный,Спорт,Xsportivny,Xsportivny,Спортивный,True,1,ok
UDAR,Спорт,Xufc,Xufc,UDAR,True,1,ok
Живи активно HD,Спорт,Xzhivi-aktivno,Xzhivi-aktivno,Живи активно HD,True,1,ok
UFC ТВ HD,Спорт,ufc,ufc,UFC ТВ HD,True,1,ok
MMA-TV HD,Спорт,m1global,m1global,MMA-TV HD,True,1,ok
Equalympic HD,Спорт,X	no_epg_sport,X	no_epg_sport,Equalympic HD,True,1,ok
Русский Экстрим,Спорт,Xrussky-ekstrim,Xrussky-ekstrim,Русский Экстрим,True,1,ok
Точка отрыва,Спорт,Xtochka-otryva,Xtochka-otryva,Точка отрыва,True,1,ok
Авто 24,Спорт,Xavto24,Xavto24,Авто 24,True,1,ok
Cars & Stars TV HD,Спорт,Xcars-n-stars,Xcars-n-stars,Cars & Stars TV HD,True,1,ok
FightBox,Спорт,Xfightbox-hd,Xfightbox-hd,FightBox,True,1,ok
TRACE Sport Stars,Спорт,Xtrace-sport-stars,Xtrace-sport-stars,TRACE Sport Stars,True,1,ok
Fast&FunBox,Спорт,Xfastfunbox-hd,Xfastfunbox-hd,Fast&FunBox,True,1,ok
MAINCAST SPORT,Спорт,Xmaincast-sport,Xmaincast-sport,MAINCAST SPORT,True,1,ok
Tennis+,Спорт,1889,1889,Tennis+,True,1,ok
UPL.TV HD,Спорт,Xupltv,Xupltv,UPL.TV HD,True,1,ok
УПЛ ТВ 1,Спорт,,Xupltv1,УПЛ ТВ 1,False,1,ok
УПЛ ТВ 2,Спорт,,Xupltv2,УПЛ ТВ 2,False,1,ok
УПЛ ТВ 3,Спорт,,Xupltv3,УПЛ ТВ 3,False,1,ok
QazSport,Спорт,Xkazsport,Xkazsport,QazSport,True,2,ok
Q Arena,Спорт,Xqsport-kz,Xqsport-kz,Q Arena,True,2,ok
Q Sport League,Спорт,Xq-sport-ext,Xq-sport-ext,Q Sport League,True,2,ok
Sport+ Qazaqstan,Спорт,Xsport-plus-kz,Xsport-plus-kz,Sport+ Qazaqstan,True,2,ok
BOX_SPORT_LIVE_1_HD,Спорт,Xbox-sportcast-live1,Xbox-sportcast-live1,BOX_SPORT_LIVE_1_HD,True,1,ok
BOX_SPORT_LIVE_2_HD,Спорт,Xbox-sportcast-live2,Xbox-sportcast-live2,BOX_SPORT_LIVE_2_HD,True,1,ok
BOX_SPORT_LIVE_3_HD,Спорт,Xbox-sportcast-live3,Xbox-sportcast-live3,BOX_SPORT_LIVE_3_HD,True,1,ok
BOX_SPORT_LIVE_4_HD,Спорт,Xbox-sportcast-live4,Xbox-sportcast-live4,BOX_SPORT_LIVE_4_HD,True,1,ok
BOX_SPORT_LIVE_5_HD,Спорт,Xbox-sportcast-live5,Xbox-sportcast-live5,BOX_SPORT_LIVE_5_HD,True,1,ok
BOX_SPORT_LIVE_6_HD,Спорт,,Xbox-sportcast-live6,BOX_SPORT_LIVE_6_HD,False,1,ok
BOX_SPORT_LIVE_7_HD,Спорт,,Xbox-sportcast-live7,BOX_SPORT_LIVE_7_HD,False,1,ok
BOX_SPORT_LIVE_8_HD,Спорт,,Xbox-sportcast-live8,BOX_SPORT_LIVE_8_HD,False,1,ok
BOX_SPORT_LIVE_9_HD,Спорт,,Xbox-sportcast-live9,BOX_SPORT_LIVE_9_HD,False,1,ok
BOX_SPORT_LIVE_4K,Спорт,,,BOX_SPORT_LIVE_4K,False,1,ok
BeIN Sport 1 HD,Спорт,Xbein-sport-1,Xbein-sport-1,BeIN Sport 1 HD,True,1,ok
BeIN Sport 2 HD,Спорт,Xbein-sport-2,Xbein-sport-2,BeIN Sport 2 HD,True,1,ok
BeIN Sport 3 HD,Спорт,Xbein-sport-3,Xbein-sport-3,BeIN Sport 3 HD,True,1,ok
BeIN Sport 4 HD,Спорт,Xbein-sport-4,Xbein-sport-4,BeIN Sport 4 HD,True,1,ok
BeIN EXTRAS,Спорт,,,BeIN EXTRAS,False,1,ok
TNT Sport 1 HD,Спорт,Xbt-sport1,Xbt-sport1,TNT Sport 1 HD,True,1,ok
TNT Sport 2 HD,Спорт,Xbt-sport2,Xbt-sport2,TNT Sport 2 HD,True,1,ok
TNT Sport 3 HD,Спорт,Xbt-sport3,Xbt-sport3,TNT Sport 3 HD,True,1,ok
DAZN 1 DE,Спорт,,,DAZN 1 DE,False,1,ok
DAZN Ring,Спорт,,,DAZN Ring,False,1,ok
DAZN TV,Спорт,,,DAZN TV,False,1,ok
DAZN 2 DE,Спорт,,,DAZN 2 DE,False,1,ok
Movistar Formula 1,Спорт,Xno_epg_sport,Xno_epg_sport,Movistar Formula 1,True,1,ok
Sky Sport Bundesliga HD,Спорт,Xsky-sport-bl1,Xsky-sport-bl1,Sky Sport Bundesliga HD,True,2,ok
Live Sport 1,Спорт,,,Live Sport 1,False,1,ok
Live Sport 2,Спорт,,,Live Sport 2,False,1,ok
Football Live 1,Спорт,,,Football Live 1,False,1,ok
Football Live 2,Спорт,,,Football Live 2,False,1,ok
Football Live 3,Спорт,,,Football Live 3,False,1,ok
Football Live 4,Спорт,,,Football Live 4,False,1,ok
Football Live 5,Спорт,,,Football Live 5,False,1,ok
Football Live 6,Спорт,,,Football Live 6,False,1,ok
Football Live 7,Спорт,,,Football Live 7,False,1,ok
Football Live 8,Спорт,,,Football Live 8,False,1,ok
Football Live 9,Спорт,,,Football Live 9,False,1,ok
Football Live 10,Спорт,,,Football Live 10,False,1,ok
Football Live 11,Спорт,,,Football Live 11,False,1,ok
Football Live 12,Спорт,,,Football Live 12,False,1,ok
Football Live 13,Спорт,,,Football Live 13,False,1,ok
VIP Sport 1,Спорт,,,VIP Sport 1,False,1,ok
VIP Sport 2,Спорт,,,VIP Sport 2,False,1,ok
VIP Sport 3,Спорт,,,VIP Sport 3,False,1,ok
VIP Sport 4,Спорт,,,VIP Sport 4,False,1,ok
VIP Sport 5,Спорт,,,VIP Sport 5,False,1,ok
VIP Sport 6,Спорт,,,VIP Sport 6,False,1,ok
VIP Sport 7,Спорт,,,VIP Sport 7,False,1,ok
VIP Sport 8,Спорт,,,VIP Sport 8,False,1,ok
VIP Sport 9,Спорт,,,VIP Sport 9,False,1,ok
VIP Sport 11,Спорт,,,VIP Sport 11,False,1,ok
VIP Sport 12,Спорт,,,VIP Sport 12,False,1,ok
VIP Sport 13,Спорт,,,VIP Sport 13,False,1,ok
ViP Sport 14,Спорт,,,ViP Sport 14,False,1,ok
ViP Sport 15,Спорт,,,ViP Sport 15,False,1,ok
ViP Sport 16,Спорт,,,ViP Sport 16,False,1,ok
ViP Sport 17,Спорт,,,ViP Sport 17,False,1,ok
betking live 1,Спорт,,,betking live 1,False,1,ok
betking live 2,Спорт,,,betking live 2,False,1,ok
Betking Live 3,Спорт,,,Betking Live 3,False,1,ok
FintGa 1,Спорт,,,FintGa 1,False,1,ok
FintGa 2,Спорт,,,FintGa 2,False,1,ok
FintGa 3,Спорт,,,FintGa 3,False,1,ok
FintGa 4,Спорт,,,FintGa 4,False,1,ok
Pimple 1,Спорт,,,Pimple 1,False,1,ok
Pimple 2,Спорт,,,Pimple 2,False,1,ok
Pimple 3,Спорт,,,Pimple 3,False,1,ok
Pimple 4,Спорт,,,Pimple 4,False,1,ok
Pimple 5,Спорт,,,Pimple 5,False,1,ok
Pimple 6,Спорт,,,Pimple 6,False,1,ok
BOX Be ON Edge HD,Спорт,Xbox-beonedge,Xbox-beonedge,BOX Be ON Edge HD,True,1,ok
BOX Be ON Edge 1 Live HD,Спорт,Xbox-beonedge1live,Xbox-beonedge1live,BOX Be ON Edge 1 Live HD,True,1,ok
BOX Be ON Edge 2 Live HD,Спорт,Xbox-beonedge2live,Xbox-beonedge2live,BOX Be ON Edge 2 Live HD,True,1,ok
BOX SportCast Live 1 HD,Спорт,Xbox-sportcast-live1,Xbox-sportcast-live1,BOX SportCast Live 1 HD,True,1,ok
BOX SportCast Live 2 HD,Спорт,Xbox-sportcast-live2,Xbox-sportcast-live2,BOX SportCast Live 2 HD,True,1,ok
BOX SportCast Live 3 HD,Спорт,Xbox-sportcast-live3,Xbox-sportcast-live3,BOX SportCast Live 3 HD,True,1,ok
BOX SportCast Live 4 HD,Спорт,Xbox-sportcast-live4,Xbox-sportcast-live4,BOX SportCast Live 4 HD,True,1,ok
BOX SportCast Live 5 HD,Спорт,Xbox-sportcast-live5,Xbox-sportcast-live5,BOX SportCast Live 5 HD,True,1,ok
BOX SportCast Live 6 HD,Спорт,Xbox-sportcast-live6,Xbox-sportcast-live6,BOX SportCast Live 6 HD,True,1,ok
BOX SportCast Live 7 HD,Спорт,Xbox-sportcast-live7,Xbox-sportcast-live7,BOX SportCast Live 7 HD,True,1,ok
BOX SportCast Live 8 HD,Спорт,,Xbox-sportcast-live8,BOX SportCast Live 8 HD,False,1,ok
BOX SportCast Live 9 HD,Спорт,,Xbox-sportcast-live9,BOX SportCast Live 9 HD,False,1,ok
Box Sport 11 Live 4K,Спорт,box-sport-11-live,box-sport-11-live,Box Sport 11 Live 4K,True,1,ok
Box Sport Live 12 HD,Спорт,,,Box Sport Live 12 HD,False,1,ok
Box Sport Live 13 HD,Спорт,,,Box Sport Live 13 HD,False,1,ok
Box Sport Live 14 HD,Спорт,,,Box Sport Live 14 HD,False,1,ok
Box Sport Live 15 HD,Спорт,,,Box Sport Live 15 HD,False,1,ok
MMA Junkie,Спорт,,,MMA Junkie,False,1,ok
Dubai Sports 2,Спорт,,,Dubai Sports 2,False,1,ok
Dubai Sports 3,Спорт,,,Dubai Sports 3,False,1,ok
Diema Sport HD,Спорт,Xdiema-sport-1,Xdiema-sport-1,Diema Sport HD,True,1,ok
Diema Sport 2 HD,Спорт,Xdiema-sport-2,Xdiema-sport-2,Diema Sport 2 HD,True,1,ok
Diema Sport 3 HD,Спорт,Xdiema-sport-3,Xdiema-sport-3,Diema Sport 3 HD,True,1,ok
SPORT TV + PT,Спорт,SPORT.TV+.HD.pt,SPORT.TV+.HD.pt,SPORT TV + PT,True,1,ok
SPORT TV 1 PT,Спорт,SPORT.TV1.HD.pt,SPORT.TV1.HD.pt,SPORT TV 1 PT,True,1,ok
SPORT TV 2 PT,Спорт,SPORT.TV2.HD.pt,SPORT.TV2.HD.pt,SPORT TV 2 PT,True,1,ok
SPORT TV 3 PT,Спорт,SPORT.TV3.HD.pt,SPORT.TV3.HD.pt,SPORT TV 3 PT,True,1,ok
SPORT TV 4 PT,Спорт,SPORT.TV4.HD.pt,SPORT.TV4.HD.pt,SPORT TV 4 PT,True,1,ok
SPORT TV 5 PT,Спорт,SPORT.TV5.HD.pt,SPORT.TV5.HD.pt,SPORT TV 5 PT,True,1,ok
SPORT TV 6 PT,Спорт,Sport.TV.6.HD.pt,Sport.TV.6.HD.pt,SPORT TV 6 PT,True,1,ok
M+ Deportes ES,Спорт,m-plus-deport-es,m-plus-deport-es,M+ Deportes ES,True,1,ok
M+ Deportes 2 ES,Спорт,m-plus-deport2-es,m-plus-deport2-es,M+ Deportes 2 ES,True,1,ok
M+ Deportes 3 ES,Спорт,m-plus-deport3-es,m-plus-deport3-es,M+ Deportes 3 ES,True,1,ok
M+ Deportes 4 ES,Спорт,m-plus-deport4-es,m-plus-deport4-es,M+ Deportes 4 ES,True,1,ok
DAZN 1 PT,Спорт,DAZN.1.pt,DAZN.1.pt,DAZN 1 PT,True,1,ok
DAZN 2 PT,Спорт,DAZN.2.pt,DAZN.2.pt,DAZN 2 PT,True,1,ok
DAZN 1 ESPANA,Спорт,,,DAZN 1 ESPANA,False,1,ok
DAZN 2 ESPAÑA,Спорт,,,DAZN 2 ESPAÑA,False,1,ok
Canal 11 International,Спорт,Canal.11.HD.pt,Canal.11.HD.pt,Canal 11 International,True,1,ok
Glory Kickboxing,Спорт,,,Glory Kickboxing,False,1,ok
Arena Premium 1 HD,Спорт,381833,381833,Arena Premium 1 HD,True,1,ok
Arena Premium 2 HD,Спорт,381835,381835,Arena Premium 2 HD,True,1,ok
Arena Premium 3 HD,Спорт,381834,381834,Arena Premium 3 HD,True,1,ok
Arena Premium 4 HD,Спорт,,,Arena Premium 4 HD,False,1,ok
Arena Premium 5 HD,Спорт,,,Arena Premium 5 HD,False,1,ok
Arena Fight,Спорт,arena-fight,arena-fight,Arena Fight,True,1,ok
TSN 1,Спорт,TSN 1,TSN 1,TSN 1,True,1,ok
TSN 2,Спорт,470550,470550,TSN 2,True,1,ok
TSN 3,Спорт,TSN 3,TSN 3,TSN 3,True,1,ok
TSN 4,Спорт,470915,470915,TSN 4,True,1,ok
TSN 5,Спорт,470390,470390,TSN 5,True,1,ok
Velilla TV World Cup 1966,Спорт,worldcup1966,worldcup1966,Velilla TV World Cup 1966,True,1,ok
Velilla TV World Cup 1970,Спорт,worldcup1970,worldcup1970,Velilla TV World Cup 1970,True,1,ok
Velilla TV World Cup 1974,Спорт,worldcup1974,worldcup1974,Velilla TV World Cup 1974,True,1,ok
Velilla TV World Cup 1978,Спорт,worldcup1978,worldcup1978,Velilla TV World Cup 1978,True,1,ok
Velilla TV World Cup 1982,Спорт,worldcup1982,worldcup1982,Velilla TV World Cup 1982,True,1,ok
Velilla TV World Cup 1986,Спорт,worldcup1986,worldcup1986,Velilla TV World Cup 1986,True,1,ok
Velilla TV World Cup 1998,Спорт,worldcup1998,worldcup1998,Velilla TV World Cup 1998,True,1,ok
Velilla TV World Cup 1990,Спорт,worldcup1990,worldcup1990,Velilla TV World Cup 1990,True,1,ok
Velilla TV World Cup 1994,Спорт,worldcup1994,worldcup1994,Velilla TV World Cup 1994,True,1,ok
Velilla TV World Cup 2002,Спорт,worldcup2002,worldcup2002,Velilla TV World Cup 2002,True,1,ok
Velilla TV World Cup 2006,Спорт,worldcup2006,worldcup2006,Velilla TV World Cup 2006,True,1,ok
Velilla TV World Cup 2010,Спорт,worldcup2010,worldcup2010,Velilla TV World Cup 2010,True,1,ok
Velilla TV World Cup 2014,Спорт,worldcup2014,worldcup2014,Velilla TV World Cup 2014,True,1,ok
Velilla TV World Cup 2018,Спорт,worldcup2018,worldcup2018,Velilla TV World Cup 2018,True,1,ok
Velilla TV World Cup 2022 HD,Спорт,worldcup2022,worldcup2022,Velilla TV World Cup 2022 HD,True,1,ok
Velilla TV World Cup 2026 HD,Спорт,worldcup2026,worldcup2026,Velilla TV World Cup 2026 HD,True,1,ok
Velilla TV EuroCup 1984,Спорт,eurocup1984,eurocup1984,Velilla TV EuroCup 1984,True,1,ok
Velilla TV EuroCup 1988,Спорт,eurocup1988,eurocup1988,Velilla TV EuroCup 1988,True,1,ok
Velilla TV EuroCup 1992,Спорт,eurocup1992,eurocup1992,Velilla TV EuroCup 1992,True,1,ok
Velilla TV EuroCup 1996,Спорт,eurocup1996,eurocup1996,Velilla TV EuroCup 1996,True,1,ok
Velilla TV EuroCup 2000,Спорт,eurocup2000,eurocup2000,Velilla TV EuroCup 2000,True,1,ok
Velilla TV EuroCup 2004,Спорт,eurocup2004,eurocup2004,Velilla TV EuroCup 2004,True,1,ok
Velilla TV EuroCup 2008 HD,Спорт,eurocup2008,eurocup2008,Velilla TV EuroCup 2008 HD,True,1,ok
Velilla TV EuroCup 2012 HD,Спорт,eurocup2012,eurocup2012,Velilla TV EuroCup 2012 HD,True,1,ok
Velilla TV EuroCup 2016 HD,Спорт,eurocup2016,eurocup2016,Velilla TV EuroCup 2016 HD,True,1,ok
Velilla TV EuroCup 2020 HD,Спорт,eurocup2020,eurocup2020,Velilla TV EuroCup 2020 HD,True,1,ok
Velilla TV EuroCup 2024 HD,Спорт,eurocup2024,eurocup2024,Velilla TV EuroCup 2024 HD,True,1,ok
Velilla TV FIFA Club World Cup 2025 HD,Спорт,fifaclubworldcup2025,fifaclubworldcup2025,Velilla TV FIFA Club World Cup 2025 HD,True,1,ok
Velilla TV Legendary Matches HD,Спорт,velillalegendarymatches,velillalegendarymatches,Velilla TV Legendary Matches HD,True,1,ok
FIFA+ HD (England),Спорт,fifapluseng,fifapluseng,FIFA+ HD (England),True,1,ok
FIFA+ HD (Spain),Спорт,,fifaplusesp,FIFA+ HD (Spain),False,1,ok
FIFA+ HD (USA),Спорт,,fifaplususa,FIFA+ HD (USA),False,1,ok
FIFA+ HD (French),Спорт,,fifaplusfrench,FIFA+ HD (French),False,1,ok
FIFA+ HD (German),Спорт,,fifaplusgerman,FIFA+ HD (German),False,1,ok
FIFA+ HD (Hispan America),Спорт,,fifaplushispanamerica,FIFA+ HD (Hispan America),False,1,ok
FIFA+ HD (Italy),Спорт,,fifaplusitaly,FIFA+ HD (Italy),False,1,ok
FIFA+ HD (Portugal),Спорт,,fifaplusportugal,FIFA+ HD (Portugal),False,1,ok
FIFA+ Women HD,Спорт,,fifapluswomen,FIFA+ Women HD,False,1,ok
Top Barca,Спорт,,,Top Barca,False,1,ok
Man City 24/7,Спорт,,,Man City 24/7,False,1,ok
Discovery Channel HD,Познавательные,Xdiscovery-channel,Xdiscovery-channel,Discovery Channel,True,1,ok
ID Xtra HD,Познавательные,Xid-xtra-ru,Xid-xtra-ru,ID Xtra HD,True,1,ok
National Geographic HD,Познавательные,,Xnational-geographic-cee,National Geographic HD,False,1,ok
National Geographic,Познавательные,XNational.Geographic.HD.ro,XNational.Geographic.HD.ro,National Geographic,True,3,ok
Nat Geo Wild HD,Познавательные,Xnat-geo-wild,Xnat-geo-wild,Nat Geo Wild HD,True,2,ok
Animal Planet HD,Познавательные,Xanimal-planet-eu,Xanimal-planet-eu,Animal Planet HD,True,2,ok
DocuBox HD,Познавательные,Xdocubox-hd,Xdocubox-hd,DocuBox HD,True,1,ok
HGTV HD,Познавательные,Xhgtv,Xhgtv,HGTV HD,True,1,ok
HD Life,Познавательные,Xhd-life,Xhd-life,HD Life,True,1,ok
Viasat History HD CEE,Познавательные,Xhistory-viasat-en,Xhistory-viasat-en,Viasat History HD CEE,True,1,ok
Viasat Nature,Познавательные,Xviasat-nature-cee,Xviasat-nature-cee,Viasat Nature,True,1,ok
Viasat Explore,Познавательные,Xviasat-explore-cee,Xviasat-explore-cee,Viasat Explore,True,1,ok
Viasat History HD,Познавательные,Xviasat-history,Xviasat-history,Viasat History HD,True,2,ok
Viasat Explore Best HD,Познавательные,,,Viasat Explore Best HD,False,1,ok
Viasat Nature Best HD,Познавательные,,,Viasat Nature Best HD,False,1,ok
Viasat History Best HD,Познавательные,,,Viasat History Best HD,False,1,ok
Viju Explore HD,Познавательные,Xviasat-explore,Xviasat-explore,Viju Explore HD,True,1,ok
Viju History HD,Познавательные,Xviasat-history,Xviasat-history,Viju History HD,True,1,ok
Viju Nature HD,Познавательные,Xviasat-nature,Xviasat-nature,Viju Nature HD,True,1,ok
Viju+ Planet HD,Познавательные,Xviasat-nature-history-hd,Xviasat-nature-history-hd,Viju+ Planet HD,True,1,ok
TLC HD,Познавательные,TLC.ro,TLC.ro,TLC HD,True,3,ok
Big Planet HD,Познавательные,Xbig-planet,Xbig-planet,Big Planet HD,True,1,ok
Travel Channel HD,Познавательные,Xtravel-channel-pl,Xtravel-channel-pl,Travel Channel HD,True,2,ok
RTG HD,Познавательные,Xrtg-hd,Xrtg-hd,RTG HD,True,1,ok
History HD,Познавательные,Xhistory-pl,Xhistory-pl,History HD,True,2,ok
H2 HD,Познавательные,Xh2,Xh2,H2 HD,True,1,ok
The Explorers,Познавательные,Xthe-explorers,Xthe-explorers,The Explorers,True,1,ok
Travel+Adventure HD,Познавательные,Xtravel-adventure,Xtravel-adventure,Travel+Adventure HD,True,1,ok
Travel XP HD,Познавательные,Xtravel-xp-hd,Xtravel-xp-hd,Travel XP HD,True,1,ok
Travel XP 4K,Познавательные,Xtravel-xp-hd,Xtravel-xp-hd,Travel XP 4K,True,1,ok
Глазами туриста HD,Познавательные,Xglazami-turista,Xglazami-turista,Глазами туриста HD,True,1,ok
Приключения HD,Познавательные,Xprikluchenia-hd,Xprikluchenia-hd,Приключения HD,True,1,ok
Большая Азия HD,Познавательные,Xbolshaya-azia,Xbolshaya-azia,Большая Азия HD,True,1,ok
Поехали HD,Познавательные,Xpoexali,Xpoexali,Поехали HD,True,1,ok
Живая природа HD,Познавательные,Xzhivaya-priroda,Xzhivaya-priroda,Живая природа HD,True,1,ok
Живая планета,Познавательные,Xzhivaya-planeta,Xzhivaya-planeta,Живая планета,True,1,ok
Рыболов,Познавательные,Xoxotnik-i-rybolov,Xoxotnik-i-rybolov,Рыболов,True,1,ok
Охотник и рыболов HD,Познавательные,Xoxotnik-i-rybolov-hd,Xoxotnik-i-rybolov-hd,Охотник и рыболов HD,True,1,ok
Охота и Рыбалка,Познавательные,Xoxota-i-rybalka,Xoxota-i-rybalka,Охота и Рыбалка,True,1,ok
Рыбалка HD,Познавательные,Xrybalka,Xrybalka,Рыбалка HD,True,1,ok
Диалоги о рыбалке,Познавательные,Xdialogi-o-rybalke,Xdialogi-o-rybalke,Диалоги о рыбалке,True,1,ok
Дикая охота HD,Познавательные,Xdikaya-oxota-hd,Xdikaya-oxota-hd,Дикая охота HD,True,1,ok
Дикая рыбалка HD,Познавательные,Xdikaya-rybalka-hd,Xdikaya-rybalka-hd,Дикая рыбалка HD,True,1,ok
Continent E,Познавательные,Xcontinent-e,Xcontinent-e,Continent E,True,1,ok
Трофей HD,Познавательные,Xtrofey,Xtrofey,Трофей HD,True,1,ok
Загородная Жизнь,Познавательные,Xzagorodnaya-zhizn,Xzagorodnaya-zhizn,Загородная Жизнь,True,1,ok
Загородный,Познавательные,Xzagorodny,Xzagorodny,Загородный,True,1,ok
Усадьба,Познавательные,Xusadba,Xusadba,Усадьба,True,1,ok
6 соток,Познавательные,X6sotok,X6sotok,6 соток,True,1,ok
Дача HD,Познавательные,Xdacha,Xdacha,Дача HD,True,1,ok
ZooSweet,Познавательные,,,ZooSweet,False,1,ok
Про Київ,Познавательные,pro-kiiv,pro-kiiv,Про Київ,True,1,ok
Знаєм 24,Познавательные,znajem24,znajem24,Знаєм 24,True,1,ok
Невигадані Історії HD,Познавательные,,,Невигадані Історії HD,False,1,ok
Дикий,Познавательные,Xdikiy,Xdikiy,Дикий,True,1,ok
Арсенал HD,Познавательные,Xarsenaltv,Xarsenaltv,Арсенал HD,True,1,ok
Мужской,Познавательные,Xmuzhskoy,Xmuzhskoy,Мужской,True,1,ok
Наука 2.0,Познавательные,Xnauka-20,Xnauka-20,Наука 2.0,True,1,ok
Моя Планета,Познавательные,Xmoya-planeta,Xmoya-planeta,Моя Планета,True,1,ok
Планета HD,Познавательные,Xmoya-planeta,Xmoya-planeta,Планета HD,True,1,ok
Совершенно секретно,Познавательные,Xsovsek,Xsovsek,Совершенно секретно,True,1,ok
Кто есть кто,Познавательные,Xkto-est-kto,Xkto-est-kto,Кто есть кто,True,1,ok
История,Познавательные,Xistoria,Xistoria,История,True,1,ok
365 дней ТВ,Познавательные,X365-dnej,X365-dnej,365 дней ТВ,True,1,ok
FlixSpin,Познавательные,,Xpervy-obrazovatelny,FlixSpin,False,1,ok
Психология 21,Познавательные,Xpsixologia-21,Xpsixologia-21,Психология 21,True,1,ok
Вопросы и ответы,Познавательные,Xvoprosy-i-otvety,Xvoprosy-i-otvety,Вопросы и ответы,True,1,ok
360°,Познавательные,X360-podmoskovie,X360-podmoskovie,360°,True,1,ok
36.6 HD,Познавательные,X36-6-tv,X36-6-tv,36.6 HD,True,1,ok
Оружие,Познавательные,Xoruzhie,Xoruzhie,Оружие,True,1,ok
Terra,Познавательные,Xterra-ru,Xterra-ru,Terra,True,1,ok
Terra HD,Познавательные,Xterra-ru,Xterra-ru,Terra HD,True,1,ok
Машина часу,Познавательные,mashina-chasu,mashina-chasu,Машина часу,True,1,ok
Домашние Животные,Познавательные,Xdomashnie-zhivotnye,Xdomashnie-zhivotnye,Домашние Животные,True,1,ok
Ocean TV,Познавательные,Xocean-tv,Xocean-tv,Ocean TV,True,1,ok
Sea TV HD,Познавательные,Xsea-tv,Xsea-tv,Sea TV HD,True,1,ok
Galaxy,Познавательные,Xgalaxy-tv,Xgalaxy-tv,Galaxy,True,1,ok
Моя стихия,Познавательные,Xmorskoy,Xmorskoy,Моя стихия,True,1,ok
Телепутешествия,Познавательные,Xteleputeshestvia,Xteleputeshestvia,Телепутешествия,True,1,ok
В мире животных HD,Познавательные,Xv-mire-zhivotnyx-hd,Xv-mire-zhivotnyx-hd,В мире животных HD,True,1,ok
Первый Космический HD,Познавательные,Xeureka-hd,Xeureka-hd,Первый Космический HD,True,1,ok
Quiz TV,Познавательные,Xquiz-tv,Xquiz-tv,Quiz TV,True,1,ok
Світло HD,Познавательные,Xepoque,Xepoque,Світло HD,True,1,ok
Наука,Познавательные,Xnauka,Xnauka,Наука,True,1,ok
Терра,Познавательные,Xterra,Xterra,Терра,True,1,ok
Фауна,Познавательные,Xfauna,Xfauna,Фауна,True,1,ok
Масон ТВ,Познавательные,Xmason-tv,Xmason-tv,Масон ТВ,True,1,ok
One Planet HD,Познавательные,Xone-planet,Xone-planet,One Planet HD,True,1,ok
UTravel,Познавательные,Xutravel,Xutravel,UTravel,True,1,ok
Континент Е,Познавательные,,,Континент Е,False,1,ok
Загублений світ,Познавательные,,,Загублений світ,False,1,ok
CGTN Русский,Познавательные,Xcctv-ru,Xcctv-ru,CGTN Русский,True,1,ok
BOX Docu HD,Познавательные,Xbox-docu,Xbox-docu,BOX Docu HD,True,1,ok
BOX Travel HD,Познавательные,Xbox-travel,Xbox-travel,BOX Travel HD,True,1,ok
Curiosity Stream HD,Познавательные,Xcuriosity-stream,Xcuriosity-stream,Curiosity Stream HD,True,1,ok
Nautical Channel,Познавательные,Xnautical-channel,Xnautical-channel,Nautical Channel,True,1,ok
ЕГЭ ТВ,Познавательные,Xege-tv,Xege-tv,ЕГЭ ТВ,True,1,ok
Кто Куда,Познавательные,Xmir-uvlecheniy,Xmir-uvlecheniy,Кто Куда,True,2,ok
Драйв,Познавательные,Xdrive,Xdrive,Драйв,True,1,ok
Ключ,Познавательные,Xkluch,Xkluch,Ключ,True,1,ok
Т24,Познавательные,Xtexno-24,Xtexno-24,Т24,True,1,ok
myZen.tv HD,Познавательные,Xmyzen-tv,Xmyzen-tv,myZen.tv HD,True,1,ok
RTG TV,Познавательные,Xrtg-tv,Xrtg-tv,RTG TV,True,1,ok
Зоопарк,Познавательные,Xzoopark,Xzoopark,Зоопарк,True,1,ok
Кто Куда,Познавательные,Xmir-uvlecheniy,Xmir-uvlecheniy,Кто Куда,True,2,ok
Пёс и Ко,Познавательные,Xpes-i-ko,Xpes-i-ko,Пёс и Ко,True,1,ok
MM Открытия HD,Познавательные,Xminimax-otkritiya,Xminimax-otkritiya,MM Открытия HD,True,1,ok
Museum 4K,Познавательные,Xmuseum-4k,Xmuseum-4k,Museum 4K,True,1,ok
Глазами туриста 4K,Познавательные,Xglazami-turista-4k,Xglazami-turista-4k,Глазами туриста 4K,True,1,ok
Quadro 4K,Познавательные,Xquadro4k,Xquadro4k,Quadro 4K,True,1,ok
Орел и Решка,Познавательные,,,Орел и Решка,False,1,ok
Velilla TV CatTV 4K,Познавательные,velillatvcattv,velillatvcattv,Velilla TV CatTV 4K,True,1,ok
DITV 4К,Познавательные,,,DITV 4К,False,1,ok
DITV Дикая природа 4К,Познавательные,,,DITV Дикая природа 4К,False,1,ok
DITV Кулинария,Познавательные,,,DITV Кулинария,False,1,ok
Мультфільми для малечі HD,Детские,,,Мультфільми для малечі HD,False,1,ok
Gulli,Детские,Xgulli-girl,Xgulli-girl,Gulli,True,1,ok
Jim Jam,Детские,Xjimjam,Xjimjam,Jim Jam,True,1,ok
Baby TV,Детские,Xbaby-tv,Xbaby-tv,Baby TV,True,2,ok
Duck TV,Детские,Xducktv,Xducktv,Duck TV,True,1,ok
Tiji TV,Детские,Xtiji,Xtiji,Tiji TV,True,1,ok
СТС kids,Детские,Xsts-kids-hd,Xsts-kids-hd,СТС kids,True,1,ok
СТС Kids HD,Детские,Xsts-kids-hd,Xsts-kids-hd,СТС Kids HD,True,1,ok
Cartoon Network,Детские,XCartoon.Network.ro,XCartoon.Network.ro,Cartoon Network,True,3,ok
Cartoon Classics,Детские,Xcartoon-classics,Xcartoon-classics,Cartoon Classics,True,1,ok
NIKI Kids,Детские,Xniki-kids,Xniki-kids,NIKI Kids,True,1,ok
NIKI Junior,Детские,Xniki-junior,Xniki-junior,NIKI Junior,True,1,ok
Детский мир,Детские,Xdetsky-mir,Xdetsky-mir,Детский мир,True,1,ok
Уникум,Детские,Xdetsky,Xdetsky,Уникум,True,1,ok
Лёва HD,Детские,Xliova,Xliova,Лёва HD,True,1,ok
Magic Disney,Детские,Xmagic-disney,Xmagic-disney,Magic Disney,True,1,ok
Пингвин Лоло,Детские,Xpingvin-lolo,Xpingvin-lolo,Пингвин Лоло,True,1,ok
BCU Kids HD,Детские,,Xbcu-multzal,BCU Kids HD,False,1,ok
BCU Мультсериал,Детские,Xbcu-multserial,Xbcu-multserial,BCU Мультсериал,True,1,ok
BCU Kids+ HD,Детские,Xbcu-kids-plus,Xbcu-kids-plus,BCU Kids+ HD,True,1,ok
BCU Kids 4K,Детские,Xbcu-kids-4k,Xbcu-kids-4k,BCU Kids 4K,True,1,ok
BCU Little HD,Детские,Xbcu-little,Xbcu-little,BCU Little HD,True,1,ok
KBC-Союзмультзал,Детские,X39798,X39798,KBC-Союзмультзал,True,1,ok
KBC-Family Animation HD,Детские,X38589,X38589,KBC-Family Animation HD,True,1,ok
YOSSO TV Kids,Детские,Xyosso-kids,Xyosso-kids,YOSSO TV Kids,True,1,ok
Kids TV,Детские,Xkidstv,Xkidstv,Kids TV,True,1,ok
Умка,Детские,Xumka,Xumka,Умка,True,1,ok
Карусель,Детские,Xkarusel,Xkarusel,Карусель,True,1,ok
Мульт,Детские,Xmult,Xmult,Мульт,True,1,ok
Мультимания,Детские,Xmultimania,Xmultimania,Мультимания,True,1,ok
СуперГерои,Детские,Xmalysh,Xmalysh,СуперГерои,True,1,ok
В гостях у сказки,Детские,Xv-gostiax-u-skazki,Xv-gostiax-u-skazki,В гостях у сказки,True,1,ok
Пиксель HD,Детские,Xpixel,Xpixel,Пиксель HD,True,1,ok
Пиксель,Детские,Xpixel,Xpixel,Пиксель,True,1,ok
MYTV  Kids,Детские,XMyTVmytvkids-4,XMyTVmytvkids-4,MYTV  Kids,True,1,ok
Плюс Плюс,Детские,Xplusplus,Xplusplus,Плюс Плюс,True,1,ok
Da Vinci Learning,Детские,Xda-vinci,Xda-vinci,Da Vinci Learning,True,1,ok
Sweet Мультфільми HD,Детские,sweet-multfilmi,sweet-multfilmi,Sweet Мультфільми HD,True,1,ok
Ani,Детские,Xani,Xani,Ani,True,1,ok
Cine+ Kids,Детские,Xcine-plus-kids,Xcine-plus-kids,Cine+ Kids,True,1,ok
Капитан Фантастика,Детские,Xginger-hd,Xginger-hd,Капитан Фантастика,True,1,ok
2x2,Детские,X2na2,X2na2,2x2,True,1,ok
Ералаш,Детские,4775,4775,Ералаш,True,1,ok
KinoKazka,Детские,Xkinokazka,Xkinokazka,KinoKazka,True,1,ok
Мама,Детские,Xmama,Xmama,Мама,True,1,ok
Чижик,Детские,Xchizhik,Xchizhik,Чижик,True,1,ok
Радость моя,Детские,Xradost-moya,Xradost-moya,Радость моя,True,1,ok
Детское кино HD,Детские,Xdetskoe-kino,Xdetskoe-kino,Детское кино HD,True,1,ok
О!,Детские,Xo_,Xo_,О!,True,1,ok
ТипТоп HD,Детские,Xtiptop,Xtiptop,ТипТоп HD,True,1,ok
Lale,Детские,xlale,xlale,Lale,True,1,ok
Cartoons 90,Детские,Xcartoons-90,Xcartoons-90,Cartoons 90,True,1,ok
Cartoons Short,Детские,Xcartoons-short,Xcartoons-short,Cartoons Short,True,1,ok
Cartoons Big,Детские,Xcartoons-big,Xcartoons-big,Cartoons Big,True,1,ok
FAN HD,Детские,Xfanhd,Xfanhd,FAN HD,True,1,ok
BOX Anime HD,Детские,Xbox-anime,Xbox-anime,BOX Anime HD,True,1,ok
BOX M.Serial HD,Детские,Xbox-m-serial,Xbox-m-serial,BOX M.Serial HD,True,1,ok
MM USSR Сказки HD,Детские,Xminimax-ussr-skazki,Xminimax-ussr-skazki,MM USSR Сказки HD,True,1,ok
MM Walt Disney HD,Детские,Xminimax-walt-disney,Xminimax-walt-disney,MM Walt Disney HD,True,1,ok
CineMan KIDS 4K,Детские,Xcineman-kids4k,Xcineman-kids4k,CineMan KIDS 4K,True,1,ok
KLI Мультики HD,Детские,Kklimult,Kklimult,KLI Мультики HD,True,1,ok
KLI Looney Tunes,Детские,99935,99935,KLI Looney Tunes,True,1,ok
KLI Tom and Jerry,Детские,99934,99934,KLI Tom and Jerry,True,1,ok
KLI Альф,Детские,99937,99937,KLI Альф,True,1,ok
KLI Винни Пух и его друзья,Детские,99931,99931,KLI Винни Пух и его друзья,True,1,ok
KLI Простоквашино,Детские,99932,99932,KLI Простоквашино,True,1,ok
KLI Лунтик,Детские,99930,99930,KLI Лунтик,True,1,ok
KLI Утиные Истории,Детские,99929,99929,KLI Утиные Истории,True,1,ok
KLI Черепашки-Ниндзя,Детские,99933,99933,KLI Черепашки-Ниндзя,True,1,ok
KLI Черный Плащ,Детские,99927,99927,KLI Черный Плащ,True,1,ok
KLI Чип и Дейл,Детские,99928,99928,KLI Чип и Дейл,True,1,ok
KLI Kids FHD,Детские,99914,99914,KLI Kids FHD,True,1,ok
CPS Cartoon,Детские,cps-cartoon,cps-cartoon,CPS Cartoon,True,1,ok
Velilla TV Cartoons Disney 4K,Детские,,cartoonsdisney,Velilla TV Cartoons Disney 4K,False,1,ok
Velilla TV Детский HD,Детские,velillatvdetskiy,velillatvdetskiy,Velilla TV Детский HD,True,1,ok
Velilla TV Том и Джерри HD,Детские,tomandjerry,tomandjerry,Velilla TV Том и Джерри HD,True,1,ok
DITV Союзмултфилм,Детские,,,,False,1,ok
DITV Сборник мультфильмов сказок,Детские,,,,False,1,ok
DITV Детский канал,Детские,,,,False,1,ok
DITV Детский досуг,Детские,,,,False,1,ok
DITV Фиксики  4К,Детские,,,,False,1,ok
DITV Мультфильмы для малышей,Детские,,,,False,1,ok
КВН ТВ,Разное,Xkvn-tv,Xkvn-tv,КВН ТВ,True,1,ok
ТВОЁ ТВ HD - ЮМОР,Разное,Xtvoetv-humor,Xtvoetv-humor,ТВОЁ ТВ HD - ЮМОР,True,1,ok
ТВОЁ ТВ HD,Разное,Xtvoyo-tv-hd,Xtvoyo-tv-hd,ТВОЁ ТВ HD,True,1,ok
Luxury HD,Разное,Xluxury-hd,Xluxury-hd,Luxury HD,True,1,ok
Зал суда,Разное,Xzal-suda,Xzal-suda,Зал суда,True,1,ok
НТВ Право,Разное,Xntv-pravo,Xntv-pravo,НТВ Право,True,1,ok
Бобер,Разное,Xbobior,Xbobior,Бобер,True,1,ok
Закон,Разное,Xzakon-tv,Xzakon-tv,Закон,True,1,ok
8 канал,Разное,X8kanal-eu,X8kanal-eu,8 канал,True,1,ok
Fashion TV HD,Разное,Xfashion-tv,Xfashion-tv,Fashion TV HD,True,1,ok
FashionBox,Разное,Xfashionbox-hd,Xfashionbox-hd,FashionBox,True,1,ok
Доктор,Разное,Xdoktor,Xdoktor,Доктор,True,1,ok
Здоровое ТВ,Разное,Xzdorovoe-tv,Xzdorovoe-tv,Здоровое ТВ,True,1,ok
Театр,Разное,Xteatr,Xteatr,Театр,True,1,ok
Кухня ТВ,Разное,Xkuxnia-tv,Xkuxnia-tv,Кухня ТВ,True,1,ok
FoodTime,Разное,Xeda-hd,Xeda-hd,FoodTime,True,1,ok
Первый вегетарианский,Разное,Xpervy-vegetariansky,Xpervy-vegetariansky,Первый вегетарианский,True,1,ok
Food Network HD,Разное,,Xfood-network,Food Network HD,False,1,ok
Союз,Разное,Xsoyuz,Xsoyuz,Союз,True,1,ok
Ретро,Разное,Xretro-tv,Xretro-tv,Ретро,True,1,ok
ТБН,Разное,Xtbn-ru,Xtbn-ru,ТБН,True,1,ok
Успех,Разное,Xuspex,Xuspex,Успех,True,1,ok
Ностальгия,Разное,Xnostalgia,Xnostalgia,Ностальгия,True,1,ok
Живи!,Разное,Xzhivi,Xzhivi,Живи!,True,1,ok
Сарафан,Разное,Xsarafan,Xsarafan,Сарафан,True,1,ok
Телеканал СПАС,Разное,Xspas,Xspas,Телеканал СПАС,True,1,ok
Три Ангела,Разное,Xtri-angela,Xtri-angela,Три Ангела,True,1,ok
Angel TV,Разное,Xangel-tv,Xangel-tv,Angel TV,True,1,ok
EWTN Украина,Разное,Xewtn-ua,Xewtn-ua,EWTN Украина,True,1,ok
English Club TV,Разное,Xenglish-club-tv,Xenglish-club-tv,English Club TV,True,1,ok
CNN,Новости,Xcnn,Xcnn,CNN,True,2,ok
CNBC,Новости,Xcnbc-europe,Xcnbc-europe,CNBC,True,1,ok
Euronews EN,Новости,Xeuronews-en,Xeuronews-en,Euronews EN,True,1,ok
Bloomberg,Новости,Xbloomberg,Xbloomberg,Bloomberg,True,1,ok
RT Doc,Новости,Xrtd-ru,Xrtd-ru,RT Doc,True,1,ok
Мир 24,Новости,Xmir-24,Xmir-24,Мир 24,True,1,ok
Russia Today,Новости,Xrussia-today,Xrussia-today,Russia Today,True,1,ok
France 24,Новости,Xfrance-24,Xfrance-24,France 24,True,1,ok
Russia Today Doc HD,Новости,Xrussia-today,Xrussia-today,Russia Today Doc HD,True,1,ok
Дождь,Новости,Xdozhd,Xdozhd,Дождь,True,1,ok
4ever Music HD,Музыкальные,X4ever-music,X4ever-music,4ever Music HD,True,1,ok
Жара HD,Музыкальные,Xzhara,Xzhara,Жара HD,True,1,ok
Жара,Музыкальные,Xzhara,Xzhara,Жара,True,1,ok
МУЗ,Музыкальные,Xmuztv,Xmuztv,МУЗ,True,1,ok
Fon Music,Музыкальные,Xtnt-music,Xtnt-music,Fon Music,True,1,ok
Европа Плюс ТВ,Музыкальные,Xeuropa-plus-tv,Xeuropa-plus-tv,Европа Плюс ТВ,True,1,ok
Megogo Live HD,Музыкальные,Xmegogo-live,Xmegogo-live,Megogo Live HD,True,1,ok
Bridge TV hits,Музыкальные,Xbridge-tv-dance,Xbridge-tv-dance,Bridge TV hits,True,1,ok
Bridge TV Rock,Музыкальные,Xbridge-tv-rock,Xbridge-tv-rock,Bridge TV Rock,True,1,ok
Bridge TV Classic,Музыкальные,Xbridge-tv-classic,Xbridge-tv-classic,Bridge TV Classic,True,1,ok
Bridge TV Deluxe,Музыкальные,Xbridge-hd,Xbridge-hd,Bridge TV Deluxe,True,1,ok
Bridge TV,Музыкальные,Xbridge-tv,Xbridge-tv,Bridge TV,True,1,ok
Bridge TV Шлягер,Музыкальные,Xbridge-tv-shlager,Xbridge-tv-shlager,Bridge TV Шлягер,True,1,ok
360 Tune Box HD,Музыкальные,X360-tunebox,X360-tunebox,360 Tune Box HD,True,1,ok
InRating TV HD,Музыкальные,Xinrating,Xinrating,InRating TV HD,True,1,ok
Muzvar HD,Музыкальные,Xmuzwar,Xmuzwar,Muzvar HD,True,1,ok
Trace Urban HD,Музыкальные,Xtrace-urban,Xtrace-urban,Trace Urban HD,True,1,ok
Trace Brazil,Музыкальные,,Xtrace-brasil,Trace Brazil,False,1,ok
Trace Latina,Музыкальные,Xtrace-latina-fr,Xtrace-latina-fr,Trace Latina,True,1,ok
Mezzo,Музыкальные,Xmezzo,Xmezzo,Mezzo,True,1,ok
Mezzo Live HD,Музыкальные,Xmezzo-live-hd,Xmezzo-live-hd,Mezzo Live HD,True,1,ok
Classic Music HD,Музыкальные,Xclassic-music,Xclassic-music,Classic Music HD,True,1,ok
Шансон ТВ,Музыкальные,Xshanson-tv,Xshanson-tv,Шансон ТВ,True,1,ok
Мультимузыка,Музыкальные,Xmultimuzyka,Xmultimuzyka,Мультимузыка,True,1,ok
RU.TV,Музыкальные,Xru-tv-by,Xru-tv-by,RU.TV,True,2,ok
Музыка,Музыкальные,Xmuzyka-pervogo,Xmuzyka-pervogo,Музыка,True,1,ok
Music Box,Музыкальные,Xmusicbox,Xmusicbox,Music Box,True,1,ok
M1 HD,Музыкальные,Xm1-ua,Xm1-ua,M1 HD,True,1,ok
M2 HD,Музыкальные,Xm2-ua,Xm2-ua,M2 HD,True,1,ok
О2ТВ,Музыкальные,Xo2tv,Xo2tv,О2ТВ,True,1,ok
Ля-минор,Музыкальные,Xla-minor,Xla-minor,Ля-минор,True,1,ok
Bridge TV русский хит,Музыкальные,Xbridge-tv-ruxit,Xbridge-tv-ruxit,Bridge TV русский хит,True,1,ok
MCM Top,Музыкальные,Xmcm-top,Xmcm-top,MCM Top,True,1,ok
Viva Latino,Музыкальные,Viva Latino,Viva Latino,Viva Latino,True,1,ok
Black,Музыкальные,Xsony-turbo,Xsony-turbo,Black,True,1,ok
Наше Ретро,Музыкальные,#НАШЕ ретро,#НАШЕ ретро,Наше Ретро,True,1,ok
Наше music HD,Музыкальные,Xnashe,Xnashe,Наше music HD,True,1,ok
MusicBox UA HD,Музыкальные,Xmusicbox-ua-hd,Xmusicbox-ua-hd,MusicBox UA HD,True,1,ok
UA.Music HD,Музыкальные,ua-music,ua-music,UA.Music HD,True,1,ok
EU Music HD,Музыкальные,eu-music,eu-music,EU Music HD,True,1,ok
Новое Радио,Музыкальные,Новое Радио,Новое Радио,Новое Радио,True,1,ok
Страна FM,Музыкальные,Xradio-strana-fm-tv,Xradio-strana-fm-tv,Страна FM,True,1,ok
Stars.TV,Музыкальные,Xstars-tv,Xstars-tv,Stars.TV,True,1,ok
100% NL,Музыкальные,,,100% NL,False,1,ok
Легенды Ретро FM,Музыкальные,,,Легенды Ретро FM,False,1,ok
Матур ТВ,Музыкальные,Xmatur-tv,Xmatur-tv,Матур ТВ,True,1,ok
V2Beat TV Live,Музыкальные,,,V2Beat TV Live,False,1,ok
Now Rock,Музыкальные,now-rock,now-rock,Now Rock,True,1,ok
Now 80s,Музыкальные,NOW 80s,NOW 80s,Now 80s,True,1,ok
Now 70s,Музыкальные,NOW 70s,NOW 70s,Now 70s,True,1,ok
Первый Музыкальный BY,Музыкальные,Xonemuz,Xonemuz,Первый Музыкальный BY,True,1,ok
Happy Radio,Музыкальные,,,Happy Radio,False,1,ok
Етно HD,Музыкальные,Етно HD,Етно HD,Етно HD,True,1,ok
4Fun Kids,Музыкальные,X4fun-gold,X4fun-gold,4Fun Kids,True,1,ok
4Fun Dance,Музыкальные,X4fun-dance,X4fun-dance,4Fun Dance,True,1,ok
4fun.TV,Музыкальные,X4fun,X4fun,4fun.TV,True,1,ok
KroneHit TV,Музыкальные,Kronehit HD,Kronehit HD,KroneHit TV,True,1,ok
Impact TV Dance,Музыкальные,,,Impact TV Dance,False,1,ok
DANCE HITS 80,Музыкальные,Dance Hits 80,Dance Hits 80,DANCE HITS 80,True,1,ok
Deluxe Music HD,Музыкальные,ch237,ch237,Deluxe Music HD,True,1,ok
Deluxe Rap HD,Музыкальные,Deluxe.Rap.de,Deluxe.Rap.de,Deluxe Rap HD,True,1,ok
BOX_MUSIC2_4K,Музыкальные,,,BOX_MUSIC2_4K,False,1,ok
Best of Dance TV,Музыкальные,,,Best of Dance TV,False,1,ok
Oxygen Music,Музыкальные,,,Oxygen Music,False,1,ok
Deep House District,Музыкальные,,,Deep House District,False,1,ok
Tech House | Algorhythm,Музыкальные,,,Tech House | Algorhythm,False,1,ok
House Floor,Музыкальные,,,House Floor,False,1,ok
MNML | The deeper side of Tech and House,Музыкальные,,,MNML | The deeper side of Tech and House,False,1,ok
Музыка 1 International,Музыкальные,Музыка 1,Музыка 1,Музыка 1 International,True,1,ok
Музыка 2 International,Музыкальные,Музыка 2,Музыка 2,Музыка 2 International,True,1,ok
EDM Mainstage,Музыкальные,,,EDM Mainstage,False,1,ok
Deluxe Music,Музыкальные,ch237,ch237,Deluxe Music,True,1,ok
Ment Pop,Музыкальные,Ment Pop HD,Ment Pop HD,Ment Pop,True,2,ok
Kino Polska Muzyka PL,Музыкальные,Xkinopolskamuz-int,Xkinopolskamuz-int,Kino Polska Muzyka PL,True,1,ok
Ocko tv MUSIK,Музыкальные,,,Ocko tv MUSIK,False,1,ok
Company TV,Музыкальные,,,Company TV,False,1,ok
Kiss Kiss,Музыкальные,Kiss Kiss,Kiss Kiss,Kiss Kiss,True,1,ok
Eska TV HD,Музыкальные,Xeskatv,Xeskatv,Eska TV HD,True,1,ok
Eska Rock TV HD,Музыкальные,Xeskatv-rock,Xeskatv-rock,Eska Rock TV HD,True,1,ok
KBC-НАШ ROCK,Музыкальные,X39824,X39824,KBC-НАШ ROCK,True,1,ok
YOSSO TV Music Hits,Музыкальные,Xyosso-musichits,Xyosso-musichits,YOSSO TV Music Hits,True,1,ok
BOX Music 4K,Музыкальные,Xbox-music-4k,Xbox-music-4k,BOX Music 4K,True,1,ok
Clarity4K Ukrainian music,Музыкальные,,,Clarity4K Ukrainian music,False,1,ok
RFM TV,Музыкальные,,,RFM TV,False,1,ok
1HD Music,Музыкальные,1hd,1hd,1HD Music,True,1,ok
Energy Music,Музыкальные,,,Energy Music,False,1,ok
Total Music Dance,Музыкальные,,,Total Music Dance,False,1,ok
Total Music Concerts,Музыкальные,,,Total Music Concerts,False,1,ok
Total Music 2000s,Музыкальные,,,Total Music 2000s,False,1,ok
MIXM HD,Музыкальные,MIXM TV,MIXM TV,MIXM HD,True,1,ok
Impact TV 2,Музыкальные,,,Impact TV 2,False,1,ok
Tele 7 Music,Музыкальные,,,Tele 7 Music,False,1,ok
Activa T,Музыкальные,,,Activa T,False,1,ok
Hype Radio TV,Музыкальные,,,Hype Radio TV,False,1,ok
Enjoy Television,Музыкальные,,,Enjoy Television,False,1,ok
Radio Contact,Музыкальные,,,Radio Contact,False,1,ok
VIVA H,Музыкальные,,,VIVA H,False,1,ok
VEVO 90S,Музыкальные,,,VEVO 90S,False,1,ok
Retro Plus Senal Dos,Музыкальные,,,Retro Plus Senal Dos,False,1,ok
Fun Radio TV,Музыкальные,,,Fun Radio TV,False,1,ok
PAI Музика,Музыкальные,,,PAI Музика,False,1,ok
Muzzik TV,Музыкальные,,,Muzzik TV,False,1,ok
538 T,Музыкальные,,,538 T,False,1,ok
RITSA TV,Музыкальные,RITSA TV HD,RITSA TV HD,RITSA TV,True,1,ok
RTL 102.5 Disco,Музыкальные,,,RTL 102.5 Disco,False,1,ok
RTL 102.4 Radio Zeta,Музыкальные,,,RTL 102.4 Radio Zeta,False,1,ok
MTV Live US,Музыкальные,,,MTV Live US,False,1,ok
VeleS Магнитофон,Музыкальные,veles-magnitofon,veles-magnitofon,VeleS Магнитофон,True,1,ok
Kiss HD,Музыкальные,Kiss,Kiss,Kiss HD,True,1,ok
M2o TV,Музыкальные,m2o TV,m2o TV,M2o TV,True,1,ok
IBIZA TV,Музыкальные,,,IBIZA TV,False,1,ok
Zeruno TV,Музыкальные,,,Zeruno TV,False,1,ok
TMF Rus,Музыкальные,TMF,TMF,TMF Rus,True,1,ok
Music Box Dance,Музыкальные,musicbox-dance,musicbox-dance,Music Box Dance,True,1,ok
Music Box Classic,Музыкальные,musicbox-classic,musicbox-classic,Music Box Classic,True,1,ok
Music Box Hits,Музыкальные,musicbox-hits,musicbox-hits,Music Box Hits,True,1,ok
Music Box Sexy,Музыкальные,musicbox-sexy,musicbox-sexy,Music Box Sexy,True,1,ok
Musicbox 80s,Музыкальные,,,Musicbox 80s,False,1,ok
Musicbox 90s,Музыкальные,,,Musicbox 90s,False,1,ok
Music Top,Музыкальные,,,Music Top,False,1,ok
ММТВ,Музыкальные,ММТВ,ММТВ,ММТВ,True,1,ok
NRG 91 Music HD,Музыкальные,NRG 91 TV HD,NRG 91 TV HD,NRG 91 Music HD,True,1,ok
TVM 3,Музыкальные,,,TVM 3,False,1,ok
AIVA,Музыкальные,aiva,aiva,AIVA,True,1,ok
RTL 102.5 Traffic,Музыкальные,,,RTL 102.5 Traffic,False,1,ok
RTL 102.5 Best,Музыкальные,,,RTL 102.5 Best,False,1,ok
RTL 102.5 Napulè,Музыкальные,,,RTL 102.5 Napulè,False,1,ok
RTL 102.5 Caliente,Музыкальные,,,RTL 102.5 Caliente,False,1,ok
RTL 102.5 Bro&Sis,Музыкальные,,,RTL 102.5 Bro&Sis,False,1,ok
RTL 102.5 Radio Visione,Музыкальные,,,RTL 102.5 Radio Visione,False,1,ok
CHD-TV Rock HD,Музыкальные,CHD TV RU Rock,CHD TV RU Rock,CHD-TV Rock HD,True,1,ok
Record Rock,Музыкальные,,,Record Rock,False,1,ok
Rock TV,Музыкальные,13533,13533,Rock TV,True,1,ok
Music box 00s,Музыкальные,MUSIC.BOX.00s.musicbox,MUSIC.BOX.00s.musicbox,Music box 00s,True,1,ok
МузТВ,Музыкальные,muztv,muztv,МузТВ,True,1,ok
Mafi2a,Музыкальные,Mafi2a TV,Mafi2a TV,Mafi2a,True,1,ok
Play-X UA music,Музыкальные,,,Play-X UA music,False,1,ok
Play-X Хиты 80-x HD,Музыкальные,,,Play-X Хиты 80-x HD,False,1,ok
Play-X Хиты 90-х HD,Музыкальные,,,Play-X Хиты 90-х HD,False,1,ok
Play-X Дискотека 90-х,Музыкальные,,,Play-X Дискотека 90-х,False,1,ok
Play-X Retro Disco,Музыкальные,,,Play-X Retro Disco,False,1,ok
Play-X Золото шансона,Музыкальные,,,Play-X Золото шансона,False,1,ok
Play-X Муз коллекция Дитер Болен,Музыкальные,,,Play-X Муз коллекция Дитер Болен,False,1,ok
Play-X Музыкальная дорожка 90-х,Музыкальные,,,Play-X Музыкальная дорожка 90-х,False,1,ok
Play-X Русский рок,Музыкальные,,,Play-X Русский рок,False,1,ok
Velilla TV Eurodance 90s,Музыкальные,velillaeurodance90s,velillaeurodance90s,Velilla TV Eurodance 90s,True,1,ok
Velilla TV Russiandance 90s,Музыкальные,velillarussiandance90s,velillarussiandance90s,Velilla TV Russiandance 90s,True,1,ok
Velilla TV Magenta Musik Festivals HD,Музыкальные,magentamusik,magentamusik,Velilla TV Magenta Musik Festivals HD,True,1,ok
Velilla TV Pop And Rock Concerts HD,Музыкальные,velillapoprockconcerts,velillapoprockconcerts,Velilla TV Pop And Rock Concerts HD,True,1,ok
Velilla TV Hard And Heavy Concerts HD,Музыкальные,velillahardheavyconcerts,velillahardheavyconcerts,Velilla TV Hard And Heavy Concerts HD,True,1,ok
Беларусь 1,Беларусь,Xbelarus1,Xbelarus1,Беларусь 1,True,1,ok
Беларусь 2,Беларусь,Xbelarus2,Xbelarus2,Беларусь 2,True,1,ok
Беларусь 3,Беларусь,Xbelarus3,Xbelarus3,Беларусь 3,True,1,ok
Беларусь 4 Витебск,Беларусь,Xbelarus4,Xbelarus4,Беларусь 4 Витебск,True,1,ok
Беларусь 5,Беларусь,Xbelarus5,Xbelarus5,Беларусь 5,True,1,ok
БелРос HD,Беларусь,Xbelros,Xbelros,БелРос HD,True,2,ok
Беларусь 24,Беларусь,Xbelarus24,Xbelarus24,Беларусь 24,True,1,ok
РТР HD,Беларусь,Xrtr-belarus,Xrtr-belarus,РТР HD,True,1,ok
СТВ,Беларусь,Xstv-by,Xstv-by,СТВ,True,1,ok
ОНТ,Беларусь,Xont-by,Xont-by,ОНТ,True,1,ok
Спорт ТВ [BY],Беларусь,Xsport-tv-by,Xsport-tv-by,Спорт ТВ [BY],True,1,ok
8 канал Беларусь,Беларусь,X8kanal-by,X8kanal-by,8 канал Беларусь,True,1,ok
НТВ Беларусь,Беларусь,Xntv-belarus,Xntv-belarus,НТВ Беларусь,True,1,ok
Мир Беларусь HD,Беларусь,Xmir,Xmir,Мир Беларусь HD,True,1,ok
ТВ3 Беларусь,Беларусь,Xtv3-by,Xtv3-by,ТВ3 Беларусь,True,1,ok
Звязда,Беларусь,Xzvyazda-by,Xzvyazda-by,Звязда,True,1,ok
СкиФ Витебск,Беларусь,Xskif-vitebsk,Xskif-vitebsk,СкиФ Витебск,True,1,ok
Яснае ТВ HD,Беларусь,Xminsk-tv,Xminsk-tv,Яснае ТВ HD,True,1,ok
+TV,Беларусь,belviasat-plustv,belviasat-plustv,+TV,True,1,ok
Витебск,Беларусь,Xvitebsk,Xvitebsk,Витебск,True,1,ok
Первый Информационный HD,Беларусь,Xpervy-info-by,Xpervy-info-by,Первый Информационный HD,True,1,ok
Центр BY,Беларусь,,,Центр BY,False,1,ok
RU.TV,Беларусь,Xru-tv-by,Xru-tv-by,RU.TV,True,2,ok
TV1 HD,Литва,Xtv1-lt,Xtv1-lt,TV1 HD,True,1,ok
2TV HD,Литва,Xliuks,Xliuks,2TV HD,True,1,ok
TV3 HD,Литва,Xtv3-lv,Xtv3-lv,TV3 HD,True,2,ok
TV6 HD,Литва,Xtv6-lv,Xtv6-lv,TV6 HD,True,2,ok
TV8 HD,Литва,Xtv8-lt,Xtv8-lt,TV8 HD,True,2,ok
LTV1,Литва,Xltv1,Xltv1,LTV1,True,1,ok
LTV7,Литва,Xltv7,Xltv7,LTV7,True,1,ok
BTV HD,Литва,Xbtv,Xbtv,BTV HD,True,1,ok
LNK HD,Литва,Xlnk,Xlnk,LNK HD,True,1,ok
LRT HD,Литва,Xlrt-tv,Xlrt-tv,LRT HD,True,1,ok
Lietuvos ryto TV HD,Литва,Xlietuvos-ryto-televizija,Xlietuvos-ryto-televizija,Lietuvos ryto TV HD,True,1,ok
TV3 Plus,Литва,Xtv3-plus-lt,Xtv3-plus-lt,TV3 Plus,True,1,ok
LRT Plius HD,Литва,Xlrt-kultura,Xlrt-kultura,LRT Plius HD,True,1,ok
Balticum TV HD,Литва,Xbalticum-tv,Xbalticum-tv,Balticum TV HD,True,1,ok
Balticum Platinum HD,Литва,Xbalticum-platinum,Xbalticum-platinum,Balticum Platinum HD,True,1,ok
Balticum Auksinis HD,Литва,Xbalticum-auksinis,Xbalticum-auksinis,Balticum Auksinis HD,True,1,ok
Info TV HD,Литва,Xinfo-tv,Xinfo-tv,Info TV HD,True,1,ok
Delfi TV HD,Литва,Xdelfi-tv,Xdelfi-tv,Delfi TV HD,True,1,ok
Viasat Kino World HD,Литва,Xtv1000-premium,Xtv1000-premium,Viasat Kino World HD,True,1,ok
Filmzone Plus HD,Литва,Xfilmzone-lt,Xfilmzone-lt,Filmzone Plus HD,True,1,ok
Filmzone HD,Литва,Xfilmzone-lt,Xfilmzone-lt,Filmzone HD,True,1,ok
Epic Drama,Литва,Xepik-drama,Xepik-drama,Epic Drama,True,1,ok
Go3 Films HD,Литва,Xtv1000-premium,Xtv1000-premium,Go3 Films HD,True,2,ok
Kidzone Max HD,Литва,Xkidzone,Xkidzone,Kidzone Max HD,True,1,ok
Kidzone Mini HD,Литва,Xkidzone,Xkidzone,Kidzone Mini HD,True,2,ok
Nickelodeon Baltic,Литва,,Xnickelodeon-baltic,Nickelodeon Baltic,False,1,ok
Sport 1 HD,Литва,X18e7a585715561d4bb2606977deb20f6,X18e7a585715561d4bb2606977deb20f6,Sport 1 HD,True,4,ok
Go3 Sport 1 HD,Литва,Xtvplay-sports,Xtvplay-sports,Go3 Sport 1 HD,True,1,ok
Go3 Sport 2 HD,Литва,Xtvplay-sports-plus,Xtvplay-sports-plus,Go3 Sport 2 HD,True,1,ok
Go3 Sport 3 HD,Литва,Xtv3-sport-3,Xtv3-sport-3,Go3 Sport 3 HD,True,1,ok
Go3 Sport Open HD,Литва,Xtv3-sport-open,Xtv3-sport-open,Go3 Sport Open HD,True,1,ok
Movify Kino,Литва,Xmovify-kino,Xmovify-kino,Movify Kino,True,1,ok
Radio SWH TV,Литва,,RadioSWHTV.lv@SD,Radio SWH TV,False,1,ok
Re TV,Литва,ReTV.lv@SD,ReTV.lv@SD,Re TV,True,1,ok
Sea TV,Литва,Xsea-tv,Xsea-tv,Sea TV,True,1,ok
TV Jūrmala,Литва,,TVJurmala.lv@SD,TV Jūrmala,False,1,ok
TV3 Life,Литва,Xlnt,Xlnt,TV3 Life,True,1,ok
TV3 HD,Латвия,Xtv3-lv,Xtv3-lv,TV3 HD,True,2,ok
TV6,Латвия,Xtv6-ee,Xtv6-ee,TV6,True,2,ok
TV6 HD,Латвия,Xtv6-lv,Xtv6-lv,TV6 HD,True,2,ok
LTV1 HD,Латвия,Xltv1,Xltv1,LTV1 HD,True,1,ok
LTV7 HD,Латвия,Xltv7,Xltv7,LTV7 HD,True,1,ok
TV3 Plus HD,Латвия,X3-plus-latvia,X3-plus-latvia,TV3 Plus HD,True,1,ok
TV3 Life HD,Латвия,Xlnt,Xlnt,TV3 Life HD,True,1,ok
Go3 Films HD,Латвия,Xtv1000-premium,Xtv1000-premium,Go3 Films HD,True,2,ok
STV Pirma!,Латвия,Xstv-pirma!,Xstv-pirma!,STV Pirma!,True,1,ok
360 TV HD,Латвия,X360-lv,X360-lv,360 TV HD,True,1,ok
Kidzone Mini HD,Латвия,Xkidzone,Xkidzone,Kidzone Mini HD,True,2,ok
Nick Jr HD,Латвия,Xnick-jr-baltic,Xnick-jr-baltic,Nick Jr HD,True,1,ok
OTV HD,Латвия,Xotv-lv,Xotv-lv,OTV HD,True,1,ok
Re:TV HD,Латвия,Xre-tv,Xre-tv,Re:TV HD,True,1,ok
LRT Klasika,Латвия,,Xlrt-klasika-lt,LRT Klasika,False,1,ok
LRT Lituanica,Латвия,Xlrt-lituanica,Xlrt-lituanica,LRT Lituanica,True,1,ok
LRT Opus,Латвия,,Xlrt-opus-lt,LRT Opus,False,1,ok
LRT Radijas,Латвия,,Xlrt-radijas-lt,LRT Radijas,False,1,ok
M-1,Латвия,,,M-1,False,1,ok
Power Hit Radio,Латвия,,,Power Hit Radio,False,1,ok
BTV,Латвия,Xbtv,Xbtv,BTV,True,1,ok
LRT TV,Латвия,,,LRT TV,False,1,ok
ETV,Эстония,Xetv-ee,Xetv-ee,ETV,True,1,ok
ETV 2,Эстония,Xetv2-ee,Xetv2-ee,ETV 2,True,1,ok
ETV+ HD,Эстония,Xetv-plus-ee,Xetv-plus-ee,ETV+ HD,True,1,ok
Kanal 2,Эстония,Xkanal-2-ee,Xkanal-2-ee,Kanal 2,True,1,ok
TV3,Эстония,Xtv3-ee,Xtv3-ee,TV3,True,1,ok
TV6,Эстония,Xtv6-ee,Xtv6-ee,TV6,True,2,ok
Duo 3,Эстония,Xsony-channel-ee,Xsony-channel-ee,Duo 3,True,1,ok
RTL HD DE,Германия,Xrtl,Xrtl,RTL HD DE,True,1,ok
RTL UHD,Германия,Xrtl,Xrtl,RTL UHD,True,1,ok
RTL UP HD,Германия,X76722,X76722,RTL UP HD,True,1,ok
RTL UP Austria,Германия,,,RTL UP Austria,False,1,ok
RTL Nitro,Германия,,,RTL Nitro,False,1,ok
RTL Live HD DE,Германия,X76673,X76673,RTL Live HD DE,True,1,ok
RTL Crime HD DE,Германия,X76700,X76700,RTL Crime HD DE,True,1,ok
RTL Passion HD,Германия,X76804,X76804,RTL Passion HD,True,1,ok
RTL Zwei HD,Германия,,X76755,RTL Zwei HD,False,1,ok
Sky Sport Bundesliga HD,Германия,Xsky-sport-bl1,Xsky-sport-bl1,Sky Sport Bundesliga HD,True,2,ok
Sat.1 HD DE,Германия,Xsat1,Xsat1,Sat.1 HD DE,True,1,ok
SAT.1 Gold HD,Германия,X76716,X76716,SAT.1 Gold HD,True,1,ok
Sky Sport Austria HD DE,Германия,Xsky-sport-aus,Xsky-sport-aus,Sky Sport Austria HD DE,True,1,ok
Sky Sports F1 HD,Германия,Xsky-sports-f1,Xsky-sports-f1,Sky Sports F1 HD,True,1,ok
Sky Sport Top Event HD,Германия,X10675,X10675,Sky Sport Top Event HD,True,1,ok
Sky Sport Golf HD,Германия,Xsky-sports-golf,Xsky-sports-golf,Sky Sport Golf HD,True,1,ok
Sky Sport 1 HD DE,Германия,Xsky-sport-hd1,Xsky-sport-hd1,Sky Sport 1 HD DE,True,1,ok
Sky Sport Mix,Германия,X10785,X10785,Sky Sport Mix,True,1,ok
Sky Sport Tennis HD,Германия,X10634,X10634,Sky Sport Tennis HD,True,1,ok
Sky Sports News HD,Германия,,Xsky-sport-news,Sky Sports News HD,False,1,ok
Sky Sport Premier League,Германия,X10880,X10880,Sky Sport Premier League,True,1,ok
ORF SPORT+,Германия,X76756,X76756,ORF SPORT+,True,1,ok
Euronews,Германия,euronews,euronews,Euronews,True,2,ok
Sport 1 HD,Германия,X18e7a585715561d4bb2606977deb20f6,X18e7a585715561d4bb2606977deb20f6,Sport 1 HD,True,4,ok
ESports 1,Германия,XeSports1.de,XeSports1.de,ESports 1,True,1,ok
Sport 1+,Германия,XSPORT1+.de,XSPORT1+.de,Sport 1+,True,1,ok
Eurosport 1 HD,Германия,X76619,X76619,Eurosport 1 HD,True,1,ok
Sportdigital EDGE,Германия,,X76705,Sportdigital EDGE,False,1,ok
Sportdigital FUSSBALL HD,Германия,438441,438441,Sportdigital FUSSBALL HD,True,1,ok
Sky Replay,Германия,X10635,X10635,Sky Replay,True,1,ok
SAT.1 emotions HD,Германия,Xtnt-serie-de,Xtnt-serie-de,SAT.1 emotions HD,True,1,ok
Sky Crime,Германия,X10908,X10908,Sky Crime,True,1,ok
Sky One HD,Германия,X401732,X401732,Sky One HD,True,1,ok
Sky Showcase HD,Германия,X10918,X10918,Sky Showcase HD,True,1,ok
Sky Nature,Германия,X10640,X10640,Sky Nature,True,1,ok
Sky Documentaries,Германия,X10620,X10620,Sky Documentaries,True,1,ok
Sky Krimi HD,Германия,X76663,X76663,Sky Krimi HD,True,1,ok
Sky Cinema Premieren HD,Германия,Xsky-cinema-premieren,Xsky-cinema-premieren,Sky Cinema Premieren HD,True,1,ok
Sky Cinema Family HD,Германия,Xsky-cinema-family,Xsky-cinema-family,Sky Cinema Family HD,True,2,ok
Sky Cinema Action HD,Германия,Xsky-cinema-action,Xsky-cinema-action,Sky Cinema Action HD,True,1,ok
Sky Cinema Classics HD,Германия,Xsky-cinema,Xsky-cinema,Sky Cinema Classics HD,True,1,ok
Sky Cinema Highlights,Германия,X321554,X321554,Sky Cinema Highlights,True,1,ok
Sky Atlantic HD DE,Германия,Xsky-atlantic,Xsky-atlantic,Sky Atlantic HD DE,True,1,ok
Comedy Central HD DE,Германия,X76742,X76742,Comedy Central HD DE,True,1,ok
Universal TV HD DE,Германия,X76662,X76662,Universal TV HD DE,True,1,ok
NOW HD,Германия,X76694,X76694,NOW HD,True,1,ok
Syfy HD DE,Германия,,XSyfy.de,Syfy HD DE,False,1,ok
VOX HD DE,Германия,Xvox,Xvox,VOX HD DE,True,1,ok
VOX Up HD,Германия,XVOXup.de,XVOXup.de,VOX Up HD,True,1,ok
Warner TV Serie HD,Германия,X76806,X76806,Warner TV Serie HD,True,1,ok
Warner TV Comedy HD,Германия,X76679,X76679,Warner TV Comedy HD,True,1,ok
Warner TV Film HD,Германия,X76645,X76645,Warner TV Film HD,True,1,ok
One HD,Германия,X991623,X991623,One HD,True,2,ok
Phoenix HD,Германия,X76649,X76649,Phoenix HD,True,1,ok
Geo Television HD,Германия,X76800,X76800,Geo Television HD,True,1,ok
Discovery HD DE,Германия,X76686,X76686,Discovery HD DE,True,1,ok
History HD DE,Германия,,X76634,History HD DE,False,1,ok
Kabel Eins Doku HD,Германия,X76715,X76715,Kabel Eins Doku HD,True,1,ok
TLC HD,Германия,TLC.ro,TLC.ro,TLC HD,True,3,ok
One Terra HD,Германия,,,One Terra HD,False,1,ok
Xplore HD,Германия,,,Xplore HD,False,1,ok
Toggo HD,Германия,X76767,X76767,Toggo HD,True,1,ok
Toggo Plus HD,Германия,X76789,X76789,Toggo Plus HD,True,1,ok
Cartoonito,Германия,,X197540,Cartoonito,False,2,ok
Cartoon Network DE,Германия,X76763,X76763,Cartoon Network DE,True,1,ok
Disney HD DE,Германия,X76786,X76786,Disney HD DE,True,1,ok
Jukebox,Германия,X76615,X76615,Jukebox,True,1,ok
13th Street,Германия,X76766,X76766,13th Street,True,1,ok
Das Erste HD,Германия,X76674,X76674,Das Erste HD,True,1,ok
arte HD DE,Германия,Xarte-hd,Xarte-hd,arte HD DE,True,1,ok
ZDFinfo HD,Германия,X76718,X76718,ZDFinfo HD,True,1,ok
ZDFneo HD,Германия,X76739,X76739,ZDFneo HD,True,1,ok
ZDF HD DE,Германия,Xzdf,Xzdf,ZDF HD DE,True,1,ok
SIXX HD DE,Германия,X76614,X76614,SIXX HD DE,True,1,ok
Kabel Eins HD,Германия,Xkabel-1,Xkabel-1,Kabel Eins HD,True,1,ok
Kabel Eins classic HD,Германия,X76725,X76725,Kabel Eins classic HD,True,1,ok
ProSieben HD DE,Германия,Xprosieben,Xprosieben,ProSieben HD DE,True,1,ok
ProSieben Maxx HD DE,Германия,Xprosieben-maxx,Xprosieben-maxx,ProSieben Maxx HD DE,True,1,ok
ProSieben Sat.1 UHD,Германия,,,ProSieben Sat.1 UHD,False,1,ok
WELT HD DE,Германия,,X76625,WELT HD DE,False,1,ok
NITRO HD,Германия,X76787,X76787,NITRO HD,True,1,ok
Romance TV DE,Германия,X76624,X76624,Romance TV DE,True,1,ok
SERIEN + HD,Германия,,,SERIEN + HD,False,1,ok
Club 3,Германия,,,Club 3,False,1,ok
3 Sat HD DE,Германия,X76682,X76682,3 Sat HD DE,True,1,ok
NDR HD DE,Германия,X76748,X76748,NDR HD DE,True,1,ok
SWR Fernsehen RP HD,Германия,X76693,X76693,SWR Fernsehen RP HD,True,1,ok
HR HD DE,Германия,X76648,X76648,HR HD DE,True,1,ok
Bibel TV HD,Германия,X76794,X76794,Bibel TV HD,True,1,ok
Aristo TV,Германия,,,Aristo TV,False,1,ok
Anixe HD DE,Германия,X76745,X76745,Anixe HD DE,True,1,ok
Motorvision TV DE,Германия,X76630,X76630,Motorvision TV DE,True,1,ok
ORF 1 HD,Германия,X76706,X76706,ORF 1 HD,True,1,ok
ORF 2 HD,Германия,X76616,X76616,ORF 2 HD,True,1,ok
ORF 2 EUROPE,Германия,,,ORF 2 EUROPE,False,1,ok
ORF 3 HD,Германия,X76734,X76734,ORF 3 HD,True,1,ok
ORF HITRADIO OE3 VISUAL,Германия,,,ORF HITRADIO OE3 VISUAL,False,1,ok
ATV DE,Германия,X76810,X76810,ATV DE,True,1,ok
ATV 2 DE,Германия,X76638,X76638,ATV 2 DE,True,1,ok
KIKA HD DE,Германия,X76680,X76680,KIKA HD DE,True,1,ok
Crime Time HD,Германия,,,Crime Time HD,False,1,ok
Crime + Investigation,Германия,X76667,X76667,Crime + Investigation,True,1,ok
QVC HD,Германия,X76697,X76697,QVC HD,True,1,ok
QVC ZWEI HD,Германия,X76618,X76618,QVC ZWEI HD,True,1,ok
QVC STYLE HD,Германия,,,QVC STYLE HD,False,1,ok
DF1 HD,Германия,X182674,X182674,DF1 HD,True,1,ok
Hohenrausch,Германия,,,Hohenrausch,False,1,ok
Just Cooking HD,Германия,,,Just Cooking HD,False,1,ok
Just Fishing HD,Германия,,,Just Fishing HD,False,1,ok
ClipMyHorse.TV,Германия,,,ClipMyHorse.TV,False,1,ok
RiC NEU,Германия,X76731,X76731,RiC NEU,True,1,ok
OTVA HD,Германия,,,OTVA HD,False,1,ok
Channel21 HD,Германия,,X405758,Channel21 HD,False,1,ok
oe24.TV HD,Германия,X100304,X100304,oe24.TV HD,True,1,ok
Heimatkanal,Германия,X76675,X76675,Heimatkanal,True,1,ok
1-2-3.tv HD,Германия,X123.tv.de,X123.tv.de,1-2-3.tv HD,True,1,ok
NIEDERBAYERN TV HD,Германия,,,NIEDERBAYERN TV HD,False,1,ok
Hope TV,Германия,Hope.TV.at,Hope.TV.at,Hope TV,True,1,ok
HSE Extra HD,Германия,X76737,X76737,HSE Extra HD,True,1,ok
Handystar TV HD,Германия,,,Handystar TV HD,False,1,ok
TV1 OOE NEU,Германия,,,TV1 OOE NEU,False,1,ok
ServusTV HD Oesterreich,Германия,,,ServusTV HD Oesterreich,False,1,ok
ARD alpha HD,Германия,ch1934,ch1934,ARD alpha HD,True,1,ok
SR Fernsehen HD,Германия,ch1938,ch1938,SR Fernsehen HD,True,1,ok
tagesschau24 HD,Германия,76696,76696,tagesschau24 HD,True,1,ok
WAIDWERK,Германия,waidwerk,waidwerk,WAIDWERK,True,1,ok
Stimmungsgarten TV,Германия,,,Stimmungsgarten TV,False,1,ok
ShopLC HD,Германия,,,ShopLC HD,False,1,ok
Volksmusik.TV NEU,Германия,,,Volksmusik.TV NEU,False,1,ok
Melodie TV NEU,Германия,,,Melodie TV NEU,False,1,ok
R9 Oesterreich HD,Германия,,,R9 Oesterreich HD,False,1,ok
LangLab,Германия,,,LangLab,False,1,ok
SES UHD Demo Channel,Германия,,,SES UHD Demo Channel,False,1,ok
SES UHD Demo Channel 06,Германия,,,SES UHD Demo Channel 06,False,1,ok
i24 News,Израиль,,,i24 News,False,1,ok
Channel 9 HD,Израиль,Xערוץ.9.שידור.חי.il,Xערוץ.9.שידור.חי.il,Channel 9 HD,True,1,ok
Channel 11,Израиль,,channel11.il,Channel 11,False,1,ok
Channel 12,Израиль,channel-12-il,channel-12-il,Channel 12,True,1,ok
Channel 13,Израиль,channel-13-il,channel-13-il,Channel 13,True,1,ok
Channel 14 HD,Израиль,,,Channel 14 HD,False,1,ok
Channel 24,Израиль,X991612,X991612,Channel 24,True,2,ok
Keshet 12 HD,Израиль,X991603,X991603,Keshet 12 HD,True,1,ok
Reshet 13 HD,Израиль,X991604,X991604,Reshet 13 HD,True,1,ok
now 14 HD,Израиль,X991622,X991622,now 14 HD,True,1,ok
Channel 24,Израиль,X991612,X991612,Channel 24,True,2,ok
Kan 11 HD,Израиль,X991576,X991576,Kan 11 HD,True,1,ok
Hot Cinema 1 HD,Израиль,X991584,X991584,Hot Cinema 1 HD,True,1,ok
Hot Cinema 2 HD,Израиль,X991585,X991585,Hot Cinema 2 HD,True,1,ok
Hot Cinema 3 HD,Израиль,X991586,X991586,Hot Cinema 3 HD,True,1,ok
Hot Cinema 4 HD,Израиль,X991587,X991587,Hot Cinema 4 HD,True,1,ok
Hot 3 HD,Израиль,X991599,X991599,Hot 3 HD,True,1,ok
Hot 8 HD,Израиль,Xערוץ.8.שידור.חי.il,Xערוץ.8.שידור.חי.il,Hot 8 HD,True,1,ok
Hot HBO HD,Израиль,,X991611,Hot HBO HD,False,1,ok
BollyWood HD,Израиль,XBollywood.Series.il,XBollywood.Series.il,BollyWood HD,True,1,ok
BOLLYSHOW,Израиль,,,BOLLYSHOW,False,1,ok
Yes Movies Action HD,Израиль,Xyes.Movies.Action.il,Xyes.Movies.Action.il,Yes Movies Action HD,True,1,ok
Yes Movies Comedy HD,Израиль,Xyes.Movies.Comedy.il,Xyes.Movies.Comedy.il,Yes Movies Comedy HD,True,1,ok
Yes TV Comedy HD,Израиль,Xyes.TV.Comedy.il,Xyes.TV.Comedy.il,Yes TV Comedy HD,True,1,ok
Yes TV Drama HD,Израиль,Xyes.TV.Drama.il,Xyes.TV.Drama.il,Yes TV Drama HD,True,1,ok
Yes TV Cinema,Израиль,,,Yes TV Cinema,False,1,ok
Logi,Израиль,,,Logi,False,1,ok
HOT Zone HD,Израиль,X991583,X991583,HOT Zone HD,True,1,ok
HOT Drama,Израиль,,,HOT Drama,False,1,ok
The Good Life,Израиль,,XLifeStyle.il,The Good Life,False,1,ok
Yam Tiсhoni HD,Израиль,X991600,X991600,Yam Tiсhoni HD,True,1,ok
Viva plus,Израиль,,XViva.Istanbul.(Viva.Plus).il,Viva plus,False,1,ok
Viva,Израиль,,XViva.Telenovelas.(Viva).il,Viva,False,1,ok
Junior,Израиль,,,Junior,False,1,ok
Disney Junior,Израиль,XDisney.Junior.ro,XDisney.Junior.ro,Disney Junior,True,2,ok
Baby TV,Израиль,Xbaby-tv,Xbaby-tv,Baby TV,True,2,ok
Luli TV,Израиль,,,Luli TV,False,1,ok
Nick Jr,Израиль,XNick.Jr.bg,XNick.Jr.bg,Nick Jr,True,2,ok
Nickelodeon,Израиль,XNickelodeon.bg,XNickelodeon.bg,Nickelodeon,True,3,ok
Hop!,Израиль,X991589,X991589,Hop!,True,1,ok
Travel Channel,Израиль,,XTravelChannel.il,Travel Channel,False,1,ok
Nat Geo Wild HD,Израиль,Xnat-geo-wild,Xnat-geo-wild,Nat Geo Wild HD,True,2,ok
Makan 33 IL,Израиль,,X991780,Makan 33 IL,False,1,ok
Knesset Channel,Израиль,,XKnessetChannel.il,Knesset Channel,False,1,ok
One HD,Израиль,X991623,X991623,One HD,True,2,ok
One 2 HD,Израиль,X991784,X991784,One 2 HD,True,1,ok
Sport 1 HD,Израиль,X18e7a585715561d4bb2606977deb20f6,X18e7a585715561d4bb2606977deb20f6,Sport 1 HD,True,4,ok
Sport 2 HD,Израиль,X991796,X991796,Sport 2 HD,True,2,ok
Sport 3 HD,Израиль,X991788,X991788,Sport 3 HD,True,1,ok
Sport 4 HD,Израиль,X991783,X991783,Sport 4 HD,True,1,ok
Sport 5 HD,Израиль,X991606,X991606,Sport 5 HD,True,1,ok
Sport 5 Stars HD,Израиль,X991790,X991790,Sport 5 Stars HD,True,1,ok
Sport 5 Gold,Израиль,,X5Gold.il,Sport 5 Gold,False,1,ok
Sport 5 Plus HD,Израиль,X991605,X991605,Sport 5 Plus HD,True,1,ok
Sport 5 Live HD,Израиль,X991593,X991593,Sport 5 Live HD,True,1,ok
5Sport,Израиль,,,5Sport,False,1,ok
Health Channel,Израиль,,XHealthChannel.il,Health Channel,False,1,ok
Zoom,Израиль,,XZoom.il,Zoom,False,2,ok
Food Network HD IL,Израиль,,XFoodNetwork.il,Food Network HD IL,False,1,ok
Home+,Израиль,X991573,X991573,Home+,True,1,ok
Music 24,Израиль,,,Music 24,False,1,ok
Israel Music,Израиль,,,Israel Music,False,1,ok
Shelanu TV,Израиль,,,Shelanu TV,False,1,ok
Hala TV,Израиль,,,Hala TV,False,1,ok
Hidabroot,Израиль,,hidabrot.il,Hidabroot,False,1,ok
Kabala,Израиль,,,Kabala,False,1,ok
Hinuhit,Израиль,,2711,Hinuhit,False,1,ok
Kan Educational,Израиль,,,Kan Educational,False,1,ok
FUN,Израиль,,,FUN,False,1,ok
PLUS+,Израиль,,,PLUS+,False,1,ok
Yamtihoni,Израиль,,,Yamtihoni,False,1,ok
PRIME,Израиль,,,PRIME,False,1,ok
Yaldut,Израиль,,,Yaldut,False,1,ok
Mikan,Израиль,,,Mikan,False,1,ok
Kabbalah,Израиль,,,Kabbalah,False,1,ok
Entertaiment,Израиль,,,Entertaiment,False,1,ok
EGO TOTAL,Израиль,,,EGO TOTAL,False,1,ok
FOMO,Израиль,,,FOMO,False,1,ok
RAI 1 HD,Италия,,,RAI 1 HD,False,1,ok
RAI 2 HD,Италия,Rai.2.HD..102.it,Rai.2.HD..102.it,RAI 2 HD,True,1,ok
RAI 3 HD,Италия,,,RAI 3 HD,False,1,ok
RAI 4 HD,Италия,Rai4.it,Rai4.it,RAI 4 HD,True,1,ok
RAI 5 HD,Италия,Rai5.it,Rai5.it,RAI 5 HD,True,1,ok
RAI Gulp HD,Италия,RaiGulp.it,RaiGulp.it,RAI Gulp HD,True,1,ok
RAI News 24 HD,Италия,,,RAI News 24 HD,False,1,ok
RAI YOYO HD,Италия,RaiYoyo.it,RaiYoyo.it,RAI YOYO HD,True,1,ok
RAI Storia HD,Италия,RaiStoria.it,RaiStoria.it,RAI Storia HD,True,1,ok
RAI Movie HD,Италия,RaiMovie.it,RaiMovie.it,RAI Movie HD,True,1,ok
RAI Scuola HD,Италия,RaiScuola.it,RaiScuola.it,RAI Scuola HD,True,1,ok
RAI Sport+ HD,Италия,,,RAI Sport+ HD,False,1,ok
Rai 4K,Италия,,,Rai 4K,False,1,ok
Polsat HD,Польша,Xpolsat,Xpolsat,Polsat HD,True,1,ok
Polsat 2,Польша,Xpolsat2,Xpolsat2,Polsat 2,True,1,ok
TVN HD,Польша,,Xtvn-pl,TVN HD,False,2,ok
TVP Polonia,Польша,Xtvp-polonia,Xtvp-polonia,TVP Polonia,True,1,ok
TVN Siedem HD,Польша,XTVN.7.HD.pl,XTVN.7.HD.pl,TVN Siedem HD,True,1,ok
TVN Style HD,Польша,X	tvn-style-pl,X	tvn-style-pl,TVN Style HD,True,1,ok
TVP 1 HD,Польша,Xtvp1,Xtvp1,TVP 1 HD,True,1,ok
TVP 2 HD,Польша,Xtvp2,Xtvp2,TVP 2 HD,True,1,ok
TVP 3 HD,Польша,Xtvp3,Xtvp3,TVP 3 HD,True,1,ok
TVP Kultura,Польша,Xtvp-kultura,Xtvp-kultura,TVP Kultura,True,1,ok
TVP Rozrywka,Польша,XTVP.Rozrywka.pl,XTVP.Rozrywka.pl,TVP Rozrywka,True,1,ok
TV4 HD PL,Польша,Xtv4-pl,Xtv4-pl,TV4 HD PL,True,1,ok
TV6 HD PL,Польша,Xtv6-pl,Xtv6-pl,TV6 HD PL,True,1,ok
Republika TV,Польша,,,Republika TV,False,1,ok
BBC Lifestyle HD,Польша,XBBC.Lifestyle.HD.pl,XBBC.Lifestyle.HD.pl,BBC Lifestyle HD,True,1,ok
BBC Brit HD,Польша,XBBC.Brit.HD.pl,XBBC.Brit.HD.pl,BBC Brit HD,True,1,ok
13 Ulica HD,Польша,X13ulica-pl,X13ulica-pl,13 Ulica HD,True,1,ok
TVN 24 HD,Польша,Xtvn24-pl,Xtvn24-pl,TVN 24 HD,True,1,ok
TVP INFO HD,Польша,Xtvp-info,Xtvp-info,TVP INFO HD,True,1,ok
Polsat News,Польша,Xpolsat-news,Xpolsat-news,Polsat News,True,1,ok
Polsat News 2,Польша,Xpolsat-news-2,Xpolsat-news-2,Polsat News 2,True,1,ok
Polsat Film HD PL,Польша,Xpolsat-film,Xpolsat-film,Polsat Film HD PL,True,1,ok
TVP Seriale HD,Польша,Xtvp-seriale,Xtvp-seriale,TVP Seriale HD,True,1,ok
Ale Kino+ HD,Польша,Xale-kino-plus,Xale-kino-plus,Ale Kino+ HD,True,1,ok
AMC HD PL,Польша,XAMC.HD.pl,XAMC.HD.pl,AMC HD PL,True,1,ok
Epic Drama HD,Польша,XEpic.Drama.ro,XEpic.Drama.ro,Epic Drama HD,True,3,ok
Polsat Play HD PL,Польша,Xpolsat-play,Xpolsat-play,Polsat Play HD PL,True,1,ok
Polsat Cafe HD PL,Польша,Xpolsat-cafe,Xpolsat-cafe,Polsat Cafe HD PL,True,1,ok
CBS Europa HD,Польша,,XCBS.Europa.pl,CBS Europa HD,False,1,ok
CBS Reality HD,Польша,,XCBS.Reality.pl,CBS Reality HD,False,1,ok
E! Entertainment,Польша,XE!.Entertainment.HD.pl,XE!.Entertainment.HD.pl,E! Entertainment,True,1,ok
TeleToon+ HD,Польша,Xteletoon-pl,Xteletoon-pl,TeleToon+ HD,True,1,ok
Romance TV HD,Польша,XRomance.TV.HD.pl,XRomance.TV.HD.pl,Romance TV HD,True,1,ok
Warner TV,Польша,Xwarner-pl,Xwarner-pl,Warner TV,True,1,ok
Kino TV HD,Польша,Xkino-tv-pl,Xkino-tv-pl,Kino TV HD,True,1,ok
Cinemax HD,Польша,Xcinemax,Xcinemax,Cinemax HD,True,1,ok
Cinemax 2 HD,Польша,Xcinemax2,Xcinemax2,Cinemax 2 HD,True,1,ok
CANAL+ Film HD,Польша,Xcanal-pl-film,Xcanal-pl-film,CANAL+ Film HD,True,1,ok
CANAL+ Family HD,Польша,Xcanal-pl-family,Xcanal-pl-family,CANAL+ Family HD,True,1,ok
CANAL+ Seriale HD,Польша,Xcanal-pl-seriale,Xcanal-pl-seriale,CANAL+ Seriale HD,True,1,ok
CANAL+ Premium HD,Польша,Xcanal-pl-premium,Xcanal-pl-premium,CANAL+ Premium HD,True,1,ok
FilmBox Action HD PL,Польша,Xfilmbox-action-pl,Xfilmbox-action-pl,FilmBox Action HD PL,True,1,ok
FilmBox Family HD PL,Польша,Xfilmbox-family-pl,Xfilmbox-family-pl,FilmBox Family HD PL,True,1,ok
FilmBox Premium HD PL,Польша,Xfilmbox-premium-pl,Xfilmbox-premium-pl,FilmBox Premium HD PL,True,1,ok
FilmBox Extra HD PL,Польша,Xfilmbox-extra-pl,Xfilmbox-extra-pl,FilmBox Extra HD PL,True,1,ok
HBO HD,Польша,XHBO.HD.ro,XHBO.HD.ro,HBO HD,True,2,ok
HBO2 HD,Польша,Xhbo2-hd,Xhbo2-hd,HBO2 HD,True,1,ok
HBO3 HD,Польша,Xhbo3-hd,Xhbo3-hd,HBO3 HD,True,1,ok
WP HD,Польша,XWP.pl,XWP.pl,WP HD,True,1,ok
SciFi HD,Польша,XSCI.FI.HD.pl,XSCI.FI.HD.pl,SciFi HD,True,1,ok
Planete+ HD PL,Польша,Xplanete-pl,Xplanete-pl,Planete+ HD PL,True,1,ok
Polsat Viasat Nature HD,Польша,Xpolsat-viasat-nature,Xpolsat-viasat-nature,Polsat Viasat Nature HD,True,1,ok
Discovery Channel HD PL,Польша,Xdiscovery-channel-pl,Xdiscovery-channel-pl,Discovery Channel HD PL,True,1,ok
Discovery Life HD PL,Польша,Xdiscovery-life-pl,Xdiscovery-life-pl,Discovery Life HD PL,True,1,ok
Discovery History HD PL,Польша,Xdiscovery-historia-pl,Xdiscovery-historia-pl,Discovery History HD PL,True,1,ok
ID Investigation Discovery PL,Польша,XID.HD.pl,XID.HD.pl,ID Investigation Discovery PL,True,1,ok
History 2 HD,Польша,Xh2-pl,Xh2-pl,History 2 HD,True,1,ok
History HD,Польша,Xhistory-pl,Xhistory-pl,History HD,True,2,ok
TVP Historia HD,Польша,Xtvp-historia,Xtvp-historia,TVP Historia HD,True,1,ok
Travel Channel HD,Польша,Xtravel-channel-pl,Xtravel-channel-pl,Travel Channel HD,True,2,ok
CANAL+ Kuchnia HD,Польша,Xcanal-pl-kuchnia,Xcanal-pl-kuchnia,CANAL+ Kuchnia HD,True,1,ok
Sport Klub PL,Польша,Xsportklub-pl,Xsportklub-pl,Sport Klub PL,True,1,ok
TVP Sport HD,Польша,Xtvp-sport,Xtvp-sport,TVP Sport HD,True,1,ok
Eleven Sports 1 4K,Польша,Xeleven-sports-1,Xeleven-sports-1,Eleven Sports 1 4K,True,1,ok
Eleven Sports 1 HD,Польша,Xeleven-sports-1,Xeleven-sports-1,Eleven Sports 1 HD,True,1,ok
Eleven Sports 2 HD,Польша,Xeleven-sports-2,Xeleven-sports-2,Eleven Sports 2 HD,True,1,ok
Eleven Sports 3 HD,Польша,Xeleven-sports-3,Xeleven-sports-3,Eleven Sports 3 HD,True,1,ok
Eleven Sports 4 HD,Польша,,Xeleven-sports-4,Eleven Sports 4 HD,False,1,ok
CANAL+ Sport 1 HD PL,Польша,Xcanal-pl-sport-1,Xcanal-pl-sport-1,CANAL+ Sport 1 HD PL,True,1,ok
CANAL+ Sport 3 HD PL,Польша,Xcanal-pl-sport-3,Xcanal-pl-sport-3,CANAL+ Sport 3 HD PL,True,1,ok
CANAL+ Sport 4 HD PL,Польша,Xcanal-pl-sport-4,Xcanal-pl-sport-4,CANAL+ Sport 4 HD PL,True,1,ok
CANAL+ Sport 5 HD PL,Польша,Xcanal-pl-sport-5,Xcanal-pl-sport-5,CANAL+ Sport 5 HD PL,True,1,ok
Eurosport 1 HD PL,Польша,Xeurosport1-pl,Xeurosport1-pl,Eurosport 1 HD PL,True,1,ok
Eurosport 2 HD PL,Польша,Xeurosport2-pl,Xeurosport2-pl,Eurosport 2 HD PL,True,1,ok
Golf Channel,Польша,,XGolf.Channel.HD.pl,Golf Channel,False,2,ok
FightBox HD,Польша,Xfightbox-hd,Xfightbox-hd,FightBox HD,True,1,ok
Motowizija,Польша,Xmotowizja-pl,Xmotowizja-pl,Motowizija,True,1,ok
Extreme Sport,Польша,Xextreme-sports,Xextreme-sports,Extreme Sport,True,1,ok
Polsat Sport,Польша,Xpolsat-sport,Xpolsat-sport,Polsat Sport,True,1,ok
Polsat Sport 2,Польша,Xpolsat-sport-extra,Xpolsat-sport-extra,Polsat Sport 2,True,1,ok
Polsat Sport 3,Польша,Xpolsat-sport-extra,Xpolsat-sport-extra,Polsat Sport 3,True,1,ok
Polsat Sport Premium 1 HD,Польша,Xpolsat-sport-pr1,Xpolsat-sport-pr1,Polsat Sport Premium 1 HD,True,1,ok
Polsat Sport Premium 2 HD,Польша,Xpolsat-sport-pr2,Xpolsat-sport-pr2,Polsat Sport Premium 2 HD,True,1,ok
Polsat Sport Premium 3 HD,Польша,Xpolsat-sport-pr3,Xpolsat-sport-pr3,Polsat Sport Premium 3 HD,True,1,ok
Polsat Sport Premium 4 HD,Польша,Xpolsat-sport-pr4,Xpolsat-sport-pr4,Polsat Sport Premium 4 HD,True,1,ok
Polsat Sport Premium 5 HD,Польша,Xpolsat-sport-pr5,Xpolsat-sport-pr5,Polsat Sport Premium 5 HD,True,1,ok
Polsat Games HD,Польша,Xpolsat-games,Xpolsat-games,Polsat Games HD,True,1,ok
Polsat Sport Fight,Польша,Xpolsat-sport-fight,Xpolsat-sport-fight,Polsat Sport Fight,True,1,ok
Zoom TV,Польша,XZOOM.TV.HD.pl,XZOOM.TV.HD.pl,Zoom TV,True,1,ok
Polo TV,Польша,XPolo.TV.HD.pl,XPolo.TV.HD.pl,Polo TV,True,1,ok
TV Luban,Польша,,,TV Luban,False,1,ok
Sundance HD,Польша,Xsundance-pl,Xsundance-pl,Sundance HD,True,1,ok
TV PULS HD,Польша,tv-puls,tv-puls,TV PULS HD,True,1,ok
Puls 2 HD,Польша,XPULS.2.HD.pl,XPULS.2.HD.pl,Puls 2 HD,True,1,ok
Vox Music TV HD,Польша,XVOX.Music.TV.pl,XVOX.Music.TV.pl,Vox Music TV HD,True,1,ok
Polsat Music HD,Польша,Xpolsat-music,Xpolsat-music,Polsat Music HD,True,1,ok
Paramount Network,Польша,Xparamount-network-pl,Xparamount-network-pl,Paramount Network,True,1,ok
1 TV,Грузия,X1TV_GE,X1TV_GE,1 TV,True,1,ok
Imedi TV,Грузия,Ximedi,Ximedi,Imedi TV,True,1,ok
Saperavi TV,Грузия,,XSaperavi,Saperavi TV,False,1,ok
Palitra News,Грузия,XPalitra_news,XPalitra_news,Palitra News,True,1,ok
GDS TV,Грузия,XGDS,XGDS,GDS TV,True,1,ok
Adjara TV,Грузия,XAdjara,XAdjara,Adjara TV,True,1,ok
Mega TV,Грузия,,,Mega TV,False,2,ok
Sfero TV,Грузия,,,Sfero TV,False,1,ok
Rcheuli TV,Грузия,,,Rcheuli TV,False,1,ok
Obiektivi TV,Грузия,XObiektivi,XObiektivi,Obiektivi TV,True,1,ok
Konservatorebi,Грузия,,,Konservatorebi,False,1,ok
Pirveli,Грузия,XTVPirveli,XTVPirveli,Pirveli,True,1,ok
Rustavi 2,Грузия,XRustavi2,XRustavi2,Rustavi 2,True,1,ok
Qartuli Arkhi,Грузия,XQartuli_Arkhi,XQartuli_Arkhi,Qartuli Arkhi,True,1,ok
Comedy Arkhi,Грузия,XComedyArkhi,XComedyArkhi,Comedy Arkhi,True,1,ok
Pos TV,Грузия,XPosTV,XPosTV,Pos TV,True,1,ok
Batumi TV,Грузия,XBatumi,XBatumi,Batumi TV,True,1,ok
Formula,Грузия,XFormula,XFormula,Formula,True,1,ok
Marao,Грузия,XMarao,XMarao,Marao,True,1,ok
Marneuli TV,Грузия,XMarneuli_TV,XMarneuli_TV,Marneuli TV,True,1,ok
Argo TV,Грузия,Xargo,Xargo,Argo TV,True,1,ok
Euronews Georgia,Грузия,XEURONEWS_GE,XEURONEWS_GE,Euronews Georgia,True,1,ok
Silk Hollywood Movies,Грузия,XSilkHollywoodMovies,XSilkHollywoodMovies,Silk Hollywood Movies,True,1,ok
Silk Movie Collection,Грузия,XSilkMovieCollection,XSilkMovieCollection,Silk Movie Collection,True,1,ok
Rioni,Грузия,XRioni,XRioni,Rioni,True,1,ok
Rioni 2,Грузия,,XRioni2,Rioni 2,False,1,ok
Silk Universal,Грузия,XSilk_Universal,XSilk_Universal,Silk Universal,True,1,ok
Silk Sport 1,Грузия,XSilk1,XSilk1,Silk Sport 1,True,1,ok
Silk Sport 2,Грузия,XSilk2,XSilk2,Silk Sport 2,True,1,ok
Silk Sport 3,Грузия,XSilk3,XSilk3,Silk Sport 3,True,1,ok
Setanta Sports 1,Грузия,XSetanta Sports 1,XSetanta Sports 1,Setanta Sports 1,True,1,ok
Setanta Sports 2,Грузия,XSetanta Sports 2,XSetanta Sports 2,Setanta Sports 2,True,1,ok
Setanta Sports 3,Грузия,XSetanta Sports 3,XSetanta Sports 3,Setanta Sports 3,True,1,ok
Moldova 1 HD,Молдова,Xmoldova-1,Xmoldova-1,Moldova 1 HD,True,1,ok
Moldova 2 HD,Молдова,Xmoldova-2,Xmoldova-2,Moldova 2 HD,True,1,ok
We Sport,Молдова,,,We Sport,False,1,ok
A TV,Молдова,,,A TV,False,1,ok
Agro HD,Молдова,,,Agro HD,False,1,ok
Euronews,Молдова,euronews,euronews,Euronews,True,2,ok
Setanta Sports HD MD,Молдова,7244,7244,Setanta Sports HD MD,True,2,ok
Moldova TV,Молдова,,,Moldova TV,False,1,ok
Star TV,Молдова,,,Star TV,False,1,ok
Global 24,Молдова,,,Global 24,False,2,ok
Gurinel HD,Молдова,,,Gurinel HD,False,1,ok
Busuioc TV,Молдова,,,Busuioc TV,False,1,ok
N4,Молдова,Xn4,Xn4,N4,True,1,ok
Jurnal TV HD,Молдова,,,Jurnal TV HD,False,1,ok
Disney,Молдова,,,Disney,False,1,ok
Noroc HD,Молдова,,,Noroc HD,False,1,ok
Cinema 1 HD,Молдова,,,Cinema 1 HD,False,1,ok
ONE TV HD,Молдова,,,ONE TV HD,False,1,ok
Privesc.Eu HD,Молдова,,,Privesc.Eu HD,False,1,ok
Pro TV Chisinau HD,Молдова,,,Pro TV Chisinau HD,False,1,ok
VB TV,Молдова,,,VB TV,False,1,ok
7 TV,Молдова,10026,10026,7 TV,True,1,ok
Rlive HD,Молдова,,,Rlive HD,False,1,ok
TVN HD,Молдова,,,TVN HD,False,2,ok
Tezaur HD,Молдова,,,Tezaur HD,False,1,ok
Exclusiv TV,Молдова,,,Exclusiv TV,False,1,ok
Global 24,Молдова,,,Global 24,False,2,ok
TV8 HD,Молдова,Xtv8-lt,Xtv8-lt,TV8 HD,True,2,ok
TVR,Молдова,,,TVR,False,1,ok
БНТ1,Болгария,XBNT.bg,XBNT.bg,БНТ1,True,1,ok
БНТ2,Болгария,XBNT.2.bg,XBNT.2.bg,БНТ2,True,1,ok
БНТ3,Болгария,,XBNT.4.bg,БНТ3,False,1,ok
БНТ4,Болгария,,XBNT.4.bg,БНТ4,False,1,ok
Nova HD,Болгария,XNova.TV.bg,XNova.TV.bg,Nova HD,True,1,ok
Soul&Pepper TV HD,Болгария,,,Soul&Pepper TV HD,False,1,ok
Kids Stars HD,Болгария,,,Kids Stars HD,False,1,ok
Rai 1 HD,Болгария,,,Rai 1 HD,False,1,ok
ARTE,Болгария,Xarte-hd,Xarte-hd,ARTE,True,1,ok
FashionBox HD,Болгария,Xfashionbox-hd,Xfashionbox-hd,FashionBox HD,True,1,ok
Wness TV HD,Болгария,,,Wness TV HD,False,1,ok
bTV,Болгария,XbTV.bg,XbTV.bg,bTV,True,1,ok
Kino Nova HD,Болгария,XKinoNova.bg,XKinoNova.bg,Kino Nova HD,True,1,ok
Diema,Болгария,XDiema.bg,XDiema.bg,Diema,True,1,ok
Diema Family HD,Болгария,XDiema.Family.bg,XDiema.Family.bg,Diema Family HD,True,1,ok
bTV Action,Болгария,XbTV.Action.bg,XbTV.Action.bg,bTV Action,True,1,ok
bTV Comedy,Болгария,XbTV.Comedy.bg,XbTV.Comedy.bg,bTV Comedy,True,1,ok
bTV Cinema,Болгария,XbTV.Cinema.bg,XbTV.Cinema.bg,bTV Cinema,True,1,ok
National Geographic,Болгария,XNational.Geographic.HD.ro,XNational.Geographic.HD.ro,National Geographic,True,3,ok
Nat Geo Wild,Болгария,XNat.Geo.Wild.bg,XNat.Geo.Wild.bg,Nat Geo Wild,True,1,ok
This is Bulgaria,Болгария,,,This is Bulgaria,False,1,ok
The Fishing&Hunting Channel HD,Болгария,,,The Fishing&Hunting Channel HD,False,1,ok
Nova Sport,Болгария,XNova.Sport.bg,XNova.Sport.bg,Nova Sport,True,1,ok
Diema Sport,Болгария,XDIEMA.SPORT.bg,XDIEMA.SPORT.bg,Diema Sport,True,1,ok
Diema Sport 2,Болгария,XDIEMA.SPORT.2.bg,XDIEMA.SPORT.2.bg,Diema Sport 2,True,1,ok
Diema Sport 3,Болгария,XDIEMA.SPORT.3.bg,XDIEMA.SPORT.3.bg,Diema Sport 3,True,1,ok
Max Sport 1 HD,Болгария,XMax.Sport.1.bg,XMax.Sport.1.bg,Max Sport 1 HD,True,1,ok
Max Sport 2 HD,Болгария,XMax.Sport.2.bg,XMax.Sport.2.bg,Max Sport 2 HD,True,1,ok
Max Sport 3 HD,Болгария,XMax.Sport.3.bg,XMax.Sport.3.bg,Max Sport 3 HD,True,1,ok
Max Sport 4 HD,Болгария,XMax.Sport.4.bg,XMax.Sport.4.bg,Max Sport 4 HD,True,1,ok
Nickelodeon,Болгария,XNickelodeon.bg,XNickelodeon.bg,Nickelodeon,True,3,ok
Nick Jr,Болгария,XNick.Jr.bg,XNick.Jr.bg,Nick Jr,True,2,ok
CNN,Болгария,Xcnn,Xcnn,CNN,True,2,ok
24 Kitchen,Болгария,,X24.Kitchen.bg,24 Kitchen,False,1,ok
Euronews Bulgaria,Болгария,,,Euronews Bulgaria,False,1,ok
BG on AIR,Болгария,,XBulgaria.ON.AIR.bg,BG on AIR,False,1,ok
ТВ Скат,Болгария,,Xskat.bg,ТВ Скат,False,1,ok
CodeFashion HD,Болгария,,Xcodefashion.bg,CodeFashion HD,False,1,ok
Планета HD BG,Болгария,XPlaneta.bg,XPlaneta.bg,Планета HD BG,True,1,ok
Планета Фолк,Болгария,,,Планета Фолк,False,1,ok
FEN HD,Болгария,,,FEN HD,False,1,ok
Тянков Ориент,Болгария,,,Тянков Ориент,False,1,ok
Балканика,Болгария,balkanika,balkanika,Балканика,True,1,ok
Родина ТВ,Болгария,,,Родина ТВ,False,1,ok
Фен Фолк,Болгария,,,Фен Фолк,False,1,ok
DSTV,Болгария,,,DSTV,False,1,ok
BOX TV,Болгария,box-tv,box-tv,BOX TV,True,1,ok
Magic TV,Болгария,,,Magic TV,False,1,ok
Love Nature HD,Болгария,Xlove-nature-4k,Xlove-nature-4k,Love Nature HD,True,1,ok
City News Toronto,Канада,,city-news-toronto,City News Toronto,False,1,ok
Cartoon Network,Канада,XCartoon.Network.ro,XCartoon.Network.ro,Cartoon Network,True,3,ok
Adult Swim,Канада,470749,470749,Adult Swim,True,1,ok
Disney Channel,Канада,XDisney.Channel.nl,XDisney.Channel.nl,Disney Channel,True,2,ok
Treehouse,Канада,,XTreehouse.ca,Treehouse,False,1,ok
YTV,Канада,,XYTV.(Youth.Television).-.East.ca,YTV,False,1,ok
NTV Live Stream,Канада,,,NTV Live Stream,False,1,ok
".QC.ca"" tvg-name=""ICI Television"", ICI Television",Канада,,"XICI.Tele.(CBFT-DT).Montréal,.QC.ca",ICI Television,False,1,ok
Ontario Parliament Network Live Stream,Канада,,,Ontario Parliament Network Live Stream,False,1,ok
Amazing Discoveries TV Live Stream,Канада,,,Amazing Discoveries TV Live Stream,False,1,ok
Acasa Gold,Румыния,XAcasa.Gold.ro,XAcasa.Gold.ro,Acasa Gold,True,1,ok
Acasa HD,Румыния,XAcasa.ro,XAcasa.ro,Acasa HD,True,1,ok
Alfa omega HD,Румыния,XAlfa.Omega.TV.ro,XAlfa.Omega.TV.ro,Alfa omega HD,True,1,ok
AMC,Румыния,amc,amc,AMC,True,3,ok
Antena 1,Румыния,XAntena.1.ro,XAntena.1.ro,Antena 1,True,1,ok
Antena 3 HD RO,Румыния,XAntena.3.CNN.ro,XAntena.3.CNN.ro,Antena 3 HD RO,True,1,ok
Antena 3,Румыния,XAntena.3.CNN.ro,XAntena.3.CNN.ro,Antena 3,True,1,ok
Antena stars,Румыния,XAntena.Stars.ro,XAntena.Stars.ro,Antena stars,True,1,ok
AXN White,Румыния,,XAXN.White.ro,AXN White,False,2,ok
AXN Black,Румыния,,XAXN.Black.ro,AXN Black,False,2,ok
AXN HD,Румыния,,XAXN.HD.ro,AXN HD,False,1,ok
AXN Spin,Румыния,,XAXN.Spin.ro,AXN Spin,False,1,ok
Bolywood,Румыния,,,Bolywood,False,1,ok
TV 1000,Румыния,XTV1000.ro,XTV1000.ro,TV 1000,True,1,ok
Bucuresti TV HD,Румыния,,,Bucuresti TV HD,False,1,ok
Kanal D HD RO,Румыния,XKanal.D.HD.ro,XKanal.D.HD.ro,Kanal D HD RO,True,1,ok
Kanal D,Румыния,XKanal.D.ro,XKanal.D.ro,Kanal D,True,1,ok
CBS Reality,Румыния,,XCBS.Reality.ro,CBS Reality,False,1,ok
Credo TV,Румыния,XCredo.TV.ro,XCredo.TV.ro,Credo TV,True,1,ok
Digi sport 1 HD,Румыния,XDigi.Sport.1.HD.ro,XDigi.Sport.1.HD.ro,Digi sport 1 HD,True,1,ok
Digi sport 2 HD,Румыния,XDigi.Sport.2.HD.ro,XDigi.Sport.2.HD.ro,Digi sport 2 HD,True,1,ok
Digi24,Румыния,XDigi.24.HD.ro,XDigi.24.HD.ro,Digi24,True,1,ok
Discovery,Румыния,XDiscovery.Channel.ro,XDiscovery.Channel.ro,Discovery,True,1,ok
Discovery Science HD RO,Румыния,,,Discovery Science HD RO,False,1,ok
Discovery Science,Румыния,,,Discovery Science,False,1,ok
Disney channel,Румыния,XDisney.Channel.ro,XDisney.Channel.ro,Disney channel,True,1,ok
Disney Junior,Румыния,XDisney.Junior.ro,XDisney.Junior.ro,Disney Junior,True,2,ok
Cartoonito,Румыния,,XCartoonito.ro,Cartoonito,False,2,ok
Cartoon Network,Румыния,XCartoon.Network.ro,XCartoon.Network.ro,Cartoon Network,True,3,ok
DTX HD,Румыния,,,DTX HD,False,1,ok
Duck,Румыния,XDuck.TV.HD.ro,XDuck.TV.HD.ro,Duck,True,1,ok
E! Entertainment HD RO,Румыния,XE!.Entertainment.HD.ro,XE!.Entertainment.HD.ro,E! Entertainment HD RO,True,1,ok
Etho,Румыния,XEtno.TV.HD.ro,XEtno.TV.HD.ro,Etho,True,1,ok
Epic Drama HD,Румыния,XEpic.Drama.ro,XEpic.Drama.ro,Epic Drama HD,True,3,ok
Emi HD,Румыния,XEMI.TV.HD.ro,XEMI.TV.HD.ro,Emi HD,True,1,ok
Eurosport HD,Румыния,XEurosport.1.HD.ro,XEurosport.1.HD.ro,Eurosport HD,True,2,ok
Eurosport 2,Румыния,XEurosport.1.HD.ro,XEurosport.1.HD.ro,Eurosport 2,True,2,ok
Eurosport 2 HD,Румыния,XEurosport.2.HD.ro,XEurosport.2.HD.ro,Eurosport 2 HD,True,2,ok
Sport Extra HD,Румыния,XSport.Extra.ro,XSport.Extra.ro,Sport Extra HD,True,1,ok
Film Cafe,Румыния,XFILM.CAFE.HD.ro,XFILM.CAFE.HD.ro,Film Cafe,True,1,ok
Fishing&Hunting RO,Румыния,,,Fishing&Hunting RO,False,1,ok
Filmbox Prem,Румыния,,XFilmbox.Premium.ro,Filmbox Prem,False,1,ok
Happy Channel,Румыния,XHappy.Channel.HD.ro,XHappy.Channel.HD.ro,Happy Channel,True,1,ok
HBO AXN,Румыния,,,HBO AXN,False,1,ok
HBO HD,Румыния,XHBO.HD.ro,XHBO.HD.ro,HBO HD,True,2,ok
HBO2,Румыния,XHBO.2.ro,XHBO.2.ro,HBO2,True,1,ok
HBO3,Румыния,XHBO.3.ro,XHBO.3.ro,HBO3,True,1,ok
IDXtra HD,Румыния,XID.Investigation.Discovery.HD.ro,XID.Investigation.Discovery.HD.ro,IDXtra HD,True,1,ok
CBS Reality RO,Румыния,,XCBS.Reality.ro,CBS Reality RO,False,1,ok
CineMax 2 RO,Румыния,XCinemax.2.HD.ro,XCinemax.2.HD.ro,CineMax 2 RO,True,1,ok
Kiss,Румыния,XKiss.TV.ro,XKiss.TV.ro,Kiss,True,1,ok
Minimax,Румыния,XMinimax.ro,XMinimax.ro,Minimax,True,1,ok
Mooz Dance HD,Румыния,,XMooz.Dance.ro,Mooz Dance HD,False,1,ok
HIT Music Channel,Румыния,XH!T.Music.Channel.ro,XH!T.Music.Channel.ro,HIT Music Channel,True,1,ok
Music Channel,Румыния,XMusic.Channel.ro,XMusic.Channel.ro,Music Channel,True,1,ok
N24,Румыния,,,N24,False,1,ok
National Geographic,Румыния,XNational.Geographic.HD.ro,XNational.Geographic.HD.ro,National Geographic,True,3,ok
Nat Geo Willd HD,Румыния,XNational.Geographic.Wild.HD.ro,XNational.Geographic.Wild.HD.ro,Nat Geo Willd HD,True,1,ok
National TV,Румыния,XNational.TV.ro,XNational.TV.ro,National TV,True,1,ok
National 24 Plus,Румыния,XNational.24.Plus.ro,XNational.24.Plus.ro,National 24 Plus,True,1,ok
Nick JR,Румыния,XNick.Jr.ro,XNick.Jr.ro,Nick JR,True,1,ok
Jim Jam Ro,Румыния,,,Jim Jam Ro,False,1,ok
Nickelodeon,Румыния,XNickelodeon.bg,XNickelodeon.bg,Nickelodeon,True,3,ok
Nicktoons,Румыния,,,Nicktoons,False,1,ok
Prima TV RO,Румыния,Prima.TV.ro,Prima.TV.ro,Prima TV RO,True,1,ok
Pro Cinema HD,Румыния,Pro.Cinema.HD.ro,Pro.Cinema.HD.ro,Pro Cinema HD,True,1,ok
ProTV,Румыния,PRO.TV.ro,PRO.TV.ro,ProTV,True,1,ok
ProTV HD,Румыния,PRO.TV.HD.ro,PRO.TV.HD.ro,ProTV HD,True,1,ok
ProTV International,Румыния,PRO.TV.INTERNATIONAL.ro,PRO.TV.INTERNATIONAL.ro,ProTV International,True,1,ok
ProX,Румыния,,,ProX,False,1,ok
Realitatea+,Румыния,Realitatea.Plus.ro,Realitatea.Plus.ro,Realitatea+,True,1,ok
Romania TV,Румыния,România.TV.ro,România.TV.ro,Romania TV,True,1,ok
Speranta,Румыния,,,Speranta,False,1,ok
Tataf,Румыния,,,Tataf,False,1,ok
TLC HD,Румыния,TLC.ro,TLC.ro,TLC HD,True,3,ok
Telestar 1,Румыния,Telestar.1.ro,Telestar.1.ro,Telestar 1,True,1,ok
TFavorit,Румыния,,,TFavorit,False,1,ok
Travel mix HD,Румыния,Travel.Mix.ro,Travel.Mix.ro,Travel mix HD,True,1,ok
TV paprika,Румыния,,,TV paprika,False,1,ok
TVR1 HD,Румыния,,,TVR1 HD,False,1,ok
TVR2,Румыния,TVR.2.ro,TVR.2.ro,TVR2,True,1,ok
TVR3,Румыния,TVR.3.ro,TVR.3.ro,TVR3,True,1,ok
TVR Iasi,Румыния,TVR.Iași.ro,TVR.Iași.ro,TVR Iasi,True,1,ok
ZU,Румыния,,,ZU,False,1,ok
Warner TV HD,Румыния,,,Warner TV HD,False,1,ok
Kontra HD,Греция,XKontra.gr,XKontra.gr,Kontra HD,True,1,ok
Action 24 GR,Греция,Xaction24-gr,Xaction24-gr,Action 24 GR,True,1,ok
Attica,Греция,XATTICA.gr,XATTICA.gr,Attica,True,1,ok
Alert,Греция,XALERT.gr,XALERT.gr,Alert,True,1,ok
Alpha GR,Греция,Xalpha-gr,Xalpha-gr,Alpha GR,True,1,ok
Ant 1 GR,Греция,,Xant1-gr,Ant 1 GR,False,1,ok
Nea TV,Греция,Xmega-gr,Xmega-gr,Nea TV,True,1,ok
Star GR,Греция,Xstar-gr,Xstar-gr,Star GR,True,1,ok
91 NRG,Греция,,,91 NRG,False,1,ok
Montreal Greek TV,Греция,,,Montreal Greek TV,False,1,ok
Polar HD,Чехия,POLAR.cz,POLAR.cz,Polar HD,True,1,ok
Polar 2 HD,Чехия,,,Polar 2 HD,False,1,ok
Jihočeská televize,Чехия,Jihočeská.televize.cz,Jihočeská.televize.cz,Jihočeská televize,True,1,ok
Retro Music Television,Чехия,,,Retro Music Television,False,1,ok
Šláger Original,Чехия,,,Šláger Original,False,1,ok
Šláger Premium,Чехия,,,Šláger Premium,False,1,ok
HBO HU,Венгрия,XHBO.hu,XHBO.hu,HBO HU,True,1,ok
HBO 2 HU,Венгрия,XHBO.2.hu,XHBO.2.hu,HBO 2 HU,True,1,ok
HBO 3 HU,Венгрия,XHBO.3.hu,XHBO.3.hu,HBO 3 HU,True,1,ok
HirTV HU,Венгрия,XHIR.TV.hu,XHIR.TV.hu,HirTV HU,True,1,ok
History HU,Венгрия,XHistory.Channel.hu,XHistory.Channel.hu,History HU,True,1,ok
Jocky TV HU,Венгрия,XJocky.TV.hu,XJocky.TV.hu,Jocky TV HU,True,1,ok
Moziverzum HU,Венгрия,XMoziverzum.hu,XMoziverzum.hu,Moziverzum HU,True,1,ok
Spektrum HU,Венгрия,XSpektrum.hu,XSpektrum.hu,Spektrum HU,True,1,ok
Cool HU,Венгрия,XCool.TV.hu,XCool.TV.hu,Cool HU,True,1,ok
FilmBox Stars HU,Венгрия,,XFilmBox.Stars.hu,FilmBox Stars HU,False,1,ok
Film Cafe HU,Венгрия,XFilm.Café.hu,XFilm.Café.hu,Film Cafe HU,True,1,ok
Filmbox Family  HU,Венгрия,,XFilmbox.Family.hu,Filmbox Family  HU,False,1,ok
RTL HU,Венгрия,XRTL.hu,XRTL.hu,RTL HU,True,1,ok
Spiler TV HU,Венгрия,XSpíler1.TV.hu,XSpíler1.TV.hu,Spiler TV HU,True,1,ok
TV2 HU,Венгрия,XTV2.hu,XTV2.hu,TV2 HU,True,1,ok
Viasat Nature HU,Венгрия,XViasat.Nature.hu,XViasat.Nature.hu,Viasat Nature HU,True,1,ok
Minimax HU,Венгрия,XMinimax.hu,XMinimax.hu,Minimax HU,True,1,ok
Nicktoons HU,Венгрия,XNicktoons.hu,XNicktoons.hu,Nicktoons HU,True,1,ok
Nickelodeon HU,Венгрия,XNickelodeon.hu,XNickelodeon.hu,Nickelodeon HU,True,1,ok
SuperTV2 HU,Венгрия,XSuper.TV2.hu,XSuper.TV2.hu,SuperTV2 HU,True,1,ok
Direct One HU,Венгрия,,,Direct One HU,False,1,ok
Izaura TV HU,Венгрия,XIzaura.TV.hu,XIzaura.TV.hu,Izaura TV HU,True,1,ok
Muzsika TV HU,Венгрия,XMuzsika.TV.hu,XMuzsika.TV.hu,Muzsika TV HU,True,1,ok
Sorozat+ HU,Венгрия,XSorozat+.hu,XSorozat+.hu,Sorozat+ HU,True,1,ok
RTL GOLD HU,Венгрия,XRTL.GOLD.hu,XRTL.GOLD.hu,RTL GOLD HU,True,1,ok
RTL KETTO HU,Венгрия,XRTL.KETTŐ.hu,XRTL.KETTŐ.hu,RTL KETTO HU,True,1,ok
RTL HAROM HU,Венгрия,XRTL.HÁROM.hu,XRTL.HÁROM.hu,RTL HAROM HU,True,1,ok
Cinemax2 HU,Венгрия,XCinemax.2.hu,XCinemax.2.hu,Cinemax2 HU,True,1,ok
Auto Motor Sport HU,Венгрия,XAuto.Motor.Sport.TV.hu,XAuto.Motor.Sport.TV.hu,Auto Motor Sport HU,True,1,ok
Slager TV HU,Венгрия,XSláger.TV.hu,XSláger.TV.hu,Slager TV HU,True,1,ok
Film Mania HU,Венгрия,XFilm.Mánia.hu,XFilm.Mánia.hu,Film Mania HU,True,1,ok
FilmBox Extra HD HU,Венгрия,,XFilmbox.Extra.HD.hu,FilmBox Extra HD HU,False,1,ok
Viasat Explore HD HU,Венгрия,XViasat.Explore.hu,XViasat.Explore.hu,Viasat Explore HD HU,True,1,ok
Viasat History HU,Венгрия,XViasat.History.hu,XViasat.History.hu,Viasat History HU,True,1,ok
Life TV HU,Венгрия,XLifeTv.hu,XLifeTv.hu,Life TV HU,True,1,ok
Animal Planet HU,Венгрия,XAnimal.Planet.HD.hu,XAnimal.Planet.HD.hu,Animal Planet HU,True,1,ok
Discovery HU,Венгрия,XDiscovery.Channel.hu,XDiscovery.Channel.hu,Discovery HU,True,1,ok
ID Investigation Discovery HU,Венгрия,XID:.Investigation.Discovery.hu,XID:.Investigation.Discovery.hu,ID Investigation Discovery HU,True,1,ok
Nat Geo Wild HU,Венгрия,XNational.Geographic.Wild.HD.hu,XNational.Geographic.Wild.HD.hu,Nat Geo Wild HU,True,1,ok
Dikh TV HU,Венгрия,XDikh.TV.hu,XDikh.TV.hu,Dikh TV HU,True,1,ok
Spektrum Home HU,Венгрия,XSpektrum.Home.hu,XSpektrum.Home.hu,Spektrum Home HU,True,1,ok
Arena4 HU,Венгрия,XAréna4.hu,XAréna4.hu,Arena4 HU,True,1,ok
Cartoon Network HU,Венгрия,XCartoon.Network.hu,XCartoon.Network.hu,Cartoon Network HU,True,1,ok
Duna HU,Венгрия,XDuna.TV.hu,XDuna.TV.hu,Duna HU,True,1,ok
M4 HU,Венгрия,Xm4.hu,Xm4.hu,M4 HU,True,1,ok
Love Nature HD HU,Венгрия,XLove.Nature.hu,XLove.Nature.hu,Love Nature HD HU,True,1,ok
Film+ HU,Венгрия,XFilm+.hu,XFilm+.hu,Film+ HU,True,1,ok
Magyar ATV HU,Венгрия,,,Magyar ATV HU,False,1,ok
Magyar Mozi TV HU,Венгрия,XMagyar.Mozi.TV.hu,XMagyar.Mozi.TV.hu,Magyar Mozi TV HU,True,1,ok
Mozi+ HU,Венгрия,XMozi+.hu,XMozi+.hu,Mozi+ HU,True,1,ok
Sport 1 HU,Венгрия,XSport1.hu,XSport1.hu,Sport 1 HU,True,1,ok
Sport 2 HU,Венгрия,XSport2.hu,XSport2.hu,Sport 2 HU,True,1,ok
Spiler 2 HU,Венгрия,XSpíler2.TV.hu,XSpíler2.TV.hu,Spiler 2 HU,True,1,ok
m1 HU,Венгрия,Xm1.HD.hu,Xm1.HD.hu,m1 HU,True,1,ok
m2 Petofi HU,Венгрия,Xm2.HD.hu,Xm2.HD.hu,m2 Petofi HU,True,1,ok
MATCH4 HD HU,Венгрия,XMatch.4.hu,XMatch.4.hu,MATCH4 HD HU,True,1,ok
Eurosport HU,Венгрия,XEurosport.HD.hu,XEurosport.HD.hu,Eurosport HU,True,1,ok
Eurosport 2 HU,Венгрия,XEurosport.2.HD.hu,XEurosport.2.HD.hu,Eurosport 2 HU,True,1,ok
M4 Sport HU,Венгрия,Xm4sport+.hu,Xm4sport+.hu,M4 Sport HU,True,1,ok
Nova Sport 1 HD,SkyLink,X07ceb1ac6be64075dded2510c27e0c6e,X07ceb1ac6be64075dded2510c27e0c6e,Nova Sport 1 HD,True,1,ok
Nova Sport 2 HD,SkyLink,X366a88cf3a4bab603ef6408966546e71,X366a88cf3a4bab603ef6408966546e71,Nova Sport 2 HD,True,1,ok
Nova Sport 3 HD,SkyLink,,X4bbd04b8c84805428618645d943fc28d,Nova Sport 3 HD,False,1,ok
Nova Sport 4 HD,SkyLink,,X6edcad12e88ffac3da0cacb565970775,Nova Sport 4 HD,False,1,ok
Nova Sport 5 HD,SkyLink,X7845ca0015c718657d785b311edf5079,X7845ca0015c718657d785b311edf5079,Nova Sport 5 HD,True,1,ok
Arena Sport 1 HD,SkyLink,X1ee5b7ce8676fe322a8bb63f097f8c9a,X1ee5b7ce8676fe322a8bb63f097f8c9a,Arena Sport 1 HD,True,1,ok
Arena Sport 2 HD,SkyLink,X29310a006ce41c9fb5cca14f333849fb,X29310a006ce41c9fb5cca14f333849fb,Arena Sport 2 HD,True,1,ok
AutoMotorSport HD,SkyLink,,X5a47413dce1d8829fcbe0bf021e18ae5,AutoMotorSport HD,False,1,ok
Sport 1 HD,SkyLink,X18e7a585715561d4bb2606977deb20f6,X18e7a585715561d4bb2606977deb20f6,Sport 1 HD,True,4,ok
Sport 2 HD,SkyLink,X991796,X991796,Sport 2 HD,True,2,ok
RTVS SPORT HD,SkyLink,X3981fa886a1704937afd96d87ea46ef1,X3981fa886a1704937afd96d87ea46ef1,RTVS SPORT HD,True,1,ok
JOJ Sport HD,SkyLink,Xeacbd3c220de39cfa7c855755d1291cf,Xeacbd3c220de39cfa7c855755d1291cf,JOJ Sport HD,True,1,ok
CANAL+ Sport (CZ),SkyLink,,X6fda506ca37562e7c8a37011eecb6995,CANAL+ Sport (CZ),False,1,ok
CANAL+ Sport (SK),SkyLink,Xba551cee37d621f3a459d798ae881e5e,Xba551cee37d621f3a459d798ae881e5e,CANAL+ Sport (SK),True,1,ok
CANAL+ Sport 2 (SK),SkyLink,,Xba674f276a1f7dbe4c756d9ea0b50a38,CANAL+ Sport 2 (SK),False,1,ok
Golf Channel,SkyLink,,Xfad8ef045fa357781cfb3163d4b45a09,Golf Channel,False,2,ok
AMC,SkyLink,amc,amc,AMC,True,3,ok
AXN,SkyLink,,,AXN,False,1,ok
AXN Black,SkyLink,,,AXN Black,False,2,ok
AXN White,SkyLink,,,AXN White,False,2,ok
HRT1,Хорватия,HTV1.HD.hr,HTV1.HD.hr,HRT1,True,1,ok
HRT Int.,Хорватия,,,HRT Int.,False,1,ok
CMC TV,Хорватия,CMC.hr,CMC.hr,CMC TV,True,1,ok
Atv Antwerpen,BE & NL,,,Atv Antwerpen,False,1,ok
HLN Live,BE & NL,,,HLN Live,False,1,ok
Eclips TV,BE & NL,Eclips.TV.be,Eclips.TV.be,Eclips TV,True,1,ok
Ketnet,BE & NL,XKetnet.be,XKetnet.be,Ketnet,True,1,ok
Ment Pop,BE & NL,Ment Pop HD,Ment Pop HD,Ment Pop,True,2,ok
Play4,BE & NL,,,Play4,False,1,ok
Play5,BE & NL,,,Play5,False,1,ok
Play6,BE & NL,,XPlay6.be,Play6,False,1,ok
Play7,BE & NL,,XPlay7.be,Play7,False,1,ok
Sport 10,BE & NL,,,Sport 10,False,1,ok
VTM HD,BE & NL,,XVTM.be,VTM HD,False,1,ok
VTM 2 HD,BE & NL,XVTM.2.be,XVTM.2.be,VTM 2 HD,True,1,ok
VTM 3,BE & NL,XVTM.3.be,XVTM.3.be,VTM 3,True,1,ok
VTM 4,BE & NL,XVTM.4.be,XVTM.4.be,VTM 4,True,1,ok
VTM Gold,BE & NL,VTM.GOLD.be,VTM.GOLD.be,VTM Gold,True,1,ok
VTM Non-Stop 90s,BE & NL,,XVTM.NON-STOP.DOKTERS.be,VTM Non-Stop 90s,False,1,ok
A1 TV,BE & NL,,,A1 TV,False,1,ok
BEATTV,BE & NL,,,BEATTV,False,1,ok
Bel RTL,BE & NL,,,Bel RTL,False,1,ok
BNR Nieuwsradio,BE & NL,,,BNR Nieuwsradio,False,1,ok
BR6 TV,BE & NL,,,BR6 TV,False,1,ok
BX1,BE & NL,XBX1.be,XBX1.be,BX1,True,1,ok
192 TV NL,BE & NL,,,192 TV NL,False,1,ok
24Kitchen,BE & NL,X24Kitchen.nl,X24Kitchen.nl,24Kitchen,True,1,ok
BBC First,BE & NL,,XBBC.First.nl,BBC First,False,1,ok
CANAL+ Action,BE & NL,XCanal+.Action.nl,XCanal+.Action.nl,CANAL+ Action,True,1,ok
Disney Channel,BE & NL,XDisney.Channel.nl,XDisney.Channel.nl,Disney Channel,True,2,ok
Film1 Action,BE & NL,XFilm1.Action.nl,XFilm1.Action.nl,Film1 Action,True,1,ok
Film1 Drama,BE & NL,XFilm1.Drama.nl,XFilm1.Drama.nl,Film1 Drama,True,1,ok
Film1 Family,BE & NL,XFilm1.Family.nl,XFilm1.Family.nl,Film1 Family,True,1,ok
Film1 Premiere HD,BE & NL,XFilm.1.Premiere.nl,XFilm.1.Premiere.nl,Film1 Premiere HD,True,1,ok
Filmbox NL HD,BE & NL,,XFilmbox.nl.nl,Filmbox NL HD,False,1,ok
History NL,BE & NL,XHISTORY.nl,XHISTORY.nl,History NL,True,1,ok
Love Nature HD BNL,BE & NL,XLove.Nature.nl,XLove.Nature.nl,Love Nature HD BNL,True,1,ok
NET5 HD,BE & NL,XNET.5.nl,XNET.5.nl,NET5 HD,True,1,ok
NGC HD,BE & NL,,,NGC HD,False,1,ok
NPO1 HD,BE & NL,XNPO.1.nl,XNPO.1.nl,NPO1 HD,True,1,ok
NPO2 HD,BE & NL,XNPO.2.nl,XNPO.2.nl,NPO2 HD,True,1,ok
NPO3 HD,BE & NL,XNPO.3.nl,XNPO.3.nl,NPO3 HD,True,1,ok
National Geographic Wild,BE & NL,XNational.Geographic.nl,XNational.Geographic.nl,National Geographic Wild,True,1,ok
ONS,BE & NL,XONS.nl,XONS.nl,ONS,True,1,ok
Omroep Brabant Televisie,BE & NL,XOmroep.Brabant.nl,XOmroep.Brabant.nl,Omroep Brabant Televisie,True,1,ok
Omrop Fryslan Televisie,BE & NL,XOmrop.Fryslân.nl,XOmrop.Fryslân.nl,Omrop Fryslan Televisie,True,1,ok
Oost,BE & NL,Oost.nl,Oost.nl,Oost,True,1,ok
RTL Z,BE & NL,XRTL.Z.nl,XRTL.Z.nl,RTL Z,True,1,ok
RTL4 HD,BE & NL,XRTL.4.nl,XRTL.4.nl,RTL4 HD,True,1,ok
RTL5 HD,BE & NL,XRTL.5.nl,XRTL.5.nl,RTL5 HD,True,1,ok
RTL7 HD,BE & NL,XRTL.7.nl,XRTL.7.nl,RTL7 HD,True,1,ok
RTL8 HD,BE & NL,XRTL.8.nl,XRTL.8.nl,RTL8 HD,True,1,ok
SBS6 HD,BE & NL,XSBS.6.nl,XSBS.6.nl,SBS6 HD,True,1,ok
Star Channel,BE & NL,XSTAR.Channel.nl,XSTAR.Channel.nl,Star Channel,True,1,ok
TV Drenthe,BE & NL,TV.Drenthe.be,TV.Drenthe.be,TV Drenthe,True,1,ok
TV Gelderland,BE & NL,TV.Gelderland.be,TV.Gelderland.be,TV Gelderland,True,1,ok
TV Noord,BE & NL,,XTV.Noord.nl,TV Noord,False,1,ok
TV Oranje,BE & NL,TV.Oranje.be,TV.Oranje.be,TV Oranje,True,1,ok
VRT 1,BE & NL,XVRT.1.nl,XVRT.1.nl,VRT 1,True,1,ok
VRT Canvas HD,BE & NL,XVRT.Canvas.nl,XVRT.Canvas.nl,VRT Canvas HD,True,1,ok
Veronica/DisneyXD HD,BE & NL,,XVeronica/Disney.XD.nl,Veronica/DisneyXD HD,False,1,ok
Viaplay TV,BE & NL,XViaplay.TV.nl,XViaplay.TV.nl,Viaplay TV,True,1,ok
ESPN HD,BE & NL,XESPN.1.nl,XESPN.1.nl,ESPN HD,True,1,ok
ESPN 2 HD,BE & NL,XESPN.2.nl,XESPN.2.nl,ESPN 2 HD,True,1,ok
ESPN 4 HD,BE & NL,XESPN.4.nl,XESPN.4.nl,ESPN 4 HD,True,1,ok
Ziggo Sport,BE & NL,,XZiggo.Sport.nl,Ziggo Sport,False,1,ok
Ziggo Sport 2,BE & NL,XZiggo.Sport.2.nl,XZiggo.Sport.2.nl,Ziggo Sport 2,True,1,ok
Ziggo Sport 6,BE & NL,XZiggo.Sport.6.nl,XZiggo.Sport.6.nl,Ziggo Sport 6,True,1,ok
Dit is Helmond,BE & NL,,,Dit is Helmond,False,1,ok
LCI HD,BE & NL,,,LCI HD,False,1,ok
RMC Life HD,BE & NL,,,RMC Life HD,False,1,ok
Arte HD,BE & NL,Xarte-hd,Xarte-hd,Arte HD,True,1,ok
TF 1 Series Film HD,BE & NL,,,TF 1 Series Film HD,False,1,ok
TF1,BE & NL,,,TF1,False,1,ok
France 3,BE & NL,,,France 3,False,1,ok
France 2,BE & NL,,,France 2,False,1,ok
France 4,BE & NL,,,France 4,False,1,ok
France 5,BE & NL,,,France 5,False,1,ok
W9 HD,BE & NL,,,W9 HD,False,1,ok
AT5,BE & NL,AT5.nl,AT5.nl,AT5,True,1,ok
WTV,BE & NL,,,WTV,False,1,ok
Ketnet Junior,BE & NL,,,Ketnet Junior,False,1,ok
TV Limburg,BE & NL,,,TV Limburg,False,1,ok
TV Oost,BE & NL,,,TV Oost,False,1,ok
Notele,BE & NL,,,Notele,False,1,ok
Carac 1,BE & NL,,,Carac 1,False,1,ok
Carac 2,BE & NL,,,Carac 2,False,1,ok
Carac 3,BE & NL,,,Carac 3,False,1,ok
Carac 4,BE & NL,,,Carac 4,False,1,ok
Limburg 1,BE & NL,,,Limburg 1,False,1,ok
Qmusic,BE & NL,,,Qmusic,False,1,ok
Antwerpen Live,BE & NL,,,Antwerpen Live,False,1,ok
BFM TV,BE & NL,BFM.TV.be,BFM.TV.be,BFM TV,True,1,ok
BBC Cbeebies HD,UK,Xbbc-four-uk,Xbbc-four-uk,BBC Cbeebies HD,True,1,ok
BBC Three,UK,Xbbc-3-uk,Xbbc-3-uk,BBC Three,True,1,ok
BBC Two HD,UK,Xbbc-2-uk,Xbbc-2-uk,BBC Two HD,True,1,ok
ITV 1 HD,UK,ITV1.HD.uk,ITV1.HD.uk,ITV 1 HD,True,1,ok
ITV 2 HD,UK,ITV2.HD.uk,ITV2.HD.uk,ITV 2 HD,True,1,ok
ITV 3 HD,UK,ITV3.HD.uk,ITV3.HD.uk,ITV 3 HD,True,1,ok
ITV 4 HD,UK,ITV4.HD.uk,ITV4.HD.uk,ITV 4 HD,True,1,ok
More4 HD,UK,More4.HD.uk,More4.HD.uk,More4 HD,True,1,ok
E4 HD,UK,E4.HD.uk,E4.HD.uk,E4 HD,True,1,ok
Dave HD,UK,,,Dave HD,False,1,ok
Comedy Central HD,UK,X76742,X76742,Comedy Central HD,True,1,ok
Channel 4 HD,UK,Channel.4.HD.uk,Channel.4.HD.uk,Channel 4 HD,True,1,ok
Channel 5 HD,UK,Channel.5.HD.uk,Channel.5.HD.uk,Channel 5 HD,True,1,ok
Sky Cinema Sci-Fi HD,UK,Sky.Sci-Fi.HD.uk,Sky.Sci-Fi.HD.uk,Sky Cinema Sci-Fi HD,True,1,ok
Sky Cinema Premiere HD,UK,Xsky-cinema-premieren,Xsky-cinema-premieren,Sky Cinema Premiere HD,True,1,ok
Sky Cinema Hits HD,UK,454796,454796,Sky Cinema Hits HD,True,1,ok
Sky Cinema Drama HD,UK,Sky.Drama.HD.uk,Sky.Drama.HD.uk,Sky Cinema Drama HD,True,1,ok
Sky Cinema Greats HD,UK,Sky.Greats.HD.uk,Sky.Greats.HD.uk,Sky Cinema Greats HD,True,1,ok
Sky Cinema Family HD,UK,Xsky-cinema-family,Xsky-cinema-family,Sky Cinema Family HD,True,2,ok
Sky Documentaries HD,UK,454797,454797,Sky Documentaries HD,True,1,ok
Sky History HD,UK,12272,12272,Sky History HD,True,1,ok
Film4 HD,UK,Film4.HD.uk,Film4.HD.uk,Film4 HD,True,1,ok
Viasat History HD,UK,Xviasat-history,Xviasat-history,Viasat History HD,True,2,ok
Animal Planet HD,UK,Xanimal-planet-eu,Xanimal-planet-eu,Animal Planet HD,True,2,ok
Crime Investigation HD,UK,X76667,X76667,Crime Investigation HD,True,1,ok
Viasat Nature HD,UK,,,Viasat Nature HD,False,1,ok
Discovery HD,UK,Xdiscovery-channel,Xdiscovery-channel,Discovery HD,True,1,ok
КТК,Казахстан,Xktk-kz,Xktk-kz,КТК,True,1,ok
AQTOBE,Казахстан,Xaqtobe,Xaqtobe,AQTOBE,True,1,ok
Saryarqa,Казахстан,Xsaryarqa,Xsaryarqa,Saryarqa,True,1,ok
Кинобоевик,Казахстан,Xkinoboevik-kz,Xkinoboevik-kz,Кинобоевик,True,2,ok
Мировое Кино,Казахстан,Xmirovoe-kino-kz,Xmirovoe-kino-kz,Мировое Кино,True,2,ok
Премиум Кино,Казахстан,Xpremium-kino-kz,Xpremium-kino-kz,Премиум Кино,True,2,ok
Семейное Кино,Казахстан,Xsemejnoe-kino-kz,Xsemejnoe-kino-kz,Семейное Кино,True,2,ok
Кинодрама,Казахстан,Xq-kino-hit,Xq-kino-hit,Кинодрама,True,2,ok
Киносериал,Казахстан,Xq-kino-alem,Xq-kino-alem,Киносериал,True,2,ok
Sport+ Qazaqstan,Казахстан,Xsport-plus-kz,Xsport-plus-kz,Sport+ Qazaqstan,True,2,ok
Q Sport League,Казахстан,Xq-sport-ext,Xq-sport-ext,Q Sport League,True,2,ok
Q Arena,Казахстан,Xqsport-kz,Xqsport-kz,Q Arena,True,2,ok
QazSport,Казахстан,Xkazsport,Xkazsport,QazSport,True,2,ok
CNN Türk HD,Турция,Xcnn-turk,Xcnn-turk,CNN Türk HD,True,1,ok
TRT 2,Турция,,Xtrt-2-hd,TRT 2,False,1,ok
TRT Türk,Турция,XTRT.Türk.tr,XTRT.Türk.tr,TRT Türk,True,1,ok
TRT World,Турция,XTRT.World.tr,XTRT.World.tr,TRT World,True,1,ok
TRT Haber HD,Турция,Xtrt-haber-hd,Xtrt-haber-hd,TRT Haber HD,True,1,ok
Haber Global HD TUR,Турция,,XHaber.Global.tr,Haber Global HD TUR,False,1,ok
Mega TV,Турция,,,Mega TV,False,2,ok
TRT Çocuk,Турция,,XTRT.Çocuk.tr,TRT Çocuk,False,1,ok
TRT Kurdî,Турция,,XTRT.Kurdî.tr,TRT Kurdî,False,1,ok
TRT Eba Ortaokul,Турция,,XTRT.Eba.tr,TRT Eba Ortaokul,False,1,ok
TRT Avaz,Турция,Xtrt-avaz,Xtrt-avaz,TRT Avaz,True,1,ok
TRT Arabi,Турция,,XTRT.Arabi.tr,TRT Arabi,False,1,ok
TRT Sport Yildiz HD TR,Турция,,XTRT.Spor.Yıldız.tr,TRT Sport Yildiz HD TR,False,1,ok
Halk TV,Турция,,XHalk.TV.tr,Halk TV,False,1,ok
Kanal D HD,Турция,Xkanal-d-hd,Xkanal-d-hd,Kanal D HD,True,1,ok
Star TV HD TR,Турция,Xstar-tv-hd-tr,Xstar-tv-hd-tr,Star TV HD TR,True,1,ok
TRT Müzik,Турция,,XTRT.Müzik.tr,TRT Müzik,False,1,ok
PowerTürk,Турция,,,PowerTürk,False,1,ok
PowerTürk Slow,Турция,,,PowerTürk Slow,False,1,ok
PowerTürk Akustik,Турция,,,PowerTürk Akustik,False,1,ok
PowerTürk Taptaze,Турция,,,PowerTürk Taptaze,False,1,ok
Power,Турция,,,Power,False,1,ok
Power Dance,Турция,,,Power Dance,False,1,ok
Power Love,Турция,,,Power Love,False,1,ok
Xazar TV AZ,Азербайджан,,,Xazar TV AZ,False,1,ok
Medeniyyet AZ,Азербайджан,,,Medeniyyet AZ,False,1,ok
Ictimai TV AZ,Азербайджан,,,Ictimai TV AZ,False,1,ok
AzTV AZ,Азербайджан,,,AzTV AZ,False,1,ok
Space TV AZ,Азербайджан,,,Space TV AZ,False,1,ok
Real TV HD AZ,Азербайджан,,,Real TV HD AZ,False,1,ok
Dunya TV AZ,Азербайджан,,,Dunya TV AZ,False,1,ok
GUNAZ TV AZ,Азербайджан,,,GUNAZ TV AZ,False,1,ok
CBC Azerbaijan TV HD AZ,Азербайджан,,,CBC Azerbaijan TV HD AZ,False,1,ok
ATV Azerbaijan HD AZ,Азербайджан,,,ATV Azerbaijan HD AZ,False,1,ok
CBC Sport AZ,Азербайджан,,,CBC Sport AZ,False,1,ok
Idman AZ,Азербайджан,,,Idman AZ,False,1,ok
+BAKU TV,Азербайджан,,,+BAKU TV,False,1,ok
Topaz 2 AZ,Азербайджан,,,Topaz 2 AZ,False,1,ok
Armenia 1,Армения,Xh1-am,Xh1-am,Armenia 1,True,1,ok
ARTN,Армения,,Xartn-am,ARTN,False,1,ok
USArmenia,Армения,,,USArmenia,False,1,ok
AABC,Армения,,,AABC,False,1,ok
High Vision,Армения,,,High Vision,False,1,ok
Blue Hustler TV,Для взрослых,Xblue-hustler,Xblue-hustler,Blue Hustler TV,True,1,ok
Hustler HD,Для взрослых,Xhustler-hd,Xhustler-hd,Hustler HD,True,1,ok
Hustler TV,Для взрослых,Xhustler-hd,Xhustler-hd,Hustler TV,True,1,ok
Playboy,Для взрослых,Xplayboy-tv,Xplayboy-tv,Playboy,True,1,ok
Eroxxx HD,Для взрослых,Xeroxxxhd,Xeroxxxhd,Eroxxx HD,True,1,ok
Brazzers TV HD,Для взрослых,Xbrazzers-tv-europe,Xbrazzers-tv-europe,Brazzers TV HD,True,1,ok
Brazzers TV Europe,Для взрослых,Xbrazzers-tv-europe,Xbrazzers-tv-europe,Brazzers TV Europe,True,1,ok
Barely Legal,Для взрослых,Xbarely-legal,Xbarely-legal,Barely Legal,True,1,ok
Babes TV HD,Для взрослых,Xbabes-tv,Xbabes-tv,Babes TV HD,True,1,ok
Red Lips,Для взрослых,Xredlips,Xredlips,Red Lips,True,2,ok
Vivid Red HD,Для взрослых,Xvivid-red,Xvivid-red,Vivid Red HD,True,1,ok
Dorcel HD,Для взрослых,Xdorcel,Xdorcel,Dorcel HD,True,1,ok
Red Lips,Для взрослых,Xredlips,Xredlips,Red Lips,True,2,ok
Private TV,Для взрослых,Xprivate-tv,Xprivate-tv,Private TV,True,1,ok
Exxxotica HD,Для взрослых,Xexxxotica,Xexxxotica,Exxxotica HD,True,1,ok
Russian HD,Для взрослых,,,Russian HD,False,1,ok
Русская Ночь,Для взрослых,Xrusskaya-noch,Xrusskaya-noch,Русская Ночь,True,1,ok
Anal,Для взрослых,,,Anal,False,1,ok
Redlight HD,Для взрослых,Xredlight-hd,Xredlight-hd,Redlight HD,True,1,ok
ОХ-АХ HD,Для взрослых,,,,False,1,ok
Penthouse Reality TV,Для взрослых,penthouse-quickies,penthouse-quickies,Penthouse Reality TV,True,1,ok
OLERO Babes,Для взрослых,,,,False,1,ok
Eromania 4K,Для взрослых,Xeromania4k,Xeromania4k,Eromania 4K,True,1,ok
DITV XXX 18+,Для взрослых,,,,False,1,ok
YOSSO TV SEXY,Для взрослых,Xyosso-sexy,Xyosso-sexy,YOSSO TV SEXY,True,1,ok
KBC+100500 (18+),Для взрослых,X42052,X42052,KBC+100500 (18+),True,1,ok
CineManExExEx,Для взрослых,,,,False,1,ok
CineManExExEx TWO,Для взрослых,,,,False,1,ok
TVPlay Наше XXX,Для взрослых,tvplay-nashexxx,tvplay-nashexxx,TVPlay Наше XXX,True,1,ok
Kinoerotica HD,Для взрослых,,,,False,1,ok
Velilla TV Adult Channel HD,Для взрослых,velillatvadult,velillatvadult,Velilla TV Adult Channel HD,True,1,ok
Velilla TV Hardcore Sex HD,Для взрослых,,velillatvhardcoresex,Velilla TV Hardcore Sex HD,False,1,ok
DDF Network,Для взрослых,,,DDF Network,False,1,ok
